Enter step-size : 0.2
Enter exploration-variable : 4
     1

x-value
         0
    4.8367
    0.6848
    3.1376
    2.6280
         0
    0.0000
    0.0000
    0.0000
         0
         0
    0.0000
         0
    0.0000
         0
         0
    0.0000
    0.0000
    0.0000
    0.0000
         0
    0.0000
    0.0000
         0
         0
    0.0000
         0
         0
         0
         0
    0.0000
    0.0000
         0
         0
         0
         0
  109.5486

  -1.0000e+09

    2.2997

End of this iteration
x-value
         0
    4.9284
    0.5882
    3.1713
    2.6679
         0
    0.0000
         0
    0.0000
         0
         0
    0.0000
    0.0000
         0
         0
         0
         0
    0.0000
    0.0000
         0
    0.0000
    0.0000
    0.0000
         0
         0
    0.0000
         0
    0.0000
    0.0000
         0
         0
    0.0000
         0
         0
         0
         0
  116.2686

  -1.0000e+09

    2.4117

End of this iteration
x-value
    0.0000
    5.1050
    0.4091
    3.2013
    2.6706
    0.0000
         0
         0
         0
    0.0000
         0
         0
    0.0000
         0
         0
    0.0000
         0
         0
         0
         0
    0.0000
         0
    0.0000
    0.0000
    0.0000
         0
    0.0000
    0.0000
         0
         0
    0.0000
    0.0000
    0.0000
    0.9741
    0.0000
    0.0000
  129.2237

  -1.0000e+09

    2.4120

End of this iteration
x-value
    0.0000
    5.1263
    0.4502
    3.2557
    2.6235
    0.0000
         0
    0.0000
    0.0000
    0.0000
         0
    0.0000
         0
         0
    0.0000
    0.0000
    0.0000
         0
    0.0000
    0.0000
    0.0000
    0.0000
         0
    0.0000
    0.0000
         0
    0.0000
    0.0000
         0
         0
         0
         0
         0
    0.0000
    0.0000
    0.0000
  127.8568

  -1.0000e+09

    2.4251

End of this iteration
x-value
    0.0000
    5.1263
    0.4502
    3.2557
    2.6235
    0.0000
         0
    0.0000
         0
         0
         0
         0
    0.0000
         0
         0
         0
         0
    0.0000
         0
         0
         0
         0
    0.0000
         0
         0
         0
    0.0000
         0
         0
         0
    0.0000
         0
    0.0000
         0
         0
    0.0000
  127.8568

  -1.0000e+09

    2.4251

End of this iteration
x-value
    0.0000
    4.8290
    0.7076
    3.1286
    2.6176
         0
         0
         0
         0
    0.0000
         0
         0
         0
         0
    0.0000
         0
    0.0000
    0.0000
         0
    0.0000
    0.0000
    0.0000
    0.0000
    0.0000
         0
         0
    0.0000
    0.0000
         0
         0
         0
         0
         0
    0.8968
    0.0000
         0
  108.4370

  -1.0000e+09

    2.2975

End of this iteration
x-value
         0
    5.1263
    0.4502
    3.2557
    2.6235
    0.0000
    0.0000
    0.0000
    0.0000
    0.0000
    0.0000
    0.0000
    0.0000
         0
    0.0000
    0.0000
         0
         0
         0
    0.0000
    0.0000
    0.0000
    0.0000
         0
    0.0000
    0.0000
    0.0000
    0.0000
    0.0000
         0
    0.0000
         0
    0.0000
         0
    0.0000
    0.0000
  127.8568

  -1.0000e+09

    2.4251

End of this iteration
x-value
         0
    4.8541
    0.6332
    3.1569
    2.6513
         0
         0
    0.0000
         0
         0
    0.0000
         0
    0.0000
    0.0000
         0
         0
    0.0000
    0.0000
    0.0000
         0
    0.0000
         0
    0.0000
         0
    0.0000
         0
    0.0000
         0
    0.0000
         0
         0
         0
         0
         0
         0
         0
  112.0665

  -1.0000e+09

    2.3048

End of this iteration
x-value
         0
    4.8654
    0.6384
    3.1526
    2.6537
         0
    0.0000
    0.0000
         0
         0
         0
    0.0000
         0
    0.0000
         0
         0
    0.0000
         0
         0
    0.0000
         0
         0
         0
         0
    0.0000
         0
    0.0000
         0
    0.0000
         0
    0.0000
    0.0000
         0
    0.3890
    0.0000
         0
  112.2652

  -1.0000e+09

    2.3106

End of this iteration
x-value
         0
    5.1750
    0.3002
    3.3716
    2.5585
         0
         0
    0.0000
    0.0000
         0
    0.0000
    0.0000
    0.0000
    0.0000
   -0.0000
    0.0000
         0
    0.0000
    0.0000
         0
         0
    0.0000
         0
    0.0000
         0
         0
    0.0000
    0.0000
    0.0000
    0.0000
    0.0000
    0.0000
   -0.0000
         0
         0
         0
  134.6852

  -1.0000e+09

    2.4392

End of this iteration
x-value
         0
    5.1263
    0.4502
    3.2557
    2.6235
    0.0000
    0.0000
         0
         0
    0.0000
    0.0000
         0
    0.0000
         0
         0
    0.0000
    0.0000
    0.0000
         0
    0.0000
         0
         0
    0.0000
    0.0000
    0.0000
    0.0000
    0.0000
         0
    0.0000
    0.0000
         0
    0.0000
    0.0000
    0.0000
    0.0000
    0.0000
  127.8568

  -1.0000e+09

    2.4251

End of this iteration
x-value
    1.2514
    3.8270
    1.4318
    2.5271
    2.9937
         0
    0.0000
    0.0000
         0
    0.0000
         0
    0.0000
    0.0000
         0
    0.0000
    0.0000
         0
         0
    0.0000
    0.0000
    0.0000
    0.0000
    0.0000
    0.0000
         0
    0.0000
    0.0000
         0
         0
         0
         0
         0
         0
    0.9718
    0.0000
    0.0000
  143.3430

  -1.0000e+09

    3.0403

End of this iteration
x-value
    0.0000
    4.8541
    0.6332
    3.1569
    2.6513
    0.0000
    0.0000
    0.0000
    0.0000
         0
    0.0000
         0
         0
         0
    0.0000
         0
         0
    0.0000
    0.0000
    0.0000
         0
         0
    0.0000
    0.0000
         0
         0
    0.0000
    0.0000
         0
    0.0000
    0.0000
         0
         0
    0.9690
         0
    0.0000
  112.0665

  -1.0000e+09

    2.3048

End of this iteration
x-value
         0
    5.1750
    0.3002
    3.3716
    2.5585
         0
    0.0000
    0.0000
    0.0000
    0.0000
    0.0000
    0.0000
    0.0000
         0
         0
         0
         0
         0
    0.0000
    0.0000
    0.0000
         0
    0.0000
         0
    0.0000
    0.0000
    0.0000
    0.0000
         0
         0
         0
    0.0000
    0.0000
    0.0000
    0.0000
    0.0000
  281.1286

  -1.0000e+09

    2.4392

End of this iteration
x-value
         0
    5.1298
    0.4381
    3.2769
    2.6094
    0.0000
         0
         0
         0
    0.0000
         0
    0.0000
    0.0000
         0
    0.0000
    0.0000
         0
    0.0000
         0
    0.0000
         0
         0
         0
    0.0000
         0
    0.0000
    0.0000
         0
         0
   -0.0000
    0.0000
         0
    0.0000
    0.0000
    0.0000
    0.0000
  128.3072

  -1.0000e+09

    2.4261

End of this iteration
x-value
    0.0000
    4.8367
    0.6848
    3.1376
    2.6280
    0.0000
    0.0000
    0.0000
         0
         0
         0
         0
         0
         0
         0
    0.0000
         0
    0.0000
    0.0000
         0
    0.0000
         0
         0
    0.0000
    0.0000
    0.0000
         0
    0.0000
    0.0000
         0
         0
         0
         0
    0.4568
    0.0000
    0.0000
  109.5486

  -1.0000e+09

    2.2997

End of this iteration
x-value
    0.0000
    5.1263
    0.4502
    3.2557
    2.6235
    0.0000
         0
    0.0000
    0.0000
         0
         0
         0
         0
         0
         0
         0
    0.0000
         0
    0.0000
         0
    0.0000
    0.0000
         0
    0.0000
         0
    0.0000
         0
    0.0000
         0
         0
    0.0000
    0.0000
         0
         0
         0
         0
  127.8568

  -1.0000e+09

    2.4251

End of this iteration
x-value
    0.0000
    5.1771
    0.2925
    3.3918
    2.5217
    0.0000
         0
    0.0000
         0
    0.0000
   -0.0000
         0
         0
    0.0000
    0.0000
    0.0000
    0.0000
    0.0000
    0.0000
    0.0000
         0
   -0.0000
   -0.0000
         0
   -0.0000
         0
    0.0000
    0.0000
    0.0000
    0.0000
    0.0000
         0
    0.0000
    0.0000
    0.0000
    0.0000
  134.9161

  -1.0000e+09

    2.4398

End of this iteration
x-value
    0.0000
    5.1263
    0.4502
    3.2557
    2.6235
    0.0000
    0.0000
         0
         0
    0.0000
    0.0000
    0.0000
    0.0000
         0
    0.0000
    0.0000
    0.0000
    0.0000
         0
         0
         0
         0
         0
         0
    0.0000
    0.0000
    0.0000
         0
    0.0000
    0.0000
         0
         0
         0
         0
         0
         0
  127.8568

  -1.0000e+09

    2.4251

End of this iteration
x-value
    0.0000
    5.1263
    0.4502
    3.2557
    2.6235
    0.0000
         0
         0
         0
    0.0000
    0.0000
    0.0000
   -0.0000
    0.0000
    0.0000
         0
         0
    0.0000
         0
         0
         0
         0
    0.0000
    0.0000
    0.0000
    0.0000
    0.0000
         0
   -0.0000
    0.0000
    0.0000
         0
    0.0000
    0.0000
    0.0000
         0
  127.8568

  -1.0000e+09

    2.4251

End of this iteration
x-value
         0
    5.1827
    0.2838
    3.3085
    2.6082
         0
         0
         0
    0.0000
    0.0000
         0
    0.0000
         0
         0
         0
    0.0000
    0.0000
         0
    0.0000
    0.0000
    0.0000
         0
         0
    0.0000
    0.0000
         0
         0
    0.0000
         0
    0.0000
    0.0000
         0
         0
   -0.0000
         0
    0.0000
  136.0887

  -1.0000e+09

    2.4417

End of this iteration
x-value
    0.0000
    4.8539
    0.6726
    3.1391
    2.6382
    0.0000
    0.0000
    0.0000
    0.0000
         0
         0
         0
    0.0000
         0
    0.0000
         0
    0.0000
         0
         0
         0
    0.0000
    0.0000
         0
    0.0000
         0
         0
    0.0000
    0.0000
         0
         0
         0
         0
         0
    0.4140
    0.0000
         0
  110.6055

  -1.0000e+09

    2.3073

End of this iteration
x-value
    0.0000
    4.9918
    0.6826
    2.7039
    2.6965
    0.0000
    0.0000
         0
    0.0001
    0.6799
    0.0000
    0.0000
         0
         0
    0.6117
    0.0000
    0.0000
    0.0000
         0
    0.0000
         0
    0.1765
    0.0365
    0.0000
    0.0000
         0
    0.4990
    0.0000
    0.0000
    0.0000
    0.0000
    0.0475
    0.0000
    1.5052
         0
    0.0000
  109.7820

  -1.0000e+09

    2.3811

End of this iteration
x-value
    0.0000
    5.1263
    0.4502
    3.2557
    2.6235
    0.0000
    0.0000
    0.0000
         0
    0.0000
         0
         0
         0
         0
    0.0000
    0.0000
         0
    0.0000
    0.0000
         0
    0.0000
    0.0000
    0.0000
         0
    0.0000
         0
    0.0000
         0
    0.0000
    0.0000
         0
         0
    0.0000
    0.0000
         0
    0.0000
  127.8568

  -1.0000e+09

    2.4251

End of this iteration
x-value
         0
    4.8554
    0.6683
    3.1408
    2.6401
         0
    0.0000
         0
         0
         0
         0
    0.0000
    0.0000
         0
    0.0000
         0
         0
         0
    0.0000
         0
    0.0000
         0
    0.0000
    0.0000
    0.0000
    0.0000
         0
         0
         0
         0
    0.0000
    0.0000
         0
    0.0817
         0
         0
  110.8148

  -1.0000e+09

    2.3077

End of this iteration
x-value
         0
    5.1263
    0.4502
    3.2557
    2.6235
    0.0000
    0.0000
    0.0000
         0
         0
         0
    0.0000
    0.0000
    0.0000
         0
         0
         0
    0.0000
         0
         0
         0
    0.0000
         0
         0
         0
    0.0000
         0
    0.0000
    0.0000
    0.0000
         0
    0.0000
    0.0000
    0.0000
         0
   -0.0000
  127.8568

  -1.0000e+09

    2.4251

End of this iteration
x-value
    0.0000
    5.2024
    0.2489
    3.4740
    2.3856
         0
         0
    0.0000
    0.0000
         0
    0.0000
    0.0000
         0
    0.0000
         0
         0
         0
    0.0000
    0.0000
    0.0000
         0
   -0.0000
    0.0000
         0
         0
         0
         0
         0
    0.0000
         0
         0
         0
    0.0000
         0
    0.0000
         0
  136.9228

  -1.0000e+09

    2.4494

End of this iteration
x-value
         0
    5.1263
    0.4502
    3.2557
    2.6235
         0
         0
         0
         0
         0
         0
    0.0000
         0
         0
         0
         0
         0
    0.0000
         0
    0.0000
    0.0000
         0
    0.0000
    0.0000
         0
         0
    0.0000
    0.0000
         0
    0.0000
    0.0000
    0.0000
         0
    0.0000
    0.0000
    0.0000
  127.8568

  -1.0000e+09

    2.4251

End of this iteration
x-value
    0.0000
    4.8669
    0.6339
    3.1516
    2.6551
         0
         0
    0.0000
         0
    0.0000
         0
    0.0000
         0
         0
    0.0000
         0
         0
         0
         0
    0.0000
         0
         0
    0.0000
    0.0000
         0
    0.0000
         0
    0.0000
         0
    0.0000
         0
    0.0000
    0.0000
    1.0174
    0.0000
         0
  112.5073

  -1.0000e+09

    2.3111

End of this iteration
x-value
         0
    4.8539
    0.6726
    3.1391
    2.6382
    0.0000
    0.0000
    0.0000
    0.0000
         0
         0
    0.0000
         0
    0.0000
    0.0000
         0
    0.0000
    0.0000
         0
         0
         0
         0
         0
         0
    0.0000
    0.0000
         0
         0
         0
         0
         0
    0.0000
         0
    1.0640
         0
         0
  110.6055

  -1.0000e+09

    2.3073

End of this iteration
x-value
    0.0000
    5.1843
    0.2659
    3.4620
    2.3936
    0.0000
         0
         0
    0.0000
    0.0000
    0.0000
         0
    0.0000
    0.0000
         0
    0.0000
    0.0000
    0.0000
    0.0000
         0
         0
    0.0000
         0
         0
    0.0000
    0.0000
    0.0000
         0
         0
    0.0000
         0
         0
         0
    1.5452
         0
    0.0000
  236.1616

  -1.0000e+09

    2.4417

End of this iteration
x-value
         0
    5.1292
    0.4399
    3.2775
    2.5867
         0
         0
    0.0000
         0
    0.0000
         0
    0.0000
         0
    0.0000
         0
    0.0000
    0.0000
         0
    0.0000
         0
         0
         0
    0.0000
    0.0000
    0.0000
    0.0000
         0
    0.0000
    0.0000
         0
    0.0000
    0.0000
         0
    1.3628
    0.0000
    0.0000
  128.2160

  -1.0000e+09

    2.4277

End of this iteration
x-value
         0
    4.8520
    0.6740
    3.1389
    2.6370
         0
    0.0000
    0.0000
         0
    0.0000
    0.0000
    0.0000
         0
         0
         0
    0.0000
    0.0000
    0.0000
         0
    0.0000
    0.0000
    0.0000
         0
         0
         0
    0.0000
    0.0000
         0
         0
    0.0000
    0.0000
         0
         0
    1.0739
    0.0000
    0.0000
  110.4877

  -1.0000e+09

    2.3065

End of this iteration
x-value
    0.0000
    5.1298
    0.4381
    3.2769
    2.6094
    0.0000
    0.0000
    0.0000
         0
         0
         0
    0.0000
         0
         0
    0.0000
    0.0000
    0.0000
         0
    0.0000
         0
         0
         0
         0
    0.0000
         0
    0.0000
    0.0000
         0
    0.0000
         0
         0
         0
    0.0000
    0.0000
    0.0000
    0.0000
  128.3072

  -1.0000e+09

    2.4261

End of this iteration
x-value
         0
    5.1827
    0.2838
    3.3085
    2.6082
    0.0000
    0.0000
         0
         0
   -0.0000
         0
    0.0000
         0
    0.0000
   -0.0000
    0.0000
    0.0000
         0
    0.0000
    0.0000
         0
         0
   -0.0000
         0
         0
         0
         0
         0
    0.0000
    0.0000
    0.0000
         0
    0.0000
         0
    0.0000
         0
  136.0887

  -1.0000e+09

    2.4417

End of this iteration
x-value
   -0.0000
    5.1771
    0.2925
    3.3918
    2.5217
    0.0000
         0
   -0.0000
         0
    0.0000
    0.0000
         0
    0.0000
    0.0000
         0
    0.0000
         0
    0.0000
         0
         0
    0.0000
    0.0000
         0
    0.0000
    0.0000
    0.0000
         0
    0.0000
    0.0000
         0
    0.0000
    0.0000
         0
         0
   -0.0000
    0.0000
  256.6048

  -1.0000e+09

    2.5690

End of this iteration
x-value
    0.0000
    5.1263
    0.4502
    3.2557
    2.6235
         0
         0
         0
         0
    0.0000
    0.0000
         0
         0
         0
    0.0000
    0.0000
         0
         0
    0.0000
    0.0000
         0
    0.0000
         0
    0.0000
         0
         0
         0
    0.0000
    0.0000
         0
         0
    0.0000
    0.0000
    0.0000
    0.0000
         0
  127.8568

  -1.0000e+09

    2.4251

End of this iteration
x-value
         0
    5.1263
    0.4502
    3.2557
    2.6235
    0.0000
    0.0000
         0
    0.0000
    0.0000
         0
    0.0000
    0.0000
    0.0000
    0.0000
    0.0000
         0
    0.0000
         0
         0
    0.0000
         0
    0.0000
         0
         0
         0
    0.0000
    0.0000
    0.0000
         0
    0.0000
         0
         0
         0
         0
    0.0000
  127.8568

  -1.0000e+09

    2.4251

End of this iteration
x-value
    0.0000
    5.1750
    0.3002
    3.3716
    2.5585
         0
         0
         0
    0.0000
    0.0000
    0.0000
         0
         0
         0
    0.0000
    0.0000
    0.0000
    0.0000
    0.0000
    0.0000
         0
    0.0000
         0
         0
    0.0000
         0
    0.0000
    0.0000
    0.0000
    0.0000
    0.0000
   -0.0000
    0.0000
         0
         0
    0.0000
  134.6852

  -1.0000e+09

    2.5720

End of this iteration
x-value
    0.0000
    5.1827
    0.2838
    3.3085
    2.6082
    0.0000
    0.0000
         0
         0
    0.0000
         0
   -0.0000
    0.0000
    0.0000
         0
    0.0000
         0
         0
         0
         0
         0
    0.0000
    0.0000
    0.0000
         0
         0
    0.0000
         0
    0.0000
    0.0000
         0
         0
    0.0000
    0.0000
         0
    0.0000
  136.0887

  -1.0000e+09

    2.4417

End of this iteration
x-value
    0.0000
    5.1771
    0.2925
    3.3918
    2.5217
    0.0000
    0.0000
    0.0000
   -0.0000
         0
    0.0000
         0
         0
   -0.0000
         0
    0.0000
    0.0000
    0.0000
    0.0000
    0.0000
         0
         0
    0.0000
         0
         0
    0.0000
         0
    0.0000
         0
         0
    0.0000
    0.0000
         0
    0.0000
         0
         0
  134.9161

  -1.0000e+09

    2.4398

End of this iteration
x-value
         0
    5.1263
    0.4502
    3.2557
    2.6235
         0
    0.0000
    0.0000
    0.0000
    0.0000
    0.0000
    0.0000
    0.0000
    0.0000
    0.0000
         0
    0.0000
    0.0000
         0
         0
         0
    0.0000
    0.0000
         0
         0
         0
    0.0000
         0
         0
         0
    0.0000
    0.0000
    0.0000
    0.0000
         0
    0.0000
  127.8568

  -1.0000e+09

    2.4251

End of this iteration
x-value
    0.7524
    4.3702
    1.0401
    2.7040
    3.0076
         0
    0.0000
         0
         0
    0.0000
    0.0000
         0
    0.0000
         0
    0.0000
         0
    0.0000
    0.0000
    0.0000
         0
         0
         0
         0
    0.0000
         0
         0
    0.0000
    0.0000
         0
    0.0000
    0.0000
         0
    0.0000
    0.0000
    0.0000
    0.0000
  147.1734

  -1.0000e+09

    2.8069

End of this iteration
x-value
         0
    5.0754
    0.5099
    3.1853
    2.6679
         0
    0.0000
    0.0000
    0.0000
         0
    0.0000
    0.0000
         0
    0.0000
         0
         0
    0.0000
    0.0000
    0.0000
         0
         0
         0
         0
    0.0000
    0.0000
         0
         0
         0
    0.0000
    0.0000
         0
         0
    0.0000
         0
    0.0000
    0.0000
  124.2731

  -1.0000e+09

    2.4042

End of this iteration
x-value
         0
    4.8654
    0.6384
    3.1526
    2.6537
    0.0000
         0
    0.0000
         0
    0.0000
         0
         0
         0
         0
    0.0000
    0.0000
    0.0000
         0
         0
         0
    0.0000
         0
         0
    0.0000
         0
    0.0000
    0.0000
    0.0000
         0
         0
         0
         0
         0
    0.2820
         0
         0
  112.2652

  -1.0000e+09

    2.3106

End of this iteration
x-value
    1.3322
    3.8990
    0.0036
    2.6328
    2.9984
         0
         0
    0.0000
    2.5469
    0.0000
    0.0000
    0.0000
    0.0000
    0.0000
         0
    0.7361
         0
         0
    0.0000
         0
    0.0343
    0.8342
         0
         0
         0
         0
         0
         0
    0.0000
         0
         0
    0.0730
    1.3666
    2.1563
    0.0000
         0
  120.9965

  -1.0000e+09

    3.1849

End of this iteration
x-value
    0.6565
    4.0435
    1.1010
    2.7332
    2.6981
    0.0000
         0
         0
         0
    0.4389
         0
    0.0000
         0
         0
    0.0000
         0
    0.0000
         0
    0.0000
    0.0000
         0
    0.0000
         0
         0
    0.0000
         0
         0
    0.0000
         0
    0.0000
         0
         0
         0
         0
         0
         0
  109.3317

  -1.0000e+09

    2.5625

End of this iteration
x-value
    0.0000
    4.9746
    0.5980
    3.1250
    2.7009
         0
         0
    0.0000
         0
    0.0000
    0.0000
         0
         0
    0.0000
    0.0000
    0.0000
         0
    0.0000
    0.0000
    0.0000
         0
         0
         0
         0
    0.0000
         0
    0.0000
    0.0000
    0.0000
    0.0000
         0
         0
    0.0000
         0
    0.0000
    0.0000
  117.7776

  -1.0000e+09

    2.3609

End of this iteration
x-value
    0.0000
    5.1750
    0.3002
    3.3716
    2.5585
         0
         0
         0
         0
    0.0000
    0.0000
         0
         0
    0.0000
         0
    0.0000
         0
    0.0000
    0.0000
         0
         0
    0.0000
         0
    0.0000
         0
    0.0000
    0.0000
         0
    0.0000
         0
         0
         0
   -0.0000
         0
    0.0000
    0.0000
  134.6852

  -1.0000e+09

    2.4392

End of this iteration
x-value
         0
    4.8669
    0.6339
    3.1516
    2.6551
         0
    0.0000
         0
    0.0000
    0.0000
         0
         0
    0.0000
    0.0000
         0
         0
         0
    0.0000
         0
    0.0000
         0
    0.0000
    0.0000
         0
         0
         0
    0.0000
         0
    0.0000
    0.0000
         0
         0
    0.0191
         0
    0.0000
         0
  112.5073

  -1.0000e+09

    2.3111

End of this iteration
x-value
    0.0000
    5.1257
    0.4507
    3.2554
    2.6237
         0
    0.0000
    0.0000
    0.0000
    0.0000
         0
    0.0000
         0
         0
         0
         0
    0.0000
    0.0000
         0
    0.0000
         0
    0.0000
         0
    0.0000
    0.0000
         0
         0
    0.0000
    0.0000
    0.0000
         0
    0.0000
    0.0000
    0.0000
         0
         0
  127.8198

  -1.0000e+09

    2.4249

End of this iteration
x-value
         0
    5.2008
    0.3862
    3.2974
    2.6012
         0
    0.0000
    0.0000
         0
    0.0000
    0.0000
    0.0000
    0.0000
         0
         0
    0.0000
         0
         0
    0.0000
    0.0000
    0.0000
    0.0000
    0.0000
         0
         0
         0
   -0.0000
         0
    0.0000
         0
    0.0000
    0.0000
    0.0000
         0
   -0.0000
    0.0000
  132.6354

  -1.0000e+09

    2.4572

End of this iteration
x-value
         0
    4.8387
    0.1431
    3.1659
    2.5882
         0
    0.0000
    0.0000
    1.0391
    0.0000
    0.0000
    0.0000
         0
    0.0000
    0.0000
         0
         0
    0.0000
    0.0000
         0
         0
    0.0000
         0
         0
         0
         0
    0.0000
    0.0000
         0
    0.0000
         0
    0.0000
         0
    0.0000
         0
    0.0000
   97.9360

  -1.0000e+09

    2.3168

End of this iteration
x-value
         0
    4.8702
    0.6240
    3.1583
    2.6603
         0
    0.0000
    0.0000
         0
         0
         0
         0
         0
         0
    0.0000
    0.0000
         0
         0
         0
         0
         0
    0.0000
    0.0000
    0.0000
    0.0000
         0
         0
         0
         0
    0.0000
    0.0000
         0
         0
    1.5452
         0
    0.0000
  112.9671

  -1.0000e+09

    2.3120

End of this iteration
x-value
    0.0000
    5.1750
    0.3002
    3.3716
    2.5585
    0.0000
    0.0000
    0.0000
         0
         0
         0
    0.0000
         0
         0
    0.0000
         0
         0
         0
    0.0000
    0.0000
    0.0000
    0.0000
         0
         0
         0
    0.0000
   -0.0000
    0.0000
         0
    0.0000
    0.0000
    0.0000
    0.0000
    0.0000
         0
    0.0000
  134.6852

  -1.0000e+09

    2.4392

End of this iteration
x-value
    0.0000
    5.1431
    0.4386
    3.2628
    2.6198
    0.0000
    0.0000
    0.0000
         0
    0.0000
    0.0000
         0
         0
    0.0000
         0
    0.0000
    0.0000
    0.0000
    0.0000
    0.0000
    0.0000
    0.0000
         0
         0
    0.0000
    0.0000
    0.0000
   -0.0000
         0
         0
         0
    0.0000
    0.0000
         0
    0.0000
    0.0000
  128.8368

  -1.0000e+09

    2.4325

End of this iteration
x-value
    0.0000
    5.1635
    0.3411
    3.2851
    2.5516
    0.0000
    0.0000
         0
         0
         0
    0.0000
    0.0000
    0.0000
    0.0000
         0
         0
    0.0000
    0.0000
         0
         0
    0.0000
         0
   -0.0000
         0
    0.0000
    0.0000
    0.0000
         0
         0
         0
         0
         0
   -0.0000
         0
    0.0000
    0.0000
  153.8383

  -1.0000e+09

    2.4361

End of this iteration
x-value
    0.0000
    5.1263
    0.4502
    3.2557
    2.6235
         0
    0.0000
    0.0000
    0.0000
    0.0000
    0.0000
    0.0000
    0.0000
    0.0000
         0
    0.0000
    0.0000
         0
   -0.0000
   -0.0000
    0.0000
    0.0000
         0
    0.0000
    0.0000
         0
    0.0000
         0
    0.0000
    0.0000
    0.0000
         0
         0
         0
    0.0000
         0
  127.8568

  -1.0000e+09

    2.4251

End of this iteration
x-value
         0
    5.1263
    0.4502
    3.2557
    2.6235
         0
    0.0000
         0
         0
    0.0000
    0.0000
    0.0000
    0.0000
    0.0000
    0.0000
         0
         0
         0
    0.0000
         0
    0.0000
    0.0000
    0.0000
    0.0000
         0
         0
         0
         0
    0.0000
    0.0000
    0.0000
         0
    0.0000
    0.0000
         0
         0
  127.8568

  -1.0000e+09

    2.4251

End of this iteration
x-value
    0.0000
    4.8436
    0.6799
    3.1382
    2.6321
    0.0000
         0
    0.0000
         0
         0
    0.0000
         0
         0
         0
         0
    0.0000
         0
         0
         0
    0.0000
    0.0000
         0
         0
         0
         0
         0
    0.0000
         0
         0
         0
         0
    0.0000
    0.0000
         0
    0.0000
    0.0000
  109.9727

  -1.0000e+09

    2.3028

End of this iteration
x-value
         0
    4.8413
    0.7102
    3.1242
    2.6211
         0
         0
         0
         0
    0.0000
    0.0000
    0.0000
    0.0000
         0
         0
    0.0000
         0
         0
         0
         0
         0
    0.0000
    0.0000
    0.0000
         0
         0
         0
    0.0000
         0
         0
    0.0000
    0.0000
    0.0000
    0.9789
         0
    0.0000
  108.7782

  -1.0000e+09

    2.3036

End of this iteration
x-value
    0.7465
    4.3808
    1.0187
    2.7458
    2.9276
         0
    0.0000
         0
         0
    0.0000
    0.0000
    0.0000
         0
         0
         0
    0.0000
         0
    0.0000
         0
         0
   -0.0000
    0.0000
    0.0000
         0
    0.0000
         0
    0.0000
    0.0000
    0.0000
    0.0000
         0
    0.0000
    0.0000
    0.0000
         0
         0
  139.6333

  -1.0000e+09

    2.7365

End of this iteration
x-value
   -0.0000
    5.1263
    0.4502
    3.2557
    2.6235
    0.0000
    0.0000
    0.0000
    0.0000
    0.0000
    0.0000
         0
         0
         0
    0.0000
         0
    0.0000
         0
    0.0000
         0
    0.0000
    0.0000
         0
    0.0000
    0.0000
    0.0000
    0.0000
   -0.0000
    0.0000
    0.0000
    0.0000
         0
    0.0000
    0.0000
    0.0000
         0
  127.8568

  -1.0000e+09

    2.4251

End of this iteration
x-value
         0
    5.0908
    0.5428
    3.0720
    2.7478
         0
         0
         0
         0
         0
         0
    0.0000
         0
    0.0000
    0.0000
    0.0000
    0.0000
         0
    0.0000
         0
    0.0000
         0
    0.0000
         0
         0
         0
    0.0000
         0
    0.0000
         0
         0
         0
    0.3231
    1.5336
    0.0000
         0
  124.3216

  -1.0000e+09

    2.4136

End of this iteration
x-value
         0
    5.1263
    0.4502
    3.2557
    2.6235
   -0.0000
    0.0000
    0.0000
         0
    0.0000
    0.0000
    0.0000
    0.0000
         0
    0.0000
         0
         0
    0.0000
    0.0000
    0.0000
         0
         0
    0.0000
         0
    0.0000
         0
   -0.0000
    0.0000
    0.0000
    0.0000
         0
    0.0000
         0
    0.0000
         0
    0.0000
  127.8568

  -1.0000e+09

    2.4251

End of this iteration
x-value
    0.0000
    5.1263
    0.4502
    3.2557
    2.6235
    0.0000
   -0.0000
         0
         0
    0.0000
         0
         0
    0.0000
    0.0000
    0.0000
    0.0000
         0
    0.0000
    0.0000
    0.0000
         0
    0.0000
    0.0000
         0
         0
    0.0000
    0.0000
         0
         0
         0
         0
    0.0000
         0
         0
         0
         0
  127.8568

  -1.0000e+09

    2.4251

End of this iteration
x-value
    0.0000
    5.1263
    0.4502
    3.2557
    2.6235
    0.0000
    0.0000
    0.0000
    0.0000
    0.0000
         0
         0
         0
    0.0000
    0.0000
    0.0000
    0.0000
    0.0000
    0.0000
    0.0000
    0.0000
         0
         0
    0.0000
         0
         0
         0
         0
    0.0000
    0.0000
         0
         0
         0
         0
    0.0000
         0
  127.8568

  -1.0000e+09

    2.4251

End of this iteration
x-value
    0.0000
    5.1328
    0.4277
    3.2986
    2.5724
         0
         0
    0.0000
    0.0000
         0
         0
    0.0000
    0.0000
         0
         0
    0.0000
    0.0000
    0.0000
         0
         0
    0.0000
         0
    0.0000
    0.0000
         0
    0.0000
    0.0000
    0.0000
         0
    0.0000
    0.0000
         0
    0.0000
    0.0000
         0
    0.0000
  128.6675

  -1.0000e+09

    2.4269

End of this iteration
x-value
         0
    5.1750
    0.3002
    3.3716
    2.5585
    0.0000
    0.0000
    0.0000
    0.0000
    0.0000
    0.0000
         0
    0.0000
         0
    0.0000
         0
    0.0000
    0.0000
    0.0000
    0.0000
    0.0000
    0.0000
         0
    0.0000
         0
         0
    0.0000
    0.0000
    0.0000
    0.0000
         0
    0.0000
         0
         0
    0.0000
         0
  134.6852

  -1.0000e+09

    2.4392

End of this iteration
x-value
         0
    5.1298
    0.4381
    3.2769
    2.6094
         0
    0.0000
         0
    0.0000
    0.0000
    0.0000
    0.0000
    0.0000
    0.0000
    0.0000
         0
   -0.0000
    0.0000
         0
   -0.0000
         0
         0
         0
    0.0000
    0.0000
    0.0000
         0
    0.0000
    0.0000
         0
    0.0000
         0
    0.0000
    0.0000
    0.0000
         0
  128.3072

  -1.0000e+09

    2.4261

End of this iteration
x-value
         0
    5.1292
    0.4399
    3.2775
    2.5867
         0
    0.0000
         0
    0.0000
    0.0000
         0
    0.0000
   -0.0000
    0.0000
    0.0000
         0
         0
         0
    0.0000
         0
         0
    0.0000
    0.0000
         0
    0.0000
    0.0000
    0.0000
         0
    0.0000
    0.0000
    0.0000
    0.0000
    0.0000
    0.0000
         0
    0.0000
  128.2161

  -1.0000e+09

    2.4259

End of this iteration
x-value
    0.0000
    5.1263
    0.4502
    3.2557
    2.6235
         0
    0.0000
         0
    0.0000
    0.0000
    0.0000
    0.0000
    0.0000
    0.0000
    0.0000
         0
    0.0000
    0.0000
         0
         0
         0
         0
         0
    0.0000
    0.0000
    0.0000
    0.0000
    0.0000
    0.0000
         0
    0.0000
    0.0000
         0
         0
    0.0000
    0.0000
  127.8568

  -1.0000e+09

    2.4251

End of this iteration
x-value
         0
    4.9718
    0.5993
    3.1262
    2.6997
         0
         0
    0.0000
         0
         0
    0.0000
         0
    0.0000
         0
    0.0000
    0.0000
         0
         0
         0
    0.0000
    0.0000
    0.0000
         0
    0.0000
    0.0000
         0
    0.0000
    0.0000
         0
         0
    0.0000
         0
    0.2062
    1.4412
    0.0000
         0
  117.6197

  -1.0000e+09

    2.3597

End of this iteration
x-value
         0
    5.1263
    0.4502
    3.2557
    2.6235
    0.0000
         0
    0.0000
         0
         0
    0.0000
         0
    0.0000
         0
         0
    0.0000
         0
    0.0000
         0
         0
         0
    0.0000
    0.0000
    0.0000
    0.0000
         0
         0
    0.0000
   -0.0000
         0
    0.0000
         0
    0.0000
   -0.0000
         0
    0.0000
  127.8568

  -1.0000e+09

    2.4251

End of this iteration
x-value
         0
    4.8539
    0.6726
    3.1391
    2.6382
    0.0000
    0.0000
    0.0000
         0
         0
    0.0000
         0
         0
    0.0000
         0
         0
    0.0000
    0.0000
    0.0000
    0.0000
    0.0000
    0.0000
    0.0000
         0
         0
         0
    0.0000
    0.0000
         0
         0
         0
    0.0000
         0
         0
         0
         0
  110.6055

  -1.0000e+09

    2.3073

End of this iteration
x-value
         0
    4.8367
    0.6848
    3.1376
    2.6280
    0.0000
    0.0000
         0
         0
         0
         0
         0
         0
         0
    0.0000
    0.0000
         0
         0
    0.0000
    0.0000
    0.0000
         0
         0
    0.0000
    0.0000
         0
    0.0000
    0.0000
    0.0000
    0.0000
         0
    0.0000
         0
    0.0000
         0
    0.0000
  109.5486

  -1.0000e+09

    2.2997

End of this iteration
x-value
    0.0000
    5.1263
    0.4502
    3.2557
    2.6235
    0.0000
    0.0000
         0
         0
         0
    0.0000
    0.0000
         0
    0.0000
   -0.0000
    0.0000
    0.0000
    0.0000
         0
    0.0000
    0.0000
         0
    0.0000
         0
    0.0000
    0.0000
   -0.0000
         0
    0.0000
         0
    0.0000
   -0.0000
    0.0000
         0
         0
         0
  127.8568

  -1.0000e+09

    2.4251

End of this iteration
x-value
         0
    5.1263
    0.4502
    3.2557
    2.6235
    0.0000
         0
         0
    0.0000
         0
    0.0000
    0.0000
    0.0000
    0.0000
    0.0000
         0
    0.0000
    0.0000
    0.0000
    0.0000
    0.0000
         0
         0
    0.0000
         0
    0.0000
    0.0000
         0
         0
         0
         0
    0.0000
    0.0000
    0.0000
         0
         0
  127.8568

  -1.0000e+09

    2.4251

End of this iteration
x-value
    0.0000
    5.1263
    0.4502
    3.2557
    2.6235
         0
         0
    0.0000
         0
         0
         0
    0.0000
    0.0000
    0.0000
         0
         0
         0
         0
         0
    0.0000
    0.0000
    0.0000
    0.0000
    0.0000
         0
    0.0000
    0.0000
    0.0000
    0.0000
    0.0000
    0.0000
         0
         0
    0.0000
    0.0000
         0
  127.8568

  -1.0000e+09

    2.4251

End of this iteration
x-value
    0.0000
    5.1263
    0.4502
    3.2557
    2.6235
    0.0000
         0
         0
         0
   -0.0000
         0
         0
    0.0000
    0.0000
    0.0000
    0.0000
    0.0000
    0.0000
    0.0000
         0
         0
         0
         0
    0.0000
         0
    0.0000
    0.0000
    0.0000
         0
         0
    0.0000
    0.0000
    0.0000
    0.0000
         0
         0
  127.8568

  -1.0000e+09

    2.4251

End of this iteration
x-value
    0.0000
    4.8869
    0.6243
    3.1427
    2.6633
         0
         0
    0.0000
         0
         0
         0
         0
    0.0000
         0
         0
         0
         0
         0
    0.0000
    0.0000
         0
    0.0000
    0.0000
    0.0000
         0
         0
    0.0000
         0
         0
         0
    0.0000
    0.0000
         0
    0.6873
         0
    0.0000
  113.6376

  -1.0000e+09

    2.3201

End of this iteration
x-value
         0
    4.8539
    0.6726
    3.1391
    2.6382
    0.0000
         0
    0.0000
         0
    0.0000
    0.0000
         0
    0.0000
         0
         0
         0
         0
    0.0000
         0
    0.0000
         0
    0.0000
         0
    0.0000
    0.0000
    0.0000
         0
         0
         0
         0
         0
         0
         0
         0
         0
    0.0000
  110.6055

  -1.0000e+09

    2.3073

End of this iteration
x-value
    0.0000
    4.8227
    0.1335
    3.1720
    2.5834
         0
         0
    0.0000
    1.0503
         0
         0
    0.0000
    0.0000
         0
         0
    0.0000
    0.0000
    0.0000
         0
         0
    0.0000
    0.0000
    0.0000
    0.0000
    0.0000
         0
    0.0000
    0.0000
    0.0000
         0
    0.0000
    0.0000
         0
    0.7036
         0
         0
   97.3794

  -1.0000e+09

    2.3090

End of this iteration
x-value
    0.7465
    4.3808
    1.0187
    2.7458
    2.9276
    0.0000
    0.0000
    0.0000
    0.0000
         0
         0
         0
    0.0000
    0.0000
    0.0000
         0
         0
    0.0000
    0.0000
    0.0000
    0.0000
         0
         0
    0.0000
    0.0000
         0
    0.0000
         0
    0.0000
    0.0000
    0.0000
    0.0000
   -0.0000
    0.0000
    0.0000
         0
  139.6333

  -1.0000e+09

    2.8051

End of this iteration
x-value
   -0.0000
    5.1263
    0.4502
    3.2557
    2.6235
    0.0000
    0.0000
    0.0000
    0.0000
    0.0000
         0
         0
         0
         0
         0
    0.0000
    0.0000
    0.0000
   -0.0000
         0
    0.0000
    0.0000
    0.0000
         0
         0
         0
         0
    0.0000
   -0.0000
   -0.0000
   -0.0000
    0.0000
         0
    0.0000
         0
    0.0000
  127.8568

  -1.0000e+09

    2.4251

End of this iteration
x-value
         0
    5.1263
    0.4502
    3.2557
    2.6235
         0
    0.0000
         0
    0.0000
    0.0000
    0.0000
    0.0000
    0.0000
    0.0000
    0.0000
    0.0000
    0.0000
    0.0000
    0.0000
         0
    0.0000
   -0.0000
    0.0000
         0
    0.0000
    0.0000
    0.0000
         0
         0
    0.0000
    0.0000
    0.0000
    0.0000
    0.0000
         0
    0.0000
  127.8568

  -1.0000e+09

    2.4251

End of this iteration
x-value
    0.0000
    4.8513
    0.6816
    3.1219
    2.6309
         0
         0
         0
         0
         0
         0
         0
         0
         0
    0.0000
         0
         0
    0.0000
    0.0000
    0.0000
         0
    0.0000
    0.0000
         0
         0
    0.0000
         0
         0
         0
    0.0000
    0.0000
         0
         0
    0.1399
    0.0000
         0
  110.2889

  -1.0000e+09

    2.3066

End of this iteration
x-value
         0
    5.2008
    0.3862
    3.2974
    2.6012
    0.0000
    0.0000
         0
         0
         0
    0.0000
    0.0000
         0
    0.0000
    0.0000
         0
    0.0000
    0.0000
    0.0000
         0
    0.0000
    0.0000
    0.0000
         0
    0.0000
    0.0000
         0
    0.0000
    0.0000
    0.0000
         0
         0
    0.0000
    0.0000
         0
         0
  132.6354

  -1.0000e+09

    2.4572

End of this iteration
x-value
         0
    5.1263
    0.4502
    3.2557
    2.6235
         0
    0.0000
         0
    0.0000
         0
         0
    0.0000
    0.0000
         0
         0
         0
         0
         0
    0.0000
   -0.0000
    0.0000
   -0.0000
   -0.0000
    0.0000
    0.0000
    0.0000
         0
    0.0000
         0
         0
         0
    0.0000
    0.0000
    0.0000
    0.0000
    0.0000
  127.8568

  -1.0000e+09

    2.4251

End of this iteration
x-value
    0.0000
    4.8685
    0.6300
    3.1458
    2.6813
         0
         0
         0
    0.0000
    0.0000
    0.0000
         0
         0
         0
    0.0000
         0
    0.0000
         0
   -0.0000
         0
    0.0000
         0
         0
    0.0000
         0
         0
    0.0000
    0.0000
         0
         0
    0.0000
         0
    0.0000
    0.0000
         0
    0.0000
  114.9823

  -1.0000e+09

    2.3116

End of this iteration
x-value
         0
    4.8279
    0.7684
    2.9057
    2.8411
    0.0000
    0.0000
         0
         0
         0
         0
         0
    0.0000
    0.0000
    0.0000
    0.0000
         0
    0.0000
    0.0000
         0
    0.0000
         0
    0.0000
    0.0000
         0
    0.0000
    0.0000
    0.0000
         0
         0
    0.0000
    0.0000
         0
    0.0000
    0.0000
    0.0000
  141.6128

  -1.0000e+09

    2.3004

End of this iteration
x-value
         0
    5.1263
    0.4502
    3.2557
    2.6235
    0.0000
    0.0000
    0.0000
    0.0000
    0.0000
         0
   -0.0000
    0.0000
    0.0000
    0.0000
         0
    0.0000
    0.0000
         0
    0.0000
   -0.0000
    0.0000
    0.0000
    0.0000
   -0.0000
    0.0000
    0.0000
    0.0000
    0.0000
         0
         0
    0.0000
         0
    0.0000
    0.0000
    0.0000
  127.8568

  -1.0000e+09

    2.4251

End of this iteration
x-value
    0.0000
    5.1263
    0.4502
    3.2557
    2.6235
    0.0000
    0.0000
    0.0000
    0.0000
    0.0000
    0.0000
    0.0000
    0.0000
    0.0000
         0
    0.0000
         0
    0.0000
         0
         0
    0.0000
    0.0000
         0
         0
   -0.0000
    0.0000
         0
   -0.0000
    0.0000
         0
    0.0000
    0.0000
         0
         0
    0.0000
         0
  127.8568

  -1.0000e+09

    2.4251

End of this iteration
x-value
         0
    5.0949
    0.5568
    3.0713
    2.7463
         0
         0
         0
         0
         0
         0
    0.0000
    0.0000
    0.0000
         0
    0.0000
         0
    0.0000
    0.0000
         0
    0.0000
    0.0000
         0
         0
    0.0000
    0.0000
         0
         0
    0.0000
    0.0000
    0.0000
    0.0000
         0
         0
         0
         0
  123.8982

  -1.0000e+09

    2.4165

End of this iteration
x-value
    0.0000
    5.1263
    0.4502
    3.2557
    2.6235
    0.0000
         0
    0.0000
         0
    0.0000
         0
    0.0000
    0.0000
         0
    0.0000
   -0.0000
         0
         0
    0.0000
         0
    0.0000
         0
    0.0000
         0
    0.0000
         0
         0
    0.0000
    0.0000
    0.0000
    0.0000
         0
    0.0000
         0
         0
    0.0000
  127.8568

  -1.0000e+09

    2.4251

End of this iteration
x-value
    0.0000
    5.1263
    0.4502
    3.2557
    2.6235
    0.0000
    0.0000
    0.0000
    0.0000
    0.0000
    0.0000
    0.0000
         0
         0
         0
         0
    0.0000
    0.0000
         0
         0
         0
         0
    0.0000
         0
         0
    0.0000
    0.0000
         0
    0.0000
    0.0000
    0.0000
         0
    0.0000
    0.0000
    0.0000
    0.0000
  127.8568

  -1.0000e+09

    2.4251

End of this iteration
x-value
         0
    4.8530
    0.6732
    3.1390
    2.6376
         0
    0.0000
         0
         0
    0.0000
    0.0000
    0.0000
    0.0000
         0
         0
         0
    0.0000
         0
         0
    0.0000
         0
         0
         0
    0.0000
    0.0000
         0
    0.0000
         0
    0.0000
         0
         0
    0.0000
    0.0000
    0.0000
         0
         0
  110.5502

  -1.0000e+09

    2.3069

End of this iteration
x-value
    0.0000
    4.8669
    0.6339
    3.1516
    2.6551
         0
    0.0000
    0.0000
    0.0000
    0.0000
         0
    0.0000
    0.0000
         0
         0
    0.0000
         0
    0.0000
    0.0000
         0
    0.0000
         0
         0
    0.0000
    0.0000
    0.0000
         0
         0
         0
    0.0000
    0.0000
    0.0000
         0
    0.6918
         0
    0.0000
  112.5073

  -1.0000e+09

    2.3111

End of this iteration
x-value
    0.0000
    5.1771
    0.2925
    3.3918
    2.5217
         0
    0.0000
    0.0000
         0
    0.0000
         0
    0.0000
         0
         0
         0
         0
         0
    0.0000
    0.0000
    0.0000
    0.0000
    0.0000
         0
    0.0000
    0.0000
         0
    0.0000
    0.0000
    0.0000
         0
         0
         0
    0.0000
    0.0000
    0.0000
         0
  327.4577

  -1.0000e+09

    2.4398

End of this iteration
x-value
         0
    4.8539
    0.6726
    3.1391
    2.6382
    0.0000
         0
         0
    0.0000
    0.0000
    0.0000
    0.0000
    0.0000
    0.0000
    0.0000
         0
         0
    0.0000
         0
    0.0000
         0
    0.0000
    0.0000
    0.0000
         0
    0.0000
         0
         0
         0
    0.0000
    0.0000
         0
         0
         0
    0.0000
    0.0000
  110.6055

  -1.0000e+09

    2.3073

End of this iteration
x-value
    0.0000
    5.0898
    0.5820
    2.9476
    3.0292
         0
    0.0000
         0
   -0.0000
    0.0000
    0.0000
    0.0000
         0
    0.0000
    0.0000
    0.0000
         0
    0.0000
    0.0000
    0.0000
         0
         0
         0
         0
         0
         0
    0.0000
         0
    0.0000
    0.0000
    0.0000
    0.0000
    0.0000
         0
    0.0000
    0.0000
  150.9092

  -1.0000e+09

    2.4154

End of this iteration
x-value
         0
    4.8539
    0.6726
    3.1391
    2.6382
    0.0000
    0.0000
    0.0000
         0
    0.0000
    0.0000
    0.0000
         0
         0
         0
         0
    0.0000
         0
         0
         0
    0.0000
    0.0000
    0.0000
         0
    0.0000
    0.0000
    0.0000
         0
         0
         0
    0.0000
         0
    0.0034
    0.5455
    0.0000
    0.0000
  110.6055

  -1.0000e+09

    2.9347

End of this iteration
x-value
    0.0000
    5.1263
    0.4502
    3.2557
    2.6235
    0.0000
         0
    0.0000
         0
    0.0000
         0
    0.0000
    0.0000
         0
    0.0000
    0.0000
         0
    0.0000
    0.0000
         0
    0.0000
    0.0000
    0.0000
    0.0000
         0
         0
    0.0000
         0
    0.0000
    0.0000
    0.0000
    0.0000
         0
    0.0000
    0.0000
    0.0000
  127.8568

  -1.0000e+09

    2.4251

End of this iteration
x-value
    0.0000
    4.8911
    0.5601
    3.1997
    2.6511
    0.0000
    0.0000
         0
    0.0000
    0.0000
         0
         0
         0
         0
         0
    0.0000
   -0.0000
    0.0000
    0.0000
         0
         0
    0.0000
         0
    0.0000
         0
         0
    0.0000
    0.0000
         0
         0
    0.0000
    0.0000
    0.0000
         0
    0.0000
    0.0000
  115.9333

  -1.0000e+09

    2.3181

End of this iteration
x-value
    2.0252
    3.0067
    2.0715
    1.8973
    3.6188
    0.0000
    0.0000
    0.0000
    0.0000
    0.0000
         0
         0
    0.0000
         0
         0
         0
         0
         0
    0.0000
    0.0000
    0.0000
         0
    0.0000
    0.0000
         0
    0.0000
    0.0000
    0.0000
    0.0000
    0.0000
    0.0000
    0.0000
    0.0000
         0
         0
         0
  201.7601

  -1.0000e+09

    3.3311

End of this iteration
x-value
    2.0290
    3.0028
    2.0737
    1.8959
    3.6195
    0.0000
         0
    0.0000
    0.0000
         0
    0.0000
         0
    0.0000
    0.0000
    0.0000
         0
    0.0000
    0.0000
         0
         0
    0.0000
    0.0000
    0.0000
   -0.0000
    0.0000
    0.0000
         0
    0.0000
    0.0000
    0.0000
         0
         0
    0.0000
         0
    0.0000
    0.0000
  201.8228

  -1.0000e+09

    3.3329

End of this iteration
x-value
         0
    5.2510
         0
    4.1492
    1.3682
    0.0000
         0
         0
         0
         0
         0
    0.0000
    0.0000
         0
    0.0000
         0
         0
         0
         0
    0.0000
    0.0000
    0.0000
    0.0000
         0
         0
    0.0000
    0.0000
         0
         0
         0
         0
         0
    0.0418
    1.5437
         0
         0
  152.6116

  -1.0000e+09

    2.8107

End of this iteration
x-value
    0.8272
    4.3471
    0.9223
    2.9515
    2.7876
         0
         0
    0.0000
         0
    0.0000
         0
    0.0000
         0
    0.0000
    0.0000
    0.0000
         0
         0
         0
    0.0000
    0.0000
         0
         0
         0
         0
         0
         0
    0.0000
    0.0000
         0
    0.0000
    0.0000
         0
    0.3701
    0.0000
    0.0000
  123.9799

  -1.0000e+09

    2.8593

End of this iteration
x-value
    0.0000
    5.1263
    0.4502
    3.2557
    2.6235
         0
         0
         0
    0.0000
         0
         0
    0.0000
         0
         0
         0
         0
    0.0000
         0
         0
    0.0000
    0.0000
         0
         0
    0.0000
         0
    0.0000
         0
         0
    0.0000
    0.0000
         0
         0
    0.0000
         0
         0
    0.0000
  127.8568

  -1.0000e+09

    2.4251

End of this iteration
x-value
    0.0000
    5.1263
    0.4502
    3.2557
    2.6235
         0
    0.0000
    0.0000
         0
         0
    0.0000
         0
    0.0000
    0.0000
    0.0000
         0
         0
    0.0000
         0
    0.0000
         0
         0
    0.0000
         0
         0
   -0.0000
         0
   -0.0000
    0.0000
    0.0000
         0
         0
    0.0000
   -0.0000
         0
         0
  127.8568

  -1.0000e+09

    2.4251

End of this iteration
x-value
    0.0000
    5.1750
    0.3002
    3.3716
    2.5585
         0
    0.0000
    0.0000
         0
    0.0000
         0
    0.0000
         0
         0
    0.0000
    0.0000
    0.0000
    0.0000
    0.0000
    0.0000
    0.0000
         0
         0
    0.0000
    0.0000
    0.0000
    0.0000
         0
         0
    0.0000
    0.0000
         0
         0
    0.0000
         0
    0.0000
  134.6852

  -1.0000e+09

    2.4392

End of this iteration
x-value
         0
    5.1263
    0.4502
    3.2557
    2.6235
         0
         0
    0.0000
         0
    0.0000
         0
    0.0000
         0
         0
         0
    0.0000
    0.0000
    0.0000
    0.0000
    0.0000
    0.0000
         0
    0.0000
    0.0000
    0.0000
         0
    0.0000
         0
         0
    0.0000
         0
    0.0000
         0
    0.0000
    0.0000
    0.0000
  127.8568

  -1.0000e+09

    2.4251

End of this iteration
x-value
    0.7524
    4.3702
    1.0401
    2.7040
    3.0076
    0.0000
         0
    0.0000
    0.0000
         0
         0
    0.0000
    0.0000
    0.0000
         0
    0.0000
         0
         0
    0.0000
         0
         0
   -0.0000
    0.0000
    0.0000
    0.0000
    0.0000
         0
    0.0000
         0
    0.0000
    0.0000
    0.0000
    0.0000
    0.0000
    0.0000
    0.0000
  131.9802

  -1.0000e+09

    2.8069

End of this iteration
x-value
    2.0252
    3.0067
    2.0715
    1.8973
    3.6188
    0.0000
         0
    0.0000
         0
    0.0000
         0
         0
    0.0000
    0.0000
         0
         0
    0.0000
    0.0000
    0.0000
    0.0000
    0.0000
         0
         0
    0.0000
    0.0000
    0.0000
         0
         0
         0
    0.0000
    0.0000
         0
    0.0000
    0.0000
         0
         0
  201.7601

  -1.0000e+09

    3.4142

End of this iteration
x-value
    0.1544
    4.7194
    0.6887
    3.1200
    2.6931
         0
    0.0000
         0
         0
         0
         0
    0.0000
         0
         0
         0
    0.0000
    0.0000
    0.0000
         0
         0
    0.0000
         0
         0
    0.0000
    0.0000
    0.0000
    0.0000
         0
         0
         0
         0
         0
         0
    0.9405
         0
    0.0000
  115.6635

  -1.0000e+09

    2.3890

End of this iteration
x-value
    0.0000
    5.1263
    0.4502
    3.2557
    2.6235
         0
         0
         0
    0.0000
    0.0000
    0.0000
    0.0000
    0.0000
    0.0000
    0.0000
    0.0000
    0.0000
    0.0000
   -0.0000
    0.0000
         0
         0
    0.0000
    0.0000
   -0.0000
    0.0000
         0
         0
    0.0000
         0
         0
    0.0000
    0.0000
         0
         0
    0.0000
  127.8568

  -1.0000e+09

    2.4251

End of this iteration
x-value
    0.0000
    5.1750
    0.3002
    3.3716
    2.5585
    0.0000
    0.0000
    0.0000
         0
         0
         0
         0
    0.0000
    0.0000
         0
    0.0000
    0.0000
         0
    0.0000
         0
    0.0000
    0.0000
         0
         0
         0
    0.0000
         0
         0
         0
    0.0000
         0
    0.0000
         0
    0.0000
    0.0000
    0.0000
  134.6852

  -1.0000e+09

    2.4392

End of this iteration
x-value
         0
    5.1263
    0.4502
    3.2557
    2.6235
    0.0000
         0
   -0.0000
         0
    0.0000
         0
         0
    0.0000
    0.0000
         0
         0
    0.0000
         0
         0
         0
    0.0000
         0
         0
         0
         0
         0
    0.0000
         0
         0
         0
         0
         0
    0.0000
    0.0000
         0
    0.0000
  127.8568

  -1.0000e+09

    2.4251

End of this iteration
x-value
         0
    5.1263
    0.4502
    3.2557
    2.6235
    0.0000
         0
         0
         0
         0
    0.0000
         0
    0.0000
    0.0000
    0.0000
         0
    0.0000
    0.0000
         0
         0
         0
         0
    0.0000
   -0.0000
         0
         0
    0.0000
         0
         0
   -0.0000
    0.0000
    0.0000
    0.0000
         0
    0.0000
    0.0000
  127.8568

  -1.0000e+09

    2.4251

End of this iteration
x-value
         0
    5.1263
    0.4502
    3.2557
    2.6235
    0.0000
    0.0000
    0.0000
    0.0000
    0.0000
    0.0000
    0.0000
         0
         0
    0.0000
         0
         0
         0
    0.0000
         0
    0.0000
    0.0000
    0.0000
    0.0000
         0
   -0.0000
    0.0000
    0.0000
         0
    0.0000
    0.0000
    0.0000
    0.0000
         0
    0.0000
         0
  127.8568

  -1.0000e+09

    2.4251

End of this iteration
x-value
    0.0000
    5.1262
    0.4504
    3.2556
    2.6236
    0.0000
    0.0000
    0.0000
         0
    0.0000
         0
         0
         0
    0.0000
    0.0000
         0
    0.0000
         0
         0
         0
    0.0000
    0.0000
    0.0000
    0.0000
    0.0000
         0
    0.0000
    0.0000
    0.0000
         0
         0
         0
    0.0000
         0
    0.0000
    0.0000
  127.8512

  -1.0000e+09

    2.4251

End of this iteration
x-value
    0.0000
    5.1750
    0.3002
    3.3716
    2.5585
   -0.0000
         0
         0
         0
   -0.0000
         0
         0
    0.0000
         0
         0
         0
    0.0000
    0.0000
    0.0000
    0.0000
         0
    0.0000
    0.0000
         0
    0.0000
    0.0000
         0
    0.0000
    0.0000
    0.0000
    0.0000
    0.0000
    0.0000
    0.0000
    0.0000
         0
  134.6852

  -1.0000e+09

    2.4392

End of this iteration
x-value
    0.0000
    5.1263
    0.4502
    3.2557
    2.6235
         0
         0
    0.0000
    0.0000
    0.0000
         0
    0.0000
         0
    0.0000
         0
         0
         0
    0.0000
    0.0000
         0
    0.0000
    0.0000
    0.0000
    0.0000
    0.0000
    0.0000
         0
         0
         0
    0.0000
    0.0000
         0
         0
    0.0000
   -0.0000
    0.0000
  127.8568

  -1.0000e+09

    2.4251

End of this iteration
x-value
    0.0000
    4.8290
    0.7076
    3.1286
    2.6176
         0
         0
         0
         0
         0
    0.0000
         0
    0.0000
         0
    0.0000
         0
         0
         0
    0.0000
         0
    0.0000
         0
    0.0000
         0
    0.0000
         0
         0
    0.0000
         0
         0
    0.0000
         0
    0.0000
         0
    0.0000
    0.0000
  108.4370

  -1.0000e+09

    2.2975

End of this iteration
x-value
    0.0000
    5.1263
    0.4502
    3.2557
    2.6235
    0.0000
    0.0000
    0.0000
    0.0000
    0.0000
         0
    0.0000
    0.0000
    0.0000
    0.0000
         0
    0.0000
    0.0000
         0
         0
         0
         0
         0
         0
   -0.0000
         0
    0.0000
    0.0000
    0.0000
         0
    0.0000
    0.0000
    0.0000
    0.0000
         0
    0.0000
  127.8568

  -1.0000e+09

    2.4251

End of this iteration
x-value
    0.0000
    5.1263
    0.4502
    3.2557
    2.6235
         0
    0.0000
    0.0000
         0
    0.0000
         0
         0
    0.0000
         0
    0.0000
    0.0000
    0.0000
    0.0000
    0.0000
         0
         0
    0.0000
         0
    0.0000
         0
         0
         0
    0.0000
         0
    0.0000
    0.0000
    0.0000
    0.0000
         0
         0
    0.0000
  127.8568

  -1.0000e+09

    2.4251

End of this iteration
x-value
         0
    5.1263
    0.4502
    3.2557
    2.6235
    0.0000
         0
         0
    0.0000
         0
    0.0000
         0
    0.0000
         0
    0.0000
         0
         0
         0
    0.0000
   -0.0000
    0.0000
         0
         0
    0.0000
         0
    0.0000
    0.0000
         0
         0
    0.0000
         0
         0
         0
    0.0000
         0
         0
  127.8568

  -1.0000e+09

    2.4251

End of this iteration
x-value
    0.0000
    5.1771
    0.2925
    3.3918
    2.5217
    0.0000
         0
    0.0000
         0
         0
    0.0000
    0.0000
         0
         0
    0.0000
    0.0000
    0.0000
    0.0000
         0
         0
         0
         0
         0
    0.0000
         0
    0.0000
    0.0000
    0.0000
         0
         0
         0
         0
         0
   -0.0000
         0
    0.0000
  134.9161

  -1.0000e+09

    2.4398

End of this iteration
x-value
    0.0000
    4.8669
    0.6339
    3.1516
    2.6551
    0.0000
    0.0000
         0
         0
         0
         0
         0
    0.0000
    0.0000
         0
         0
         0
    0.0000
         0
         0
    0.0000
         0
         0
    0.0000
         0
    0.0000
         0
    0.0000
    0.0000
    0.0000
    0.0000
         0
    0.2457
    1.5364
    0.0000
    0.0000
  112.5073

  -1.0000e+09

    2.3111

End of this iteration
x-value
         0
    5.1263
    0.4502
    3.2557
    2.6235
    0.0000
         0
         0
         0
         0
    0.0000
         0
    0.0000
         0
    0.0000
    0.0000
    0.0000
    0.0000
    0.0000
         0
         0
    0.0000
    0.0000
    0.0000
         0
    0.0000
         0
         0
         0
         0
    0.0000
         0
    0.0000
    0.0000
         0
         0
  127.8568

  -1.0000e+09

    2.4251

End of this iteration
x-value
    0.0000
    5.1263
    0.4502
    3.2557
    2.6235
         0
    0.0000
    0.0000
         0
         0
         0
    0.0000
    0.0000
    0.0000
    0.0000
   -0.0000
    0.0000
         0
    0.0000
    0.0000
    0.0000
    0.0000
    0.0000
         0
         0
    0.0000
    0.0000
         0
         0
    0.0000
   -0.0000
    0.0000
    0.0000
    0.0000
         0
    0.0000
  127.8568

  -1.0000e+09

    2.4251

End of this iteration
x-value
    0.0000
    5.1431
    0.4386
    3.2628
    2.6198
         0
         0
         0
    0.0000
         0
    0.0000
         0
    0.0000
         0
         0
    0.0000
         0
    0.0000
    0.0000
    0.0000
         0
    0.0000
    0.0000
         0
    0.0000
         0
         0
         0
         0
         0
         0
         0
    0.0000
    0.0000
    0.0000
    0.0000
  128.8368

  -1.0000e+09

    2.4325

End of this iteration
x-value
         0
    5.1263
    0.4502
    3.2557
    2.6235
   -0.0000
    0.0000
    0.0000
         0
    0.0000
    0.0000
         0
         0
    0.0000
    0.0000
    0.0000
    0.0000
    0.0000
         0
    0.0000
         0
         0
         0
         0
    0.0000
    0.0000
         0
    0.0000
    0.0000
         0
         0
    0.0000
   -0.0000
   -0.0000
         0
         0
  127.8568

  -1.0000e+09

    2.4251

End of this iteration
x-value
    0.0000
    5.1292
    0.4399
    3.2775
    2.5867
    0.0000
         0
         0
    0.0000
    0.0000
         0
         0
    0.0000
    0.0000
         0
    0.0000
    0.0000
    0.0000
         0
    0.0000
    0.0000
         0
    0.0000
    0.0000
         0
    0.0000
    0.0000
         0
    0.0000
         0
         0
   -0.0000
   -0.0000
    0.0000
    0.0000
    0.0000
  128.2161

  -1.0000e+09

    2.4259

End of this iteration
x-value
    0.0000
    5.1263
    0.4502
    3.2557
    2.6235
    0.0000
         0
    0.0000
    0.0000
    0.0000
    0.0000
    0.0000
         0
    0.0000
    0.0000
         0
    0.0000
         0
         0
         0
         0
    0.0000
         0
         0
         0
    0.0000
         0
         0
         0
    0.0000
    0.0000
         0
         0
   -0.0000
         0
    0.0000
  127.8568

  -1.0000e+09

    2.4251

End of this iteration
x-value
         0
    4.8911
    0.5601
    3.1997
    2.6511
         0
         0
         0
    0.0000
         0
    0.0000
    0.0000
         0
    0.0000
    0.0000
    0.0000
         0
         0
         0
    0.0000
    0.0000
    0.0000
    0.0000
         0
    0.0000
         0
    0.0000
         0
    0.0000
         0
         0
         0
    0.0000
         0
         0
         0
  151.4022

  -1.0000e+09

    2.3181

End of this iteration
x-value
         0
    5.1220
    0.5147
    3.0931
    2.7359
    0.0000
    0.0000
         0
    0.0000
         0
         0
    0.0000
         0
         0
         0
         0
         0
         0
    0.0000
         0
    0.0000
         0
    0.0000
         0
    0.0000
   -0.0000
         0
         0
    0.0000
         0
         0
    0.0000
    0.0000
    0.0000
         0
         0
  126.3469

  -1.0000e+09

    2.4269

End of this iteration
x-value
    0.0000
    5.1220
    0.5147
    3.0931
    2.7359
         0
    0.0000
    0.0000
    0.0000
         0
         0
         0
    0.0000
    0.0000
    0.0000
         0
         0
    0.0000
         0
         0
         0
    0.0000
    0.0000
         0
         0
    0.0000
    0.0000
         0
    0.0000
    0.0000
         0
         0
    0.0000
    0.0000
         0
         0
  126.3469

  -1.0000e+09

    2.4269

End of this iteration
x-value
    0.2663
    4.5602
    0.9228
    2.8985
    2.8257
    0.0000
    0.0000
         0
         0
    0.0000
         0
    0.0000
         0
    0.0000
    0.0000
         0
    0.0000
    0.0000
         0
         0
         0
         0
    0.0000
    0.0000
         0
    0.0000
    0.0000
         0
    0.0000
    0.0000
         0
    0.0000
    0.0000
    0.5198
         0
         0
  227.7748

  -1.0000e+09

    2.4324

End of this iteration
x-value
    0.0000
    5.2024
    0.2489
    3.4740
    2.3856
         0
         0
    0.0000
         0
    0.0000
         0
    0.0000
    0.0000
    0.0000
         0
         0
    0.0000
    0.0000
    0.0000
         0
    0.0000
    0.0000
    0.0000
         0
    0.0000
         0
    0.0000
         0
    0.0000
         0
    0.0000
    0.0000
         0
    0.0000
    0.0000
    0.0000
  136.9228

  -1.0000e+09

    2.4494

End of this iteration
x-value
         0
    5.1328
    0.4277
    3.2986
    2.5724
         0
         0
    0.0000
         0
         0
         0
   -0.0000
    0.0000
         0
         0
         0
    0.0000
    0.0000
    0.0000
    0.0000
    0.0000
         0
   -0.0000
         0
    0.0000
    0.0000
         0
         0
    0.0000
    0.0000
    0.0000
    0.0000
    0.0000
    0.0000
    0.0000
   -0.0000
  128.6675

  -1.0000e+09

    2.4269

End of this iteration
x-value
    0.0000
    5.1263
    0.4502
    3.2557
    2.6235
   -0.0000
         0
         0
    0.0000
         0
    0.0000
    0.0000
         0
         0
    0.0000
    0.0000
    0.0000
         0
         0
    0.0000
         0
         0
         0
    0.0000
         0
         0
         0
         0
         0
    0.0000
    0.0000
    0.0000
    0.0000
         0
    0.0000
    0.0000
  127.8568

  -1.0000e+09

    2.4251

End of this iteration
x-value
         0
    5.1263
    0.4502
    3.2557
    2.6235
         0
         0
    0.0000
    0.0000
    0.0000
         0
         0
    0.0000
    0.0000
    0.0000
         0
    0.0000
         0
         0
   -0.0000
    0.0000
    0.0000
         0
         0
         0
    0.0000
         0
         0
    0.0000
         0
         0
   -0.0000
    0.0000
    0.0000
         0
    0.0000
  127.8568

  -1.0000e+09

    2.4251

End of this iteration
x-value
    0.0000
    5.1263
    0.4502
    3.2557
    2.6235
    0.0000
    0.0000
    0.0000
         0
         0
    0.0000
    0.0000
         0
         0
         0
    0.0000
         0
    0.0000
         0
         0
         0
         0
    0.0000
    0.0000
    0.0000
    0.0000
    0.0000
         0
    0.0000
         0
         0
    0.0000
         0
         0
         0
    0.0000
  127.8568

  -1.0000e+09

    2.4251

End of this iteration
x-value
    0.0000
    4.8685
    0.6300
    3.1458
    2.6813
    0.0000
         0
         0
    0.0000
         0
    0.0000
         0
         0
    0.0000
         0
         0
    0.0000
         0
    0.0000
         0
    0.0000
         0
         0
         0
    0.0000
    0.0000
    0.0000
   -0.0000
    0.0000
         0
    0.0000
    0.0000
    0.0000
    0.0000
         0
    0.0000
  114.9823

  -1.0000e+09

    2.3116

End of this iteration
x-value
    0.0000
    4.8367
    0.6848
    3.1376
    2.6280
    0.0000
         0
    0.0000
    0.0000
         0
    0.0000
         0
         0
         0
         0
    0.0000
         0
         0
    0.0000
         0
    0.0000
    0.0000
    0.0000
    0.0000
    0.0000
         0
    0.0000
         0
         0
         0
         0
    0.0000
         0
    0.0000
         0
         0
  109.5486

  -1.0000e+09

    2.2997

End of this iteration
x-value
         0
    5.1750
    0.3002
    3.3716
    2.5585
    0.0000
    0.0000
    0.0000
    0.0000
    0.0000
         0
    0.0000
   -0.0000
    0.0000
    0.0000
         0
    0.0000
         0
    0.0000
         0
         0
         0
    0.0000
    0.0000
         0
    0.0000
    0.0000
    0.0000
    0.0000
    0.0000
         0
         0
    0.0000
    0.0000
    0.0000
    0.0000
  134.6852

  -1.0000e+09

    2.4392

End of this iteration
x-value
         0
    5.1263
    0.4502
    3.2557
    2.6235
         0
         0
   -0.0000
         0
         0
         0
    0.0000
    0.0000
         0
    0.0000
    0.0000
         0
         0
    0.0000
    0.0000
         0
    0.0000
         0
    0.0000
    0.0000
         0
    0.0000
    0.0000
    0.0000
         0
         0
    0.0000
         0
    0.0000
    0.0000
    0.0000
  127.8568

  -1.0000e+09

    2.4251

End of this iteration
x-value
    2.0252
    3.0067
    2.0715
    1.8973
    3.6188
         0
    0.0000
    0.0000
         0
         0
   -0.0000
    0.0000
         0
         0
    0.0000
    0.0000
    0.0000
   -0.0000
    0.0000
         0
         0
    0.0000
         0
         0
         0
    0.0000
         0
    0.0000
    0.0000
    0.0000
    0.0000
    0.0000
    0.0000
         0
         0
    0.0000
  133.7687

  -1.0000e+09

    3.4142

End of this iteration
x-value
         0
    5.1750
    0.3002
    3.3716
    2.5585
         0
         0
         0
    0.0000
         0
    0.0000
    0.0000
    0.0000
    0.0000
    0.0000
         0
   -0.0000
   -0.0000
    0.0000
    0.0000
    0.0000
    0.0000
    0.0000
    0.0000
         0
    0.0000
         0
         0
         0
   -0.0000
    0.0000
         0
    0.0000
    0.0000
    0.0000
    0.0000
  134.6852

  -1.0000e+09

    2.4392

End of this iteration
x-value
         0
    4.8685
    0.6300
    3.1458
    2.6813
         0
         0
    0.0000
         0
    0.0000
    0.0000
    0.0000
    0.0000
    0.0000
    0.0000
         0
   -0.0000
    0.0000
    0.0000
    0.0000
         0
         0
   -0.0000
    0.0000
    0.0000
    0.0000
   -0.0000
         0
         0
         0
   -0.0000
    0.0000
    0.0000
    0.0000
   -0.0000
         0
  114.9823

  -1.0000e+09

    2.3116

End of this iteration
x-value
    0.0000
    5.1263
    0.4502
    3.2557
    2.6235
         0
         0
         0
         0
    0.0000
    0.0000
         0
    0.0000
         0
    0.0000
    0.0000
    0.0000
    0.0000
         0
         0
   -0.0000
         0
         0
    0.0000
         0
         0
         0
         0
         0
         0
         0
         0
         0
    0.0000
    0.0000
    0.0000
  127.8568

  -1.0000e+09

    2.4251

End of this iteration
x-value
    2.0252
    3.0067
    2.0715
    1.8973
    3.6188
   -0.0000
   -0.0000
    0.0000
         0
    0.0000
   -0.0000
    0.0000
    0.0000
    0.0000
    0.0000
         0
    0.0000
         0
    0.0000
         0
    0.0000
         0
         0
    0.0000
    0.0000
    0.0000
    0.0000
    0.0000
    0.0000
    0.0000
         0
    0.0000
    0.0000
         0
    0.0000
    0.0000
  133.7687

  -1.0000e+09

    3.4142

End of this iteration
x-value
         0
    5.1263
    0.4502
    3.2557
    2.6235
         0
    0.0000
    0.0000
    0.0000
    0.0000
         0
         0
    0.0000
         0
         0
    0.0000
         0
         0
         0
         0
         0
         0
    0.0000
    0.0000
    0.0000
   -0.0000
    0.0000
         0
         0
    0.0000
         0
         0
         0
    0.0000
         0
    0.0000
  127.8568

  -1.0000e+09

    2.4251

End of this iteration
x-value
         0
    5.1263
    0.4502
    3.2557
    2.6235
    0.0000
         0
    0.0000
         0
    0.0000
         0
         0
         0
         0
    0.0000
         0
         0
         0
    0.0000
   -0.0000
         0
    0.0000
    0.0000
    0.0000
         0
         0
         0
         0
         0
    0.0000
         0
    0.0000
    0.0000
         0
    0.0000
         0
  127.8568

  -1.0000e+09

    2.4251

End of this iteration
x-value
         0
    4.9582
    0.6058
    3.1324
    2.6942
         0
    0.0000
         0
         0
         0
    0.0000
         0
         0
         0
         0
         0
         0
    0.0000
         0
         0
    0.0000
    0.0000
    0.0000
         0
    0.0000
         0
         0
         0
         0
         0
    0.0000
         0
    0.7258
    0.0000
    0.0000
         0
  116.8563

  -1.0000e+09

    2.3535

End of this iteration
x-value
         0
    5.2002
    0.2200
    3.4614
    2.4795
    0.0000
         0
    0.0000
    0.0000
    0.0000
         0
    0.0000
         0
    0.0000
    0.0000
         0
         0
         0
         0
         0
    0.0000
         0
    0.0000
    0.0000
    0.0000
    0.0000
    0.0000
    0.0000
         0
    0.0000
         0
    0.0000
         0
    0.0000
    0.0000
         0
  138.0997

  -1.0000e+09

    2.4464

End of this iteration
x-value
    0.0000
    5.1263
    0.4502
    3.2557
    2.6235
    0.0000
    0.0000
         0
         0
    0.0000
    0.0000
         0
         0
         0
    0.0000
    0.0000
    0.0000
    0.0000
    0.0000
    0.0000
         0
         0
    0.0000
    0.0000
    0.0000
         0
    0.0000
    0.0000
    0.0000
         0
    0.0000
    0.0000
         0
         0
    0.0000
    0.0000
  127.8568

  -1.0000e+09

    2.4251

End of this iteration
x-value
    0.0000
    5.2024
    0.2489
    3.4740
    2.3856
    0.0000
         0
         0
    0.0000
    0.0000
         0
    0.0000
    0.0000
    0.0000
         0
         0
    0.0000
         0
    0.0000
         0
    0.0000
    0.0000
    0.0000
    0.0000
    0.0000
    0.0000
    0.0000
    0.0000
    0.0000
    0.0000
   -0.0000
    0.0000
    0.0000
    0.0000
    0.0000
         0
  136.9228

  -1.0000e+09

    2.4494

End of this iteration
x-value
    0.7465
    4.3808
    1.0187
    2.7458
    2.9276
         0
    0.0000
    0.0000
         0
         0
         0
    0.0000
    0.0000
         0
    0.0000
         0
    0.0000
   -0.0000
    0.0000
         0
         0
         0
    0.0000
    0.0000
    0.0000
         0
         0
         0
         0
         0
    0.0000
         0
    0.0000
    0.0000
    0.0000
    0.0000
  139.6333

  -1.0000e+09

    2.8051

End of this iteration
x-value
    0.0000
    4.5889
    0.8353
    3.1324
    2.4914
    0.0000
         0
         0
         0
         0
    0.0000
         0
         0
    0.0000
    0.0000
    0.0000
    0.0000
    0.0000
         0
         0
         0
    0.0000
    0.0000
    0.0000
    0.0000
         0
         0
         0
         0
         0
         0
    0.0000
         0
    0.0000
         0
    0.0000
   95.1994

  -1.0000e+09

    2.4056

End of this iteration
x-value
         0
    5.0685
    0.6308
    3.0876
    2.7233
         0
    0.0000
    0.0000
         0
         0
         0
         0
         0
         0
         0
         0
         0
         0
    0.0000
    0.0000
    0.0000
    0.0000
         0
    0.0000
         0
         0
         0
    0.0000
    0.0000
         0
    0.0000
    0.0000
    0.8026
    0.6571
         0
         0
  119.8923

  -1.0000e+09

    2.4086

End of this iteration
x-value
         0
    4.8297
    0.7620
    2.9199
    2.8129
    0.0000
         0
    0.0000
         0
         0
         0
    0.0000
    0.0000
         0
    0.0000
    0.0000
         0
    0.0000
    0.0000
    0.0000
    0.0000
         0
    0.0000
    0.0000
    0.0000
         0
         0
         0
         0
         0
    0.0000
    0.0000
         0
    0.0000
    0.0000
         0
  150.0627

  -1.0000e+09

    2.3009

End of this iteration
x-value
    0.0000
    5.0115
    0.8428
    2.5428
    3.2987
    0.0000
         0
         0
    0.0000
         0
    0.0000
    0.0000
         0
   -0.0000
    0.0000
         0
         0
         0
    0.0000
    0.0000
    0.0000
    0.0000
    0.0000
         0
   -0.0000
         0
         0
         0
    0.0000
         0
   -0.0000
         0
         0
         0
    0.0000
         0
  179.8652

  -1.0000e+09

    2.3936

End of this iteration
x-value
    1.2997
    3.8247
    1.4247
    2.3704
    3.3504
    0.0000
    0.0000
         0
         0
    0.0000
         0
         0
    0.0000
         0
         0
         0
         0
    0.0000
    0.0000
         0
   -0.0000
    0.0000
    0.0000
    0.0000
    0.0000
         0
         0
    0.0000
    0.0000
    0.0000
    0.0000
   -0.0000
   -0.0000
         0
         0
         0
  178.2709

  -1.0000e+09

    3.0840

End of this iteration
x-value
    1.2997
    3.8247
    1.4247
    2.3704
    3.3504
         0
    0.0000
         0
    0.0000
    0.0000
         0
    0.0000
    0.0000
         0
         0
    0.0000
    0.0000
         0
    0.0000
    0.0000
         0
         0
   -0.0000
    0.0000
         0
         0
    0.0000
         0
    0.0000
         0
         0
    0.0000
         0
         0
    0.0000
    0.0000
  178.2709

  -1.0000e+09

    3.0840

End of this iteration
x-value
    0.0000
    5.1220
    0.5147
    3.0931
    2.7359
         0
    0.0000
    0.0000
    0.0000
    0.0000
    0.0000
   -0.0000
    0.0000
         0
    0.0000
         0
    0.0000
    0.0000
         0
    0.0000
    0.0000
         0
         0
         0
    0.0000
    0.0000
    0.0000
    0.0000
         0
         0
    0.0000
    0.0000
    0.0000
    0.0000
    0.0000
    0.0000
  126.3469

  -1.0000e+09

    2.4269

End of this iteration
x-value
         0
    4.8669
    0.6339
    3.1516
    2.6551
    0.0000
    0.0000
         0
    0.0000
    0.0000
         0
    0.0000
    0.0000
    0.0000
    0.0000
    0.0000
         0
         0
    0.0000
    0.0000
    0.0000
    0.0000
         0
    0.0000
    0.0000
         0
    0.0000
         0
         0
    0.0000
    0.0000
    0.0000
         0
         0
    0.0000
         0
  112.5073

  -1.0000e+09

    2.3111

End of this iteration
x-value
         0
    5.1263
    0.4502
    3.2557
    2.6235
    0.0000
         0
         0
    0.0000
    0.0000
         0
         0
    0.0000
    0.0000
         0
    0.0000
    0.0000
    0.0000
         0
    0.0000
    0.0000
    0.0000
    0.0000
         0
         0
         0
         0
    0.0000
    0.0000
    0.0000
    0.0000
    0.0000
    0.0000
    0.0000
         0
    0.0000
  127.8568

  -1.0000e+09

    2.4251

End of this iteration
x-value
         0
    5.1263
    0.4502
    3.2557
    2.6235
   -0.0000
    0.0000
    0.0000
         0
         0
    0.0000
         0
         0
    0.0000
         0
         0
    0.0000
    0.0000
    0.0000
         0
    0.0000
         0
    0.0000
         0
    0.0000
    0.0000
    0.0000
    0.0000
    0.0000
    0.0000
    0.0000
    0.0000
    0.0000
    0.0000
   -0.0000
    0.0000
  127.8568

  -1.0000e+09

    2.4251

End of this iteration
x-value
         0
    5.1298
    0.4381
    3.2769
    2.6094
         0
         0
    0.0000
         0
    0.0000
    0.0000
         0
    0.0000
    0.0000
         0
         0
    0.0000
         0
         0
         0
    0.0000
         0
         0
    0.0000
    0.0000
    0.0000
    0.0000
         0
         0
    0.0000
    0.0000
         0
    0.0000
    0.0000
    0.0000
    0.0000
  128.3072

  -1.0000e+09

    2.4261

End of this iteration
x-value
    1.2997
    3.8247
    1.4247
    2.3704
    3.3504
         0
    0.0000
    0.0000
         0
    0.0000
         0
         0
    0.0000
    0.0000
         0
         0
    0.0000
         0
    0.0000
    0.0000
         0
    0.0000
         0
    0.0000
         0
         0
         0
    0.0000
         0
    0.0000
    0.0000
    0.0000
    0.0000
         0
    0.0000
    0.0000
  178.2709

  -1.0000e+09

    3.0840

End of this iteration
x-value
    1.2997
    3.8247
    1.4247
    2.3704
    3.3504
    0.0000
    0.0000
   -0.0000
         0
         0
         0
    0.0000
    0.0000
    0.0000
         0
         0
    0.0000
    0.0000
    0.0000
    0.0000
         0
    0.0000
    0.0000
         0
    0.0000
    0.0000
         0
         0
    0.0000
    0.0000
         0
         0
    0.0000
    0.0000
    0.0000
         0
  178.2709

  -1.0000e+09

    3.0840

End of this iteration
x-value
         0
    5.1750
    0.3002
    3.3716
    2.5585
    0.0000
    0.0000
         0
    0.0000
    0.0000
    0.0000
         0
    0.0000
    0.0000
    0.0000
         0
    0.0000
    0.0000
         0
         0
    0.0000
         0
         0
         0
         0
    0.0000
         0
    0.0000
    0.0000
         0
    0.0000
         0
    0.0000
         0
    0.0000
         0
  134.6852

  -1.0000e+09

    2.4392

End of this iteration
x-value
    0.0000
    5.1263
    0.4502
    3.2557
    2.6235
    0.0000
    0.0000
    0.0000
         0
    0.0000
    0.0000
    0.0000
         0
    0.0000
    0.0000
   -0.0000
    0.0000
         0
         0
    0.0000
    0.0000
    0.0000
    0.0000
         0
         0
         0
    0.0000
         0
    0.0000
         0
         0
         0
    0.0000
    0.0000
    0.0000
    0.0000
  127.8568

  -1.0000e+09

    2.4251

End of this iteration
x-value
    0.0000
    5.1771
    0.2925
    3.3918
    2.5217
         0
         0
         0
    0.0000
         0
    0.0000
         0
    0.0000
         0
         0
    0.0000
    0.0000
    0.0000
         0
         0
    0.0000
         0
    0.0000
    0.0000
    0.0000
    0.0000
    0.0000
         0
    0.0000
    0.0000
    0.0000
         0
    0.0000
    0.0000
    0.0000
    0.0000
  134.9161

  -1.0000e+09

    2.4398

End of this iteration
x-value
         0
    5.2002
    0.2200
    3.4614
    2.4795
    0.0000
         0
    0.0000
    0.0000
         0
    0.0000
         0
    0.0000
         0
    0.0000
    0.0000
    0.0000
         0
    0.0000
         0
         0
    0.0000
    0.0000
    0.0000
    0.0000
    0.0000
         0
         0
         0
         0
         0
    0.0000
         0
         0
         0
    0.0000
  138.0997

  -1.0000e+09

    2.4464

End of this iteration
x-value
    0.0000
    5.1263
    0.4502
    3.2557
    2.6235
         0
    0.0000
    0.0000
    0.0000
         0
         0
    0.0000
    0.0000
    0.0000
         0
    0.0000
         0
         0
         0
         0
         0
         0
    0.0000
         0
    0.0000
    0.0000
    0.0000
         0
         0
    0.0000
    0.0000
         0
    0.5202
         0
         0
    0.0000
  127.8568

  -1.0000e+09

    2.4251

End of this iteration
x-value
    0.0000
    4.9644
    0.6028
    3.1296
    2.6967
         0
    0.0000
         0
         0
         0
    0.0000
    0.0000
         0
    0.0000
         0
         0
    0.0000
         0
         0
    0.0000
         0
    0.0000
    0.0000
         0
    0.0000
    0.0000
    0.0000
         0
    0.0000
         0
    0.0000
    0.0000
         0
         0
         0
         0
  117.2033

  -1.0000e+09

    2.3563

End of this iteration
x-value
    0.0000
    5.1220
    0.5147
    3.0931
    2.7359
    0.0000
    0.0000
         0
    0.0000
         0
    0.0000
         0
    0.0000
         0
         0
         0
    0.0000
    0.0000
         0
    0.0000
    0.0000
    0.0000
    0.0000
         0
    0.0000
    0.0000
    0.0000
    0.0000
    0.0000
         0
    0.0000
         0
    0.0000
         0
         0
         0
  126.3469

  -1.0000e+09

    2.4269

End of this iteration
x-value
         0
    5.1263
    0.4502
    3.2557
    2.6235
    0.0000
         0
    0.0000
         0
    0.0000
    0.0000
         0
    0.0000
    0.0000
         0
    0.0000
    0.0000
         0
    0.0000
    0.0000
    0.0000
   -0.0000
    0.0000
         0
    0.0000
    0.0000
    0.0000
         0
    0.0000
         0
    0.0000
         0
    0.0000
    0.0000
    0.0000
    0.0000
  127.8568

  -1.0000e+09

    2.4251

End of this iteration
x-value
    1.0348
    3.9173
    1.1226
    2.9737
    2.6794
         0
    0.0000
    0.0000
         0
         0
    0.0000
    0.0000
    0.0000
         0
    0.0000
         0
    0.0000
         0
    0.0000
    0.0000
    0.0000
         0
         0
    0.0000
    0.0000
         0
    0.0000
         0
         0
    0.0000
    0.0000
         0
         0
    0.8747
         0
         0
  110.4329

  -1.0000e+09

    2.8601

End of this iteration
x-value
         0
    5.1263
    0.4502
    3.2557
    2.6235
    0.0000
    0.0000
    0.0000
         0
    0.0000
    0.0000
    0.0000
         0
         0
    0.0000
         0
         0
         0
         0
         0
         0
         0
   -0.0000
    0.0000
    0.0000
   -0.0000
         0
    0.0000
         0
    0.0000
         0
    0.0000
    0.0000
    0.0000
    0.0000
         0
  127.8568

  -1.0000e+09

    2.4251

End of this iteration
x-value
         0
    4.8513
    0.6816
    3.1219
    2.6309
         0
         0
    0.0000
         0
         0
    0.0000
         0
    0.0000
    0.0000
    0.0000
    0.0000
         0
    0.0000
         0
    0.0000
    0.0000
         0
         0
         0
    0.0000
    0.0000
         0
         0
    0.0000
    0.0000
         0
         0
         0
         0
         0
    0.0000
  110.2889

  -1.0000e+09

    2.3066

End of this iteration
x-value
    0.0000
    5.0291
    0.8305
    2.5504
    3.2946
         0
         0
    0.0000
    0.0000
    0.0000
    0.0000
    0.0000
    0.0000
    0.0000
         0
         0
         0
    0.0000
         0
    0.0000
         0
    0.0000
    0.0000
         0
    0.0000
    0.0000
    0.0000
         0
         0
         0
    0.0000
         0
    0.0000
         0
         0
    0.0000
  179.5412

  -1.0000e+09

    2.4013

End of this iteration
x-value
         0
    5.1263
    0.4502
    3.2557
    2.6235
    0.0000
    0.0000
         0
         0
    0.0000
         0
    0.0000
    0.0000
    0.0000
         0
         0
         0
         0
    0.0000
         0
    0.0000
    0.0000
    0.0000
    0.0000
    0.0000
    0.0000
    0.0000
    0.0000
   -0.0000
    0.0000
         0
    0.0000
    0.0000
    0.0000
         0
    0.0000
  127.8568

  -1.0000e+09

    2.4251

End of this iteration
x-value
    0.0000
    4.8601
    0.6542
    3.1463
    2.6466
    0.0000
         0
         0
         0
         0
    0.0000
    0.0000
    0.0000
         0
    0.0000
         0
         0
         0
    0.0000
         0
    0.0000
         0
    0.0000
    0.0000
    0.0000
         0
         0
         0
         0
         0
    0.0000
         0
         0
    0.3329
    0.0000
    0.0000
  111.5011

  -1.0000e+09

    2.3091

End of this iteration
x-value
    0.0000
    5.1263
    0.4502
    3.2557
    2.6235
         0
    0.0000
   -0.0000
         0
         0
         0
    0.0000
         0
         0
    0.0000
    0.0000
         0
         0
    0.0000
    0.0000
         0
    0.0000
    0.0000
         0
         0
    0.0000
         0
         0
    0.0000
         0
         0
         0
         0
    0.0000
    0.0000
         0
  127.8568

  -1.0000e+09

    2.4251

End of this iteration
x-value
    0.0000
    5.1263
    0.4502
    3.2557
    2.6235
    0.0000
    0.0000
    0.0000
         0
    0.0000
         0
    0.0000
    0.0000
    0.0000
    0.0000
    0.0000
    0.0000
         0
    0.0000
         0
    0.0000
         0
         0
         0
         0
    0.0000
   -0.0000
         0
    0.0000
    0.0000
    0.0000
         0
         0
    0.0000
         0
    0.0000
  127.8568

  -1.0000e+09

    2.4251

End of this iteration
x-value
    0.0000
    5.1771
    0.2925
    3.3918
    2.5217
    0.0000
    0.0000
    0.0000
    0.0000
    0.0000
    0.0000
         0
    0.0000
         0
    0.0000
    0.0000
         0
    0.0000
         0
         0
    0.0000
         0
    0.0000
         0
         0
    0.0000
    0.0000
    0.0000
    0.0000
         0
    0.0000
         0
    0.0000
    0.0000
         0
         0
  317.4935

  -1.0000e+09

    2.4398

End of this iteration
x-value
    0.0000
    4.8669
    0.6339
    3.1516
    2.6551
         0
         0
         0
    0.0000
         0
         0
    0.0000
         0
    0.0000
    0.0000
    0.0000
         0
    0.0000
    0.0000
    0.0000
    0.0000
         0
         0
    0.0000
         0
         0
    0.0000
    0.0000
         0
    0.0000
    0.0000
         0
         0
    0.7794
         0
    0.0000
  112.5073

  -1.0000e+09

    2.3111

End of this iteration
x-value
    0.0000
    5.1263
    0.4502
    3.2557
    2.6235
         0
         0
         0
    0.0000
         0
         0
    0.0000
         0
         0
         0
         0
   -0.0000
         0
    0.0000
   -0.0000
    0.0000
    0.0000
    0.0000
    0.0000
   -0.0000
    0.0000
    0.0000
    0.0000
    0.0000
         0
    0.0000
         0
    0.0000
   -0.0000
         0
    0.0000
  127.8568

  -1.0000e+09

    2.4251

End of this iteration
x-value
         0
    5.0908
    0.5428
    3.0720
    2.7478
    0.0000
    0.0000
    0.0000
         0
         0
         0
    0.0000
         0
    0.0000
    0.0000
    0.0000
         0
         0
         0
    0.0000
         0
         0
    0.0000
         0
         0
    0.0000
    0.0000
         0
         0
         0
         0
    0.0000
    0.0000
    1.0565
         0
         0
  124.3216

  -1.0000e+09

    2.4136

End of this iteration
x-value
    0.0000
    5.0886
    0.5865
    2.9358
    3.0546
         0
    0.0000
         0
    0.0000
         0
         0
    0.0000
         0
    0.0000
    0.0000
         0
         0
         0
         0
    0.0000
         0
    0.0000
         0
         0
    0.0000
    0.0000
         0
         0
    0.0000
    0.0000
    0.0000
         0
         0
    0.0000
    0.0000
         0
  153.3074

  -1.0000e+09

    2.4151

End of this iteration
x-value
         0
    5.1263
    0.4502
    3.2557
    2.6235
    0.0000
    0.0000
    0.0000
    0.0000
         0
         0
         0
         0
         0
    0.0000
    0.0000
         0
    0.0000
    0.0000
         0
   -0.0000
    0.0000
   -0.0000
    0.0000
    0.0000
         0
         0
         0
         0
    0.0000
         0
         0
         0
    0.0000
   -0.0000
         0
  127.8568

  -1.0000e+09

    2.4251

End of this iteration
x-value
         0
    4.8539
    0.6726
    3.1391
    2.6382
         0
         0
    0.0000
    0.0000
         0
    0.0000
    0.0000
         0
    0.0000
         0
         0
         0
         0
    0.0000
    0.0000
         0
    0.0000
    0.0000
    0.0000
         0
         0
         0
    0.0000
    0.0000
         0
    0.0000
         0
    0.0000
         0
    0.0000
    0.0000
  110.6055

  -1.0000e+09

    2.3073

End of this iteration
x-value
    0.0000
    4.8436
    0.6799
    3.1382
    2.6321
         0
    0.0000
         0
    0.0000
         0
    0.0000
         0
    0.0000
         0
         0
         0
         0
    0.0000
         0
         0
    0.0000
         0
         0
         0
    0.0000
    0.0000
         0
    0.0000
    0.0000
         0
         0
    0.0000
    0.0000
    0.3063
         0
    0.0000
  109.9712

  -1.0000e+09

    2.3028

End of this iteration
x-value
         0
    5.1328
    0.4277
    3.2986
    2.5724
    0.0000
         0
         0
    0.0000
         0
    0.0000
    0.0000
         0
         0
    0.0000
         0
    0.0000
    0.0000
         0
         0
         0
    0.0000
   -0.0000
    0.0000
    0.0000
         0
         0
    0.0000
         0
         0
         0
    0.0000
         0
    0.0000
    0.0000
         0
  128.6675

  -1.0000e+09

    2.4269

End of this iteration
x-value
         0
    4.8524
    0.6381
    3.1560
    2.6493
         0
    0.0000
         0
    0.0000
         0
         0
         0
    0.0000
         0
         0
         0
    0.0000
         0
         0
    0.0000
    0.0000
         0
         0
    0.0000
    0.0000
         0
         0
         0
         0
    0.0000
         0
    0.0000
    0.0000
    0.0000
    0.0000
    0.0000
  111.8179

  -1.0000e+09

    2.3043

End of this iteration
x-value
    0.0000
    5.1931
    0.2836
    3.3825
    2.5526
         0
         0
         0
         0
         0
    0.0000
         0
   -0.0000
    0.0000
         0
    0.0000
    0.0000
    0.0000
    0.0000
    0.0000
    0.0000
         0
    0.0000
    0.0000
         0
         0
         0
         0
    0.0000
         0
    0.0000
    0.0000
   -0.0000
         0
         0
    0.0000
  135.8796

  -1.0000e+09

    2.4469

End of this iteration
x-value
         0
    5.1760
    0.3477
    3.2137
    2.8609
         0
    0.0000
         0
    0.0000
    0.0000
    0.0000
    0.0000
         0
    0.0000
         0
    0.0000
         0
    0.0000
    0.0000
    0.0000
         0
    0.0000
         0
    0.0000
    0.0000
         0
    0.0000
    0.0000
    0.0000
         0
    0.0000
    0.0000
         0
    0.7649
         0
    0.0000
  133.9542

  -1.0000e+09

    2.4425

End of this iteration
x-value
    0.0000
    5.1263
    0.4502
    3.2557
    2.6235
    0.0000
         0
         0
    0.0000
         0
    0.0000
    0.0000
    0.0000
   -0.0000
         0
    0.0000
    0.0000
         0
         0
         0
         0
         0
         0
         0
         0
    0.0000
         0
         0
         0
    0.0000
         0
         0
         0
    0.0000
    0.0000
    0.0000
  127.8568

  -1.0000e+09

    2.4251

End of this iteration
x-value
    0.0000
    4.8911
    0.5601
    3.1997
    2.6511
         0
    0.0000
         0
    0.0000
         0
         0
    0.0000
    0.0000
         0
         0
    0.0000
    0.0000
    0.0000
    0.0000
         0
    0.0000
    0.0000
         0
         0
         0
    0.0000
    0.0000
    0.0000
         0
         0
    0.0000
    0.0000
    0.0000
         0
         0
    0.0000
  115.9333

  -1.0000e+09

    2.3181

End of this iteration
x-value
         0
    5.1263
    0.4502
    3.2557
    2.6235
         0
    0.0000
         0
         0
         0
   -0.0000
    0.0000
         0
    0.0000
    0.0000
    0.0000
         0
         0
    0.0000
    0.0000
    0.0000
         0
    0.0000
   -0.0000
         0
    0.0000
    0.0000
         0
         0
    0.0000
   -0.0000
    0.0000
    0.0000
    0.0000
    0.0000
   -0.0000
  127.8568

  -1.0000e+09

    2.4251

End of this iteration
x-value
    0.0000
    5.1009
    0.5391
    3.0710
    2.9350
         0
    0.0000
    0.0000
         0
    0.0000
   -0.0000
         0
         0
    0.0000
         0
         0
    0.0000
         0
         0
         0
    0.0000
         0
    0.0000
         0
    0.0000
    0.0000
    0.0000
    0.0000
         0
    0.0000
    0.0000
         0
         0
         0
    0.0000
    0.0000
  140.2862

  -1.0000e+09

    2.4182

End of this iteration
x-value
         0
    5.0709
    0.6410
    2.8931
    3.0618
    0.0000
    0.0000
    0.0000
    0.0000
    0.0000
    0.0000
    0.0000
         0
    0.0000
    0.0000
    0.0000
         0
    0.0000
    0.0000
         0
         0
         0
    0.0000
    0.0000
         0
    0.0000
    0.0000
         0
   -0.0000
    0.0000
         0
         0
    0.0000
         0
    0.0000
    0.0000
  153.9920

  -1.0000e+09

    2.6544

End of this iteration
x-value
         0
    5.1263
    0.4502
    3.2557
    2.6235
         0
         0
    0.0000
    0.0000
   -0.0000
         0
    0.0000
         0
         0
    0.0000
    0.0000
         0
         0
    0.0000
         0
         0
         0
         0
         0
         0
    0.0000
    0.0000
         0
    0.0000
    0.0000
         0
    0.0000
    0.0000
    0.0000
         0
         0
  127.8568

  -1.0000e+09

    2.4251

End of this iteration
x-value
    0.0000
    4.8669
    0.6339
    3.1516
    2.6551
    0.0000
    0.0000
         0
         0
         0
    0.0000
    0.0000
         0
         0
         0
         0
         0
    0.0000
    0.0000
    0.0000
         0
    0.0000
         0
         0
         0
         0
    0.0000
         0
         0
    0.0000
    0.0000
    0.0000
         0
         0
    0.0000
         0
  112.5073

  -1.0000e+09

    2.3111

End of this iteration
x-value
    0.0000
    5.1750
    0.3002
    3.3716
    2.5585
         0
         0
    0.0000
    0.0000
    0.0000
         0
         0
         0
    0.0000
    0.0000
         0
    0.0000
    0.0000
    0.0000
         0
         0
         0
         0
    0.0000
    0.0000
         0
    0.0000
    0.0000
    0.0000
         0
    0.0000
    0.0000
    0.0000
    0.0000
    0.0000
    0.0000
  134.6852

  -1.0000e+09

    2.4392

End of this iteration
x-value
    0.0000
    5.1263
    0.4502
    3.2557
    2.6235
         0
    0.0000
    0.0000
         0
    0.0000
         0
         0
         0
    0.0000
    0.0000
         0
         0
         0
    0.0000
    0.0000
         0
    0.0000
    0.0000
    0.0000
         0
         0
    0.0000
         0
         0
   -0.0000
    0.0000
         0
    0.0000
    0.0000
    0.0000
         0
  127.8568

  -1.0000e+09

    2.4251

End of this iteration
x-value
    0.0000
    4.8685
    0.6300
    3.1458
    2.6813
    0.0000
    0.0000
         0
         0
    0.0000
         0
    0.0000
    0.0000
    0.0000
    0.0000
    0.0000
         0
    0.0000
         0
         0
   -0.0000
         0
    0.0000
    0.0000
         0
    0.0000
    0.0000
         0
    0.0000
    0.0000
    0.0000
         0
    0.0000
         0
    0.0000
    0.0000
  114.9823

  -1.0000e+09

    2.3116

End of this iteration
x-value
         0
    4.6806
    1.1882
    2.5093
    3.0701
         0
    0.0000
         0
         0
    0.0000
    0.0000
         0
    0.0000
    0.0000
    0.0000
         0
         0
         0
         0
         0
         0
         0
         0
         0
         0
         0
    0.0000
         0
         0
         0
    0.0000
         0
         0
         0
         0
    0.0000
  154.3938

  -1.0000e+09

    2.3329

End of this iteration
x-value
         0
    5.1220
    0.5147
    3.0931
    2.7359
         0
    0.0000
         0
    0.0000
         0
    0.0000
    0.0000
    0.0000
         0
    0.0000
    0.0000
         0
    0.0000
         0
    0.0000
    0.0000
         0
         0
    0.0000
    0.0000
         0
    0.0000
    0.0000
    0.0000
    0.0000
    0.0000
   -0.0000
    0.0000
    0.0000
         0
    0.0000
  126.3469

  -1.0000e+09

    2.4269

End of this iteration
x-value
         0
    5.0993
    0.5445
    3.0686
    2.7501
    0.0000
         0
         0
         0
         0
    0.0000
         0
         0
         0
    0.0000
         0
         0
    0.0000
    0.0000
    0.0000
         0
         0
         0
         0
    0.0000
         0
    0.0000
         0
    0.0000
    0.0000
    0.0000
    0.0000
    0.3352
    1.5332
    0.0000
         0
  124.5657

  -1.0000e+09

    2.4178

End of this iteration
x-value
    0.0000
    4.4824
    0.8788
    3.1336
    2.4382
         0
         0
    0.0000
         0
    0.0000
    0.0000
         0
    0.0000
         0
    0.0000
    0.0000
    0.0000
    0.0000
    0.0000
    0.0000
    0.0000
         0
    0.0000
    0.0000
         0
    0.0000
         0
    0.0000
         0
    0.0000
         0
    0.0000
         0
    0.0556
         0
    0.0000
   89.8582

  -1.0000e+09

    2.4587

End of this iteration
x-value
         0
    4.8911
    0.5601
    3.1997
    2.6511
    0.0000
    0.0000
    0.0000
         0
    0.0000
         0
   -0.0000
         0
    0.0000
         0
         0
    0.0000
         0
         0
         0
    0.0000
    0.0000
         0
    0.0000
         0
    0.0000
         0
         0
    0.0000
         0
    0.0000
         0
         0
    0.0000
    0.0000
         0
  115.9333

  -1.0000e+09

    2.3181

End of this iteration
x-value
    0.0000
    5.1263
    0.4502
    3.2557
    2.6235
    0.0000
    0.0000
    0.0000
    0.0000
         0
    0.0000
    0.0000
    0.0000
         0
         0
         0
         0
   -0.0000
    0.0000
    0.0000
         0
         0
    0.0000
         0
         0
    0.0000
         0
         0
    0.0000
         0
         0
    0.0000
    0.0000
    0.0000
         0
    0.0000
  127.8568

  -1.0000e+09

    2.4251

End of this iteration
x-value
   -0.0000
    5.1263
    0.4502
    3.2557
    2.6235
         0
    0.0000
         0
    0.0000
    0.0000
         0
    0.0000
    0.0000
    0.0000
         0
         0
    0.0000
    0.0000
    0.0000
         0
    0.0000
         0
         0
    0.0000
         0
    0.0000
         0
         0
         0
    0.0000
         0
    0.0000
         0
    0.0000
         0
    0.0000
  127.8568

  -1.0000e+09

    2.4251

End of this iteration
x-value
   -0.0000
    5.1262
    0.4766
    2.9666
    2.8364
    0.0000
    0.0000
         0
    0.0000
    0.0000
    0.0000
    0.0000
    0.0000
    0.0000
         0
         0
         0
    0.0000
    0.0000
         0
         0
         0
         0
         0
    0.0000
    0.0000
         0
         0
    0.0000
         0
    0.0000
    0.0000
    0.0000
    0.0000
    0.0000
    0.0000
  136.2754

  -1.0000e+09

    2.4262

End of this iteration
x-value
         0
    5.1263
    0.4502
    3.2557
    2.6235
    0.0000
    0.0000
    0.0000
         0
         0
    0.0000
         0
    0.0000
    0.0000
         0
         0
         0
    0.0000
    0.0000
   -0.0000
         0
         0
         0
    0.0000
         0
    0.0000
    0.0000
         0
    0.0000
    0.0000
         0
         0
    0.0000
    0.0000
    0.0000
    0.0000
  127.8568

  -1.0000e+09

    2.4251

End of this iteration
x-value
    0.0000
    5.0946
    0.5629
    3.0126
    2.7893
         0
         0
         0
    0.0000
         0
         0
         0
         0
         0
    0.0000
    0.0000
    0.0000
         0
         0
    0.0000
    0.0000
    0.0000
    0.0000
    0.0000
    0.0000
   -0.0000
    0.0000
   -0.0000
         0
    0.0000
         0
    0.0000
         0
         0
         0
    0.0000
  129.1121

  -1.0000e+09

    2.4166

End of this iteration
x-value
    0.0000
    5.1263
    0.4502
    3.2557
    2.6235
         0
    0.0000
         0
    0.0000
    0.0000
    0.0000
    0.0000
         0
    0.0000
    0.0000
   -0.0000
    0.0000
         0
    0.0000
         0
    0.0000
         0
    0.0000
    0.0000
    0.0000
    0.0000
    0.0000
    0.0000
         0
    0.0000
    0.0000
         0
    0.0000
    0.0000
         0
         0
  127.8568

  -1.0000e+09

    2.4251

End of this iteration
x-value
    0.0000
    5.1750
    0.3002
    3.3716
    2.5585
         0
    0.0000
    0.0000
    0.0000
         0
    0.0000
    0.0000
    0.0000
    0.0000
         0
    0.0000
    0.0000
    0.0000
    0.0000
    0.0000
   -0.0000
         0
    0.0000
         0
         0
    0.0000
         0
    0.0000
    0.0000
         0
    0.0000
    0.0000
    0.0000
         0
   -0.0000
         0
  193.6006

  -1.0000e+09

    2.4392

End of this iteration
x-value
    0.0000
    5.1058
    0.5524
    2.7704
    3.1688
         0
         0
    0.0000
    0.0000
    0.0000
         0
         0
         0
         0
    0.0000
    0.0000
         0
    0.0000
         0
         0
         0
         0
    0.0000
         0
    0.0000
         0
    0.0000
    0.0000
         0
    0.0000
         0
         0
         0
    0.0000
   -0.0000
         0
  168.4974

  -1.0000e+09

    2.4208

End of this iteration
x-value
    0.0000
    5.1146
    0.4501
    3.2713
    2.5900
         0
    0.0000
         0
         0
    0.0000
    0.0000
    0.0000
         0
         0
    0.0000
    0.0000
    0.0000
         0
         0
         0
         0
    0.0000
    0.0000
         0
    0.0000
    0.0000
    0.0000
    0.0000
    0.0000
         0
    0.0000
    0.0000
    0.0000
         0
         0
    0.0000
  127.3595

  -1.0000e+09

    2.4195

End of this iteration
x-value
    0.0000
    5.1760
    0.3478
    3.2134
    2.8615
         0
    0.0000
         0
    0.0000
   -0.0000
         0
   -0.0000
    0.0000
    0.0000
    0.0000
    0.0000
    0.0000
         0
    0.0000
         0
         0
         0
   -0.0000
    0.0000
    0.0000
         0
    0.0000
    0.0000
    0.0000
    0.0000
    0.0000
         0
    0.0000
    0.0000
    0.0000
         0
  134.0173

  -1.0000e+09

    2.4424

End of this iteration
x-value
         0
    5.1263
    0.4502
    3.2557
    2.6235
         0
    0.0000
         0
         0
    0.0000
         0
         0
         0
    0.0000
    0.0000
         0
    0.0000
         0
    0.0000
         0
    0.0000
    0.0000
    0.0000
    0.0000
         0
         0
         0
         0
    0.0000
         0
    0.0000
    0.0000
         0
         0
    0.0000
    0.0000
  127.8568

  -1.0000e+09

    2.4251

End of this iteration
x-value
    0.0000
    5.1263
    0.4502
    3.2557
    2.6235
         0
    0.0000
    0.0000
         0
    0.0000
         0
    0.0000
    0.0000
         0
    0.0000
         0
    0.0000
         0
    0.0000
    0.0000
    0.0000
    0.0000
    0.0000
    0.0000
   -0.0000
    0.0000
    0.0000
    0.0000
    0.0000
    0.0000
    0.0000
         0
    0.0000
         0
    0.0000
         0
  127.8568

  -1.0000e+09

    2.4251

End of this iteration
x-value
         0
    5.1771
    0.2925
    3.3918
    2.5217
    0.0000
    0.0000
         0
    0.0000
    0.0000
    0.0000
    0.0000
    0.0000
    0.0000
         0
    0.0000
    0.0000
    0.0000
    0.0000
    0.0000
    0.0000
    0.0000
    0.0000
         0
         0
    0.0000
    0.0000
         0
         0
         0
    0.0000
    0.0000
    0.0000
   -0.0000
    0.0000
         0
  134.9161

  -1.0000e+09

    2.5783

End of this iteration
x-value
    0.0000
    4.8911
    0.5601
    3.1997
    2.6511
    0.0000
    0.0000
    0.0000
    0.0000
         0
         0
         0
         0
    0.0000
    0.0000
         0
         0
    0.0000
         0
    0.0000
    0.0000
    0.0000
         0
    0.0000
    0.0000
         0
    0.0000
         0
         0
    0.0000
         0
         0
    0.0000
    0.0000
    0.0000
         0
  115.9333

  -1.0000e+09

    2.3181

End of this iteration
x-value
    0.0000
    4.8911
    0.5601
    3.1997
    2.6511
    0.0000
         0
         0
    0.0000
         0
         0
    0.0000
         0
   -0.0000
         0
         0
    0.0000
    0.0000
    0.0000
         0
         0
    0.0000
    0.0000
         0
         0
    0.0000
    0.0000
    0.0000
         0
    0.0000
    0.0000
    0.0000
    0.0000
    0.0000
    0.0000
         0
  115.9333

  -1.0000e+09

    2.3181

End of this iteration
x-value
    0.0000
    5.1345
    0.3166
    3.2765
    2.8201
         0
    0.0000
         0
    0.0000
    0.0000
    0.0000
    0.0000
         0
         0
    1.5812
    0.0000
         0
         0
    0.0000
         0
    0.0000
    1.0990
    0.0131
    0.0000
    0.0000
    0.1003
    0.0000
    0.0000
    0.0000
    0.0000
    0.0000
         0
    1.3358
    2.1315
    0.0000
         0
  122.6301

  -1.0000e+09

    2.4361

End of this iteration
x-value
    0.0000
    5.1263
    0.4502
    3.2557
    2.6235
    0.0000
    0.0000
         0
    0.0000
    0.0000
    0.0000
    0.0000
    0.0000
    0.0000
         0
    0.0000
    0.0000
         0
    0.0000
    0.0000
    0.0000
    0.0000
    0.0000
         0
         0
    0.0000
    0.0000
    0.0000
         0
    0.0000
    0.0000
    0.0000
    0.0000
    0.0000
         0
         0
  127.8568

  -1.0000e+09

    2.4251

End of this iteration
x-value
    0.0000
    5.1263
    0.4502
    3.2557
    2.6235
   -0.0000
         0
         0
    0.0000
    0.0000
    0.0000
    0.0000
    0.0000
         0
    0.0000
    0.0000
         0
    0.0000
    0.0000
   -0.0000
    0.0000
   -0.0000
         0
    0.0000
    0.0000
    0.0000
    0.0000
    0.0000
    0.0000
   -0.0000
    0.0000
         0
    0.0000
    0.0000
    0.0000
         0
  127.8568

  -1.0000e+09

    2.4251

End of this iteration
x-value
    0.0000
    5.1263
    0.4502
    3.2557
    2.6235
    0.0000
         0
         0
         0
         0
    0.0000
    0.0000
         0
    0.0000
    0.0000
         0
    0.0000
    0.0000
    0.0000
    0.0000
         0
         0
         0
    0.0000
    0.0000
    0.0000
    0.0000
         0
    0.0000
         0
    0.0000
    0.0000
    0.0000
    0.0000
         0
         0
  127.8568

  -1.0000e+09

    2.4251

End of this iteration
x-value
         0
    5.0898
    0.5820
    2.9476
    3.0292
    0.0000
         0
         0
    0.0000
    0.0000
         0
    0.0000
         0
    0.0000
         0
         0
         0
    0.0000
    0.0000
         0
    0.0000
    0.0000
         0
         0
         0
    0.0000
    0.0000
         0
         0
         0
         0
         0
         0
         0
    0.0000
         0
  150.9092

  -1.0000e+09

    2.7444

End of this iteration
x-value
         0
    5.1443
    0.4347
    3.2658
    2.6181
    0.0000
    0.0000
    0.0000
         0
    0.0000
         0
         0
   -0.0000
         0
         0
    0.0000
    0.0000
         0
         0
    0.0000
    0.0000
    0.0000
    0.0000
    0.0000
    0.0000
    0.0000
    0.0000
    0.0000
    0.0000
         0
    0.0000
         0
   -0.0000
    0.0000
    0.0000
   -0.0000
  129.0143

  -1.0000e+09

    2.4329

End of this iteration
x-value
    0.0000
    4.6760
    0.7209
    3.1808
    2.5644
    0.0000
         0
         0
         0
    0.0000
         0
    0.0000
         0
         0
         0
    0.0000
    0.0000
         0
         0
         0
         0
    0.0000
         0
    0.0000
    0.0000
    0.0000
         0
         0
    0.0000
         0
         0
         0
         0
    0.7332
    0.0000
    0.0000
  102.3604

  -1.0000e+09

    2.3679

End of this iteration
x-value
         0
    5.1263
    0.4502
    3.2557
    2.6235
         0
    0.0000
         0
         0
         0
    0.0000
    0.0000
    0.0000
         0
    0.0000
    0.0000
    0.0000
         0
    0.0000
    0.0000
    0.0000
    0.0000
    0.0000
    0.0000
    0.0000
    0.0000
         0
    0.0000
    0.0000
         0
         0
         0
   -0.0000
         0
         0
    0.0000
  127.8568

  -1.0000e+09

    2.4251

End of this iteration
x-value
    0.0000
    5.1263
    0.4502
    3.2557
    2.6235
    0.0000
         0
    0.0000
    0.0000
    0.0000
    0.0000
    0.0000
    0.0000
         0
         0
         0
    0.0000
         0
         0
   -0.0000
    0.0000
    0.0000
    0.0000
         0
    0.0000
         0
    0.0000
    0.0000
   -0.0000
    0.0000
         0
    0.0000
    0.0000
         0
    0.0000
    0.0000
  127.8568

  -1.0000e+09

    2.4251

End of this iteration
x-value
         0
    4.8322
    0.5755
    3.1369
    2.6119
         0
    0.0000
    0.0000
    0.2379
    0.0000
         0
    0.0000
    0.0000
    0.0000
         0
    0.0000
    0.0000
         0
         0
    0.0000
    0.0000
         0
         0
         0
    0.0000
         0
         0
    0.0000
         0
    0.0000
         0
         0
    0.0000
         0
    0.0000
    0.0000
  106.1843

  -1.0000e+09

    2.3022

End of this iteration
x-value
    0.0000
    4.8171
    0.7424
    3.1195
    2.6029
         0
    0.0000
    0.0000
         0
    0.0000
    0.0000
         0
         0
         0
    0.0000
    0.0000
    0.0000
         0
    0.0000
         0
         0
    0.0000
    0.0000
         0
    0.0000
         0
         0
    0.0000
    0.0000
         0
    0.0000
         0
    0.0000
    0.2872
    0.0000
    0.0000
  106.7032

  -1.0000e+09

    2.2940

End of this iteration
x-value
         0
    5.1774
    0.2917
    3.3912
    2.5451
         0
         0
         0
    0.0000
         0
    0.0000
    0.0000
    0.0000
    0.0000
    0.0000
    0.0000
         0
   -0.0000
         0
         0
    0.0000
    0.0000
    0.0000
    0.0000
    0.0000
         0
         0
         0
         0
         0
    0.0000
    0.0000
    0.0000
    0.0000
    0.0000
    0.0000
  134.9602

  -1.0000e+09

    2.4399

End of this iteration
x-value
         0
    5.1101
    0.5099
    3.1035
    2.9211
         0
         0
    0.0000
         0
         0
         0
    0.0000
         0
         0
         0
    0.0000
         0
   -0.0000
         0
    0.0000
    0.0000
         0
         0
         0
    0.0000
    0.0000
         0
    0.0000
    0.0000
    0.0000
    0.0000
         0
    0.0000
         0
    0.0000
         0
  138.7885

  -1.0000e+09

    2.4209

End of this iteration
x-value
    0.0000
    4.8290
    0.7076
    3.1286
    2.6176
    0.0000
    0.0000
    0.0000
         0
    0.0000
         0
    0.0000
         0
    0.0000
    0.0000
    0.0000
    0.0000
         0
    0.0000
         0
    0.0000
         0
         0
         0
         0
         0
    0.0000
         0
    0.0000
    0.0000
         0
    0.0000
         0
         0
         0
         0
  108.4370

  -1.0000e+09

    2.2975

End of this iteration
x-value
         0
    5.1263
    0.4502
    3.2557
    2.6235
         0
    0.0000
    0.0000
         0
         0
    0.0000
    0.0000
    0.0000
    0.0000
         0
    0.0000
    0.0000
    0.0000
    0.0000
    0.0000
    0.0000
         0
    0.0000
         0
    0.0000
         0
    0.0000
    0.0000
         0
    0.0000
    0.0000
    0.0000
         0
         0
    0.0000
    0.0000
  127.8568

  -1.0000e+09

    2.4251

End of this iteration
x-value
    0.0000
    5.1391
    0.4299
    3.0737
    2.7629
         0
         0
    0.0000
    0.0000
    0.0000
         0
    0.0000
         0
         0
         0
         0
    0.0000
    0.0000
         0
    0.0000
    0.0000
    0.0000
    0.0000
    0.0000
    0.0000
         0
    0.0000
         0
    0.0000
         0
         0
    0.0000
    0.0000
    0.0000
         0
    0.0000
  130.5019

  -1.0000e+09

    2.4296

End of this iteration
x-value
         0
    5.1263
    0.4502
    3.2557
    2.6235
    0.0000
    0.0000
    0.0000
         0
         0
         0
    0.0000
    0.0000
         0
    0.0000
         0
    0.0000
         0
         0
         0
    0.0000
         0
         0
    0.0000
         0
         0
    0.0000
         0
    0.0000
         0
         0
         0
         0
    0.0000
         0
         0
  127.8568

  -1.0000e+09

    2.4251

End of this iteration
x-value
    1.2997
    3.8247
    1.4247
    2.3704
    3.3504
         0
         0
         0
    0.0000
         0
   -0.0000
    0.0000
    0.0000
    0.0000
    0.0000
         0
    0.0000
    0.0000
         0
         0
    0.0000
    0.0000
         0
         0
         0
    0.0000
    0.0000
         0
         0
         0
    0.0000
    0.0000
    0.0000
    0.0000
         0
    0.0000
  178.2709

  -1.0000e+09

    3.0840

End of this iteration
x-value
    1.2997
    3.8247
    1.4247
    2.3704
    3.3504
         0
         0
    0.0000
    0.0000
    0.0000
         0
    0.0000
    0.0000
         0
         0
         0
    0.0000
    0.0000
    0.0000
    0.0000
    0.0000
         0
         0
         0
         0
         0
         0
         0
    0.0000
    0.0000
    0.0000
         0
         0
         0
    0.0000
         0
  178.2709

  -1.0000e+09

    3.0840

End of this iteration
x-value
    0.0000
    5.1263
    0.4502
    3.2557
    2.6235
    0.0000
         0
    0.0000
         0
    0.0000
    0.0000
    0.0000
         0
         0
         0
    0.0000
         0
         0
    0.0000
         0
         0
   -0.0000
    0.0000
    0.0000
    0.0000
    0.0000
    0.0000
    0.0000
         0
         0
         0
    0.0000
    0.0000
         0
    0.0000
         0
  127.8568

  -1.0000e+09

    2.4251

End of this iteration
x-value
         0
    5.1257
    0.4507
    3.2554
    2.6237
    0.0000
         0
    0.0000
         0
         0
    0.0000
    0.0000
    0.0000
    0.0000
         0
         0
         0
         0
         0
    0.0000
    0.0000
         0
    0.0000
    0.0000
    0.0000
    0.0000
         0
         0
         0
    0.0000
    0.0000
    0.0000
    0.0000
         0
    0.0000
         0
  127.8198

  -1.0000e+09

    2.4249

End of this iteration
x-value
    0.0000
    4.9474
    0.6078
    3.1164
    2.6854
    0.0000
    0.0000
         0
         0
         0
    0.0000
         0
    0.0000
    0.0000
    0.0000
    0.0000
    0.0000
         0
         0
         0
         0
         0
         0
    0.0000
         0
         0
    0.0000
         0
         0
         0
         0
         0
    0.5442
    1.5257
    0.0000
    0.0000
  116.5395

  -1.0000e+09

    2.3484

End of this iteration
x-value
    0.0000
    5.1469
    0.4036
    3.1124
    2.9303
    0.0000
         0
    0.0000
         0
    0.0000
    0.0000
         0
         0
    0.0000
         0
         0
         0
         0
    0.0000
         0
   -0.0000
         0
    0.0000
    0.0000
    0.0000
         0
    0.0000
    0.0000
         0
    0.0000
   -0.0000
    0.0000
    0.0000
    0.0000
         0
    0.0000
  141.5826

  -1.0000e+09

    2.4318

End of this iteration
x-value
    0.0000
    5.1263
    0.4502
    3.2557
    2.6235
    0.0000
         0
    0.0000
    0.0000
         0
    0.0000
         0
    0.0000
         0
    0.0000
    0.0000
    0.0000
         0
         0
         0
    0.0000
         0
    0.0000
    0.0000
         0
    0.0000
    0.0000
    0.0000
    0.0000
   -0.0000
    0.0000
    0.0000
    0.0000
         0
    0.0000
         0
  127.8568

  -1.0000e+09

    2.4251

End of this iteration
x-value
         0
    5.1263
    0.4502
    3.2557
    2.6235
    0.0000
    0.0000
         0
    0.0000
         0
    0.0000
    0.0000
    0.0000
         0
         0
         0
    0.0000
   -0.0000
         0
    0.0000
    0.0000
    0.0000
    0.0000
         0
         0
    0.0000
    0.0000
         0
    0.0000
         0
    0.0000
         0
         0
    0.0000
    0.0000
   -0.0000
  127.8568

  -1.0000e+09

    2.4251

End of this iteration
x-value
    0.0000
    5.1054
    0.5267
    3.0649
    2.9665
    0.0000
    0.0000
    0.0000
    0.0000
    0.0000
    0.0000
    0.0000
    0.0000
         0
         0
         0
         0
    0.0000
    0.0000
    0.0000
    0.0000
    0.0000
         0
    0.0000
         0
         0
    0.0000
    0.0000
    0.0000
         0
    0.0000
         0
         0
    0.0000
         0
    0.0000
  143.3933

  -1.0000e+09

    2.4196

End of this iteration
x-value
    0.0000
    5.1263
    0.4502
    3.2557
    2.6235
    0.0000
    0.0000
    0.0000
    0.0000
    0.0000
         0
         0
    0.0000
         0
         0
    0.0000
    0.0000
    0.0000
    0.0000
    0.0000
         0
         0
   -0.0000
         0
    0.0000
    0.0000
    0.0000
         0
         0
    0.0000
         0
    0.0000
    0.0000
    0.0000
         0
         0
  127.8568

  -1.0000e+09

    2.4251

End of this iteration
x-value
    0.0000
    4.8535
    0.6756
    3.1214
    2.6330
         0
    0.0000
    0.0000
         0
    0.0000
         0
    0.0000
    0.0000
    0.0000
    0.0000
    0.0000
    0.0000
         0
         0
    0.0000
    0.0000
    0.0000
         0
    0.0000
    0.0000
    0.0000
         0
         0
         0
         0
    0.0000
         0
         0
         0
         0
         0
  110.6106

  -1.0000e+09

    2.5858

End of this iteration
x-value
    0.0000
    4.8535
    0.6348
    3.1573
    2.6508
         0
         0
         0
    0.0000
         0
         0
    0.0000
    0.0000
    0.0000
         0
         0
    0.0000
         0
    0.0000
         0
         0
    0.0000
    0.0000
         0
    0.0000
    0.0000
    0.0000
         0
    0.0000
         0
         0
         0
         0
         0
    0.0000
    0.0000
  111.9779

  -1.0000e+09

    2.3047

End of this iteration
x-value
    0.0000
    4.8702
    0.6240
    3.1583
    2.6603
         0
         0
         0
         0
    0.0000
    0.0000
    0.0000
         0
    0.0000
         0
    0.0000
         0
         0
    0.0000
    0.0000
    0.0000
         0
         0
         0
         0
         0
    0.0000
    0.0000
    0.0000
    0.0000
         0
    0.0000
    0.3941
    1.4338
         0
         0
  112.9671

  -1.0000e+09

    2.3120

End of this iteration
x-value
         0
    5.1605
    0.3526
    3.2534
    2.6212
    0.0000
         0
    0.0000
    0.0000
    0.0000
    0.0000
   -0.0000
    0.0000
         0
    0.0000
         0
    0.0000
         0
         0
         0
         0
         0
         0
         0
    0.0000
         0
         0
    0.0000
    0.0000
    0.0000
         0
         0
    0.0000
   -0.0000
    0.0000
    0.0000
  132.9838

  -1.0000e+09

    2.4353

End of this iteration
x-value
    0.0000
    5.0489
    0.7275
    2.6332
    3.2471
    0.0000
         0
   -0.0000
         0
         0
         0
    0.0000
    0.0000
    0.0000
   -0.0000
         0
         0
    0.0000
    0.0000
    0.0000
         0
         0
    0.0000
    0.0000
         0
    0.0000
    0.0000
    0.0000
    0.0000
   -0.0000
    0.0000
    0.0000
    0.0000
         0
    0.0000
    0.0000
  175.3515

  -1.0000e+09

    2.4044

End of this iteration
x-value
         0
    5.1263
    0.4502
    3.2557
    2.6235
    0.0000
    0.0000
         0
         0
    0.0000
         0
         0
         0
         0
    0.0000
    0.0000
         0
         0
    0.0000
         0
    0.0000
         0
    0.0000
    0.0000
         0
         0
    0.0000
    0.0000
    0.0000
   -0.0000
    0.0000
    0.0000
   -0.0000
         0
    0.0000
    0.0000
  127.8568

  -1.0000e+09

    2.4251

End of this iteration
x-value
    0.0000
    5.1340
    0.4482
    3.0333
    2.7768
         0
         0
         0
         0
         0
    0.0000
         0
         0
         0
    0.0000
    0.0000
    0.0000
         0
         0
    0.0000
    0.0000
    0.0000
         0
    0.0000
         0
    0.0000
    0.0000
    0.0000
         0
         0
         0
         0
    0.2721
    1.5354
    0.0000
         0
  129.9029

  -1.0000e+09

    2.4283

End of this iteration
x-value
    0.0000
    5.1058
    0.5524
    2.7704
    3.1688
         0
    0.0000
    0.0000
         0
         0
    0.0000
    0.0000
         0
    0.0000
    0.0000
    0.0000
         0
         0
         0
         0
    0.0000
         0
    0.0000
    0.0000
    0.0000
         0
    0.0000
    0.0000
    0.0000
         0
    0.0000
         0
         0
    0.0000
    0.0000
         0
  168.4974

  -1.0000e+09

    2.4208

End of this iteration
x-value
    0.0000
    5.1286
    0.4543
    3.1327
    2.9071
         0
    0.0000
         0
    0.0000
         0
    0.0000
    0.0000
         0
    0.0000
         0
         0
    0.0000
    0.0000
    0.0000
         0
         0
         0
    0.0000
         0
    0.0000
         0
         0
         0
         0
    0.0000
    0.0000
         0
    0.7030
    1.5201
         0
    0.0000
  137.9550

  -1.0000e+09

    2.4263

End of this iteration
x-value
    0.0000
    5.1262
    0.4504
    3.2556
    2.6236
         0
         0
         0
         0
         0
    0.0000
    0.0000
         0
    0.0000
    0.0000
         0
    0.0000
         0
    0.0000
         0
    0.0000
    0.0000
         0
    0.0000
    0.0000
         0
         0
    0.0000
    0.0000
    0.0000
    0.0000
         0
    0.0000
         0
         0
    0.0000
  127.8512

  -1.0000e+09

    2.4251

End of this iteration
x-value
         0
    5.1263
    0.4502
    3.2557
    2.6235
         0
    0.0000
    0.0000
    0.0000
    0.0000
    0.0000
    0.0000
         0
    0.0000
         0
         0
    0.0000
    0.0000
    0.0000
    0.0000
         0
    0.0000
    0.0000
    0.0000
         0
         0
    0.0000
    0.0000
   -0.0000
    0.0000
    0.0000
    0.0000
    0.0000
    0.0000
    0.0000
         0
  127.8568

  -1.0000e+09

    2.4251

End of this iteration
x-value
         0
    5.1034
    0.5314
    3.0806
    2.7430
         0
         0
    0.0000
         0
         0
         0
         0
         0
         0
         0
    0.0000
         0
    0.0000
         0
         0
         0
         0
    0.0000
    0.0000
    0.0000
    0.0000
    0.0000
         0
    0.0000
         0
         0
    0.0000
    0.0000
    0.0000
         0
    0.0000
  125.1423

  -1.0000e+09

    2.4190

End of this iteration
x-value
    0.0000
    5.1147
    0.4907
    3.1716
    2.7653
         0
         0
         0
         0
    0.0000
         0
         0
    0.0000
         0
         0
         0
    0.0000
         0
    0.0000
         0
         0
    0.0000
         0
         0
    0.0000
         0
         0
    0.0000
         0
         0
   -0.0000
         0
         0
    0.0000
    0.0000
    0.0000
  126.4508

  -1.0000e+09

    2.4220

End of this iteration
x-value
         0
    5.1263
    0.4502
    3.2557
    2.6235
    0.0000
         0
    0.0000
    0.0000
         0
    0.0000
    0.0000
         0
         0
    0.0000
    0.0000
         0
         0
         0
         0
    0.0000
    0.0000
    0.0000
         0
         0
    0.0000
    0.0000
         0
         0
    0.0000
         0
    0.0000
         0
    0.0000
         0
    0.0000
  127.8568

  -1.0000e+09

    2.4251

End of this iteration
x-value
    0.0000
    5.0489
    0.7275
    2.6332
    3.2471
         0
         0
         0
    0.0000
    0.0000
    0.0000
    0.0000
    0.0000
    0.0000
         0
    0.0000
         0
         0
    0.0000
    0.0000
         0
    0.0000
         0
         0
    0.0000
   -0.0000
    0.0000
         0
    0.0000
    0.0000
         0
    0.0000
         0
         0
    0.0000
         0
  175.3515

  -1.0000e+09

    2.4044

End of this iteration
x-value
    0.0000
    5.0949
    0.5568
    3.0713
    2.7463
    0.0000
         0
    0.0000
         0
    0.0000
         0
    0.0000
         0
         0
    0.0000
         0
    0.0000
    0.0000
    0.0000
    0.0000
    0.0000
    0.0000
    0.0000
    0.0000
         0
    0.0000
    0.0000
    0.0000
         0
         0
         0
         0
         0
    1.2420
    0.0000
         0
  123.8982

  -1.0000e+09

    2.6612

End of this iteration
x-value
    0.0000
    5.1263
    0.4502
    3.2557
    2.6235
    0.0000
         0
         0
         0
    0.0000
    0.0000
    0.0000
    0.0000
    0.0000
    0.0000
    0.0000
    0.0000
    0.0000
    0.0000
         0
         0
         0
    0.0000
    0.0000
    0.0000
    0.0000
         0
    0.0000
    0.0000
    0.0000
    0.0000
    0.0000
    0.0000
         0
         0
   -0.0000
  127.8568

  -1.0000e+09

    2.4251

End of this iteration
x-value
    0.0000
    5.1263
    0.4502
    3.2557
    2.6235
         0
         0
    0.0000
         0
    0.0000
    0.0000
    0.0000
         0
    0.0000
    0.0000
    0.0000
         0
         0
         0
         0
         0
    0.0000
    0.0000
         0
    0.0000
    0.0000
         0
         0
         0
    0.0000
         0
    0.0000
    0.0000
         0
         0
         0
  127.8568

  -1.0000e+09

    2.4251

End of this iteration
x-value
         0
    5.1328
    0.4277
    3.2986
    2.5724
    0.0000
         0
         0
    0.0000
    0.0000
    0.0000
    0.0000
    0.0000
    0.0000
    0.0000
    0.0000
         0
    0.0000
    0.0000
         0
         0
    0.0000
         0
         0
         0
         0
    0.0000
         0
    0.0000
    0.0000
         0
    0.0000
    0.0000
    0.0000
    0.0000
         0
  128.6675

  -1.0000e+09

    2.4269

End of this iteration
x-value
         0
    5.1771
    0.2925
    3.3918
    2.5217
    0.0000
    0.0000
    0.0000
         0
         0
    0.0000
         0
    0.0000
         0
         0
    0.0000
    0.0000
    0.0000
         0
    0.0000
    0.0000
    0.0000
    0.0000
    0.0000
    0.0000
    0.0000
         0
    0.0000
         0
         0
         0
    0.0000
    0.0000
    0.0000
    0.0000
    0.0000
  134.9161

  -1.0000e+09

    2.5867

End of this iteration
x-value
    0.0000
    5.1263
    0.4502
    3.2557
    2.6235
         0
    0.0000
    0.0000
         0
    0.0000
    0.0000
    0.0000
         0
         0
         0
    0.0000
         0
         0
    0.0000
         0
         0
    0.0000
    0.0000
   -0.0000
         0
         0
         0
    0.0000
         0
    0.0000
    0.0000
         0
         0
         0
         0
    0.0000
  127.8568

  -1.0000e+09

    2.4251

End of this iteration
x-value
    0.0000
    5.1431
    0.4386
    3.2628
    2.6198
         0
    0.0000
         0
    0.0000
    0.0000
    0.0000
         0
    0.0000
         0
    0.0000
         0
    0.0000
    0.0000
    0.0000
   -0.0000
         0
    0.0000
         0
         0
    0.0000
         0
         0
         0
         0
         0
    0.0000
         0
    0.0000
    0.0000
    0.0000
    0.0000
  128.8368

  -1.0000e+09

    2.4325

End of this iteration
x-value
    0.0000
    5.1203
    0.4712
    3.2124
    2.6966
         0
         0
   -0.0000
    0.0000
         0
         0
    0.0000
    0.0000
    0.0000
    0.0000
    0.0000
    0.0000
         0
         0
         0
    0.0000
    0.0000
         0
         0
   -0.0000
    0.0000
         0
    0.0000
         0
    0.0000
         0
    0.0000
    0.0000
         0
    0.0000
    0.0000
  127.1299

  -1.0000e+09

    2.4235

End of this iteration
x-value
    0.0000
    4.8685
    0.6300
    3.1458
    2.6813
         0
    0.0000
    0.0000
    0.0000
    0.0000
    0.0000
         0
    0.0000
    0.0000
    0.0000
    0.0000
         0
    0.0000
         0
         0
    0.0000
         0
    0.0000
         0
    0.0000
    0.0000
    0.0000
         0
         0
         0
    0.0000
         0
    0.0000
         0
    0.0000
    0.0000
  114.9823

  -1.0000e+09

    2.3116

End of this iteration
x-value
         0
    4.8371
    0.7223
    3.1252
    2.6169
         0
    0.0000
    0.0000
    0.0000
         0
         0
         0
    0.0000
    0.0000
    0.0000
    0.0000
         0
    0.0000
    0.0000
    0.0000
         0
    0.0000
         0
    0.0000
         0
         0
    0.0000
    0.0000
    0.0000
         0
    0.0000
         0
         0
    0.3216
         0
    0.0000
  108.1427

  -1.0000e+09

    2.6709

End of this iteration
x-value
    0.0000
    5.1263
    0.4502
    3.2557
    2.6235
    0.0000
    0.0000
    0.0000
    0.0000
    0.0000
         0
    0.0000
    0.0000
    0.0000
         0
    0.0000
         0
         0
    0.0000
         0
         0
   -0.0000
    0.0000
    0.0000
    0.0000
    0.0000
         0
   -0.0000
    0.0000
         0
    0.0000
         0
    0.0000
         0
         0
    0.0000
  127.8568

  -1.0000e+09

    2.4251

End of this iteration
x-value
    0.0000
    5.1220
    0.5147
    3.0931
    2.7359
    0.0000
    0.0000
         0
    0.0000
    0.0000
    0.0000
         0
         0
         0
    0.0000
    0.0000
    0.0000
    0.0000
         0
    0.0000
         0
    0.0000
    0.0000
    0.0000
    0.0000
    0.0000
         0
         0
         0
    0.0000
         0
         0
         0
    0.0000
         0
    0.0000
  126.3469

  -1.0000e+09

    2.4269

End of this iteration
x-value
    0.0000
    4.8279
    0.7684
    2.9057
    2.8411
         0
   -0.0000
    0.0000
         0
    0.0000
         0
         0
    0.0000
    0.0000
    0.0000
         0
    0.0000
         0
    0.0000
    0.0000
    0.0000
   -0.0000
    0.0000
         0
         0
         0
    0.0000
    0.0000
    0.0000
    0.0000
         0
         0
         0
    0.0000
         0
         0
  132.4944

  -1.0000e+09

    2.3004

End of this iteration
x-value
         0
    5.1260
    0.5023
    3.0969
    2.9219
    0.0000
    0.0000
         0
         0
         0
         0
    0.0000
         0
         0
         0
         0
    0.0000
         0
    0.0000
    0.0000
    0.0000
         0
         0
         0
         0
         0
    0.0000
    0.0000
    0.0000
         0
    0.0000
         0
         0
    1.2432
    0.0000
    0.0000
  139.1916

  -1.0000e+09

    2.4281

End of this iteration
x-value
    0.0000
    5.1220
    0.5147
    3.0931
    2.7359
    0.0000
    0.0000
    0.0000
    0.0000
    0.0000
         0
         0
    0.0000
    0.0000
    0.0000
         0
         0
         0
         0
    0.0000
    0.0000
    0.0000
    0.0000
    0.0000
    0.0000
         0
    0.0000
         0
    0.0000
         0
    0.0000
         0
    0.0000
         0
    0.0000
   -0.0000
  126.3469

  -1.0000e+09

    2.4269

End of this iteration
x-value
    0.0000
    5.1220
    0.5147
    3.0931
    2.7359
   -0.0000
    0.0000
    0.0000
         0
    0.0000
    0.0000
         0
    0.0000
    0.0000
    0.0000
         0
    0.0000
         0
         0
         0
    0.0000
    0.0000
    0.0000
    0.0000
    0.0000
    0.0000
         0
    0.0000
    0.0000
    0.0000
    0.0000
    0.0000
         0
         0
         0
         0
  126.3469

  -1.0000e+09

    2.4269

End of this iteration
x-value
         0
    5.1263
    0.4502
    3.2557
    2.6235
    0.0000
    0.0000
   -0.0000
    0.0000
    0.0000
         0
    0.0000
         0
         0
         0
    0.0000
         0
         0
         0
    0.0000
    0.0000
         0
    0.0000
         0
         0
    0.0000
    0.0000
    0.0000
         0
         0
         0
    0.0000
    0.0000
   -0.0000
    0.0000
   -0.0000
  127.8568

  -1.0000e+09

    2.4251

End of this iteration
x-value
         0
    4.6741
    0.7320
    3.1557
    2.5550
    0.0000
    0.0000
    0.0000
         0
    0.0000
    0.0000
         0
    0.0000
         0
         0
    0.0000
    0.0000
         0
         0
    0.0000
         0
    0.0000
         0
         0
         0
    0.0000
    0.0000
         0
    0.0000
    0.0000
    0.0000
    0.0000
         0
    0.3901
    0.0000
         0
  102.0478

  -1.0000e+09

    2.3682

End of this iteration
x-value
    0.0000
    5.1771
    0.2925
    3.3918
    2.5217
    0.0000
    0.0000
    0.0000
         0
         0
         0
         0
         0
    0.0000
   -0.0000
         0
    0.0000
    0.0000
    0.0000
    0.0000
         0
         0
    0.0000
         0
         0
         0
    0.0000
    0.0000
    0.0000
    0.0000
         0
   -0.0000
    0.0000
    0.0000
   -0.0000
    0.0000
  134.9161

  -1.0000e+09

    2.5864

End of this iteration
x-value
    0.5591
    4.6323
    0.6916
    3.1368
    2.6807
         0
         0
         0
         0
    0.0000
         0
    0.0000
    0.0000
         0
         0
         0
    0.0000
    0.0000
    0.0000
    0.0000
         0
         0
         0
         0
         0
    0.0000
    0.0000
    0.0000
         0
         0
         0
         0
    0.0000
         0
         0
    0.0000
  138.9588

  -1.0000e+09

    2.7295

End of this iteration
x-value
         0
    5.1263
    0.4502
    3.2557
    2.6235
    0.0000
         0
         0
         0
    0.0000
    0.0000
         0
    0.0000
    0.0000
    0.0000
         0
         0
         0
         0
         0
         0
         0
    0.0000
    0.0000
         0
         0
    0.0000
    0.0000
         0
   -0.0000
         0
    0.0000
         0
    0.0000
         0
    0.0000
  127.8568

  -1.0000e+09

    2.4251

End of this iteration
x-value
    0.0000
    4.8685
    0.6300
    3.1458
    2.6813
         0
   -0.0000
    0.0000
         0
    0.0000
    0.0000
    0.0000
         0
    0.0000
   -0.0000
         0
    0.0000
         0
    0.0000
    0.0000
         0
    0.0000
    0.0000
         0
    0.0000
         0
    0.0000
    0.0000
    0.0000
    0.0000
    0.0000
         0
    0.0000
         0
    0.0000
         0
  114.9823

  -1.0000e+09

    2.3116

End of this iteration
x-value
         0
    4.8279
    0.7684
    2.9057
    2.8411
   -0.0000
    0.0000
    0.0000
    0.0000
         0
    0.0000
    0.0000
         0
         0
         0
    0.0000
         0
    0.0000
         0
   -0.0000
    0.0000
         0
    0.0000
         0
    0.0000
         0
         0
         0
         0
    0.0000
         0
    0.0000
    0.0000
    0.0000
    0.0000
         0
  132.4944

  -1.0000e+09

    2.3004

End of this iteration
x-value
         0
    5.1263
    0.4502
    3.2557
    2.6235
    0.0000
    0.0000
         0
    0.0000
    0.0000
         0
    0.0000
    0.0000
         0
    0.0000
    0.0000
    0.0000
    0.0000
    0.0000
    0.0000
    0.0000
         0
    0.0000
         0
         0
    0.0000
   -0.0000
   -0.0000
    0.0000
    0.0000
    0.0000
    0.0000
    0.0000
         0
    0.0000
    0.0000
  127.8568

  -1.0000e+09

    2.4251

End of this iteration
x-value
         0
    5.1771
    0.2925
    3.3918
    2.5217
         0
    0.0000
    0.0000
    0.0000
         0
         0
         0
    0.0000
    0.0000
    0.0000
    0.0000
         0
    0.0000
         0
    0.0000
         0
    0.0000
    0.0000
    0.0000
    0.0000
    0.0000
         0
    0.0000
    0.0000
    0.0000
         0
    0.0000
    0.0000
    0.0000
         0
         0
  221.3227

  -1.0000e+09

    2.4398

End of this iteration
x-value
    0.0000
    5.1263
    0.4502
    3.2557
    2.6235
         0
         0
         0
    0.0000
    0.0000
         0
         0
         0
    0.0000
         0
    0.0000
    0.0000
    0.0000
    0.0000
         0
         0
    0.0000
    0.0000
    0.0000
         0
         0
         0
         0
    0.0000
    0.0000
         0
    0.0000
   -0.0000
    0.0000
         0
    0.0000
  127.8568

  -1.0000e+09

    2.4251

End of this iteration
x-value
         0
    5.1263
    0.4502
    3.2557
    2.6235
         0
    0.0000
         0
    0.0000
    0.0000
    0.0000
         0
    0.0000
         0
    0.0000
         0
         0
         0
         0
         0
    0.0000
         0
   -0.0000
    0.0000
         0
    0.0000
    0.0000
         0
    0.0000
    0.0000
         0
         0
         0
         0
    0.0000
    0.0000
  127.8568

  -1.0000e+09

    2.4251

End of this iteration
x-value
    0.0000
    5.1263
    0.4502
    3.2557
    2.6235
    0.0000
         0
         0
    0.0000
         0
   -0.0000
         0
    0.0000
         0
         0
    0.0000
    0.0000
   -0.0000
   -0.0000
    0.0000
    0.0000
         0
         0
    0.0000
    0.0000
         0
         0
    0.0000
    0.0000
         0
         0
    0.0000
    0.0000
    0.0000
         0
    0.0000
  127.8568

  -1.0000e+09

    2.4251

End of this iteration
x-value
         0
    5.0180
    0.5774
    3.1052
    2.7184
         0
    0.0000
         0
         0
         0
         0
    0.0000
    0.0000
         0
    0.0000
         0
    0.0000
         0
         0
         0
    0.0000
    0.0000
         0
         0
         0
         0
    0.0000
         0
    0.0000
    0.0000
         0
         0
         0
    1.2809
         0
         0
  120.2246

  -1.0000e+09

    2.3806

End of this iteration
x-value
         0
    5.1220
    0.5147
    3.0931
    2.7359
    0.0000
    0.0000
         0
         0
    0.0000
         0
   -0.0000
         0
         0
         0
    0.0000
    0.0000
    0.0000
    0.0000
         0
         0
    0.0000
         0
         0
         0
    0.0000
    0.0000
    0.0000
    0.0000
    0.0000
         0
         0
    0.0000
    0.0000
    0.0000
    0.0000
  126.3469

  -1.0000e+09

    2.4269

End of this iteration
x-value
         0
    5.1263
    0.4502
    3.2557
    2.6235
         0
         0
    0.0000
         0
         0
    0.0000
         0
         0
    0.0000
    0.0000
         0
         0
    0.0000
         0
         0
         0
         0
         0
    0.0000
    0.0000
    0.0000
         0
    0.0000
   -0.0000
    0.0000
         0
    0.0000
    0.0000
    0.0000
         0
    0.0000
  127.8568

  -1.0000e+09

    2.4251

End of this iteration
x-value
         0
    4.8367
    0.6848
    3.1376
    2.6280
         0
         0
         0
    0.0000
         0
    0.0000
         0
    0.0000
         0
         0
         0
         0
         0
         0
         0
    0.0000
         0
         0
         0
         0
    0.0000
         0
    0.0000
         0
         0
    0.0000
    0.0000
         0
         0
    0.0000
         0
  109.5486

  -1.0000e+09

    2.2997

End of this iteration
x-value
    0.0000
    5.1263
    0.4502
    3.2557
    2.6235
         0
    0.0000
    0.0000
         0
    0.0000
         0
    0.0000
         0
    0.0000
    0.0000
    0.0000
    0.0000
         0
    0.0000
         0
   -0.0000
    0.0000
    0.0000
    0.0000
    0.0000
         0
    0.0000
    0.0000
         0
    0.0000
    0.0000
    0.0000
         0
    0.0000
    0.0000
    0.0000
  127.8568

  -1.0000e+09

    2.4251

End of this iteration
x-value
    0.0000
    4.8669
    0.6339
    3.1516
    2.6551
         0
         0
         0
         0
         0
         0
    0.0000
         0
         0
         0
         0
         0
    0.0000
         0
    0.0000
    0.0000
         0
         0
    0.0000
    0.0000
         0
         0
         0
    0.0000
    0.0000
    0.0000
         0
    0.0759
    1.3300
         0
    0.0000
  112.5073

  -1.0000e+09

    2.3111

End of this iteration
x-value
    0.0000
    5.1263
    0.4502
    3.2557
    2.6235
    0.0000
    0.0000
         0
         0
    0.0000
    0.0000
         0
         0
         0
         0
    0.0000
         0
    0.0000
    0.0000
   -0.0000
    0.0000
    0.0000
    0.0000
    0.0000
    0.0000
         0
         0
    0.0000
    0.0000
    0.0000
    0.0000
         0
         0
    0.0000
    0.0000
    0.0000
  127.8568

  -1.0000e+09

    2.4251

End of this iteration
x-value
    0.0000
    4.8367
    0.6848
    3.1376
    2.6280
    0.0000
    0.0000
         0
    0.0000
         0
         0
    0.0000
    0.0000
         0
         0
         0
    0.0000
         0
         0
         0
    0.0000
    0.0000
         0
    0.0000
    0.0000
         0
         0
         0
    0.0000
         0
    0.0000
    0.0000
    0.0000
    0.0471
         0
         0
  109.5486

  -1.0000e+09

    2.2997

End of this iteration
x-value
    0.0000
    5.1263
    0.4502
    3.2557
    2.6235
         0
    0.0000
         0
         0
    0.0000
    0.0000
    0.0000
         0
    0.0000
    0.0000
    0.0000
         0
         0
    0.0000
         0
    0.0000
    0.0000
    0.0000
    0.0000
         0
         0
    0.0000
         0
         0
    0.0000
    0.0000
    0.0000
         0
    0.0000
         0
         0
  127.8568

  -1.0000e+09

    2.4251

End of this iteration
x-value
         0
    5.1578
    0.3645
    3.2023
    2.8676
    0.0000
         0
    0.0000
    0.0000
         0
         0
    0.0000
    0.0000
         0
    0.0000
    0.0000
         0
    0.0000
    0.0000
         0
    0.0000
         0
         0
         0
    0.0000
    0.0000
    0.0000
         0
    0.0000
         0
    0.0000
    0.0000
    0.0000
         0
    0.0000
    0.0000
  134.5119

  -1.0000e+09

    2.4347

End of this iteration
x-value
    0.0000
    5.2002
    0.2200
    3.4614
    2.4795
         0
         0
         0
    0.0000
         0
    0.0000
    0.0000
    0.0000
         0
         0
         0
    0.0000
    0.0000
    0.0000
         0
         0
    0.0000
    0.0000
    0.0000
    0.0000
         0
         0
    0.0000
    0.0000
         0
    0.0000
         0
         0
    0.0000
         0
         0
  138.0997

  -1.0000e+09

    2.4464

End of this iteration
x-value
    0.0000
    5.1263
    0.4502
    3.2557
    2.6235
         0
    0.0000
    0.0000
         0
         0
    0.0000
         0
         0
    0.0000
         0
         0
    0.0000
    0.0000
         0
         0
         0
    0.0000
    0.0000
    0.0000
    0.0000
         0
         0
         0
    0.0000
         0
    0.0000
    0.0000
    0.0000
         0
    0.0000
    0.0000
  127.8568

  -1.0000e+09

    2.4251

End of this iteration
x-value
         0
    5.1263
    0.4502
    3.2557
    2.6235
         0
         0
    0.0000
    0.0000
         0
         0
         0
   -0.0000
         0
         0
    0.0000
    0.0000
    0.0000
         0
    0.0000
    0.0000
    0.0000
         0
         0
    0.0000
         0
    0.0000
    0.0000
         0
         0
         0
         0
         0
         0
         0
         0
  127.8568

  -1.0000e+09

    2.4251

End of this iteration
x-value
    0.0000
    5.1263
    0.4502
    3.2557
    2.6235
         0
    0.0000
    0.0000
    0.0000
    0.0000
    0.0000
         0
         0
         0
    0.0000
         0
    0.0000
         0
    0.0000
    0.0000
         0
         0
         0
    0.0000
    0.0000
    0.0000
         0
    0.0000
         0
    0.0000
    0.0000
         0
         0
    0.0000
         0
         0
  127.8568

  -1.0000e+09

    2.4251

End of this iteration
x-value
    0.0000
    5.1263
    0.4502
    3.2557
    2.6235
         0
    0.0000
   -0.0000
         0
         0
    0.0000
         0
   -0.0000
    0.0000
         0
         0
    0.0000
         0
    0.0000
         0
         0
    0.0000
    0.0000
    0.0000
         0
         0
    0.0000
    0.0000
         0
         0
         0
         0
         0
         0
         0
   -0.0000
  127.8568

  -1.0000e+09

    2.4251

End of this iteration
x-value
    0.0000
    5.1760
    0.3478
    3.2134
    2.8615
         0
         0
         0
         0
    0.0000
         0
    0.0000
    0.0000
         0
         0
         0
         0
    0.0000
    0.0000
         0
         0
   -0.0000
         0
    0.0000
         0
         0
         0
    0.0000
    0.0000
    0.0000
         0
    0.0000
    0.0000
    0.0000
    0.0000
    0.0000
  134.0173

  -1.0000e+09

    2.4424

End of this iteration
x-value
         0
    5.1750
    0.3002
    3.3716
    2.5585
    0.0000
    0.0000
         0
    0.0000
         0
         0
         0
         0
    0.0000
    0.0000
    0.0000
    0.0000
         0
    0.0000
    0.0000
    0.0000
         0
    0.0000
         0
         0
    0.0000
         0
    0.0000
    0.0000
         0
    0.0000
    0.0000
    0.0000
         0
    0.0000
    0.0000
  134.6852

  -1.0000e+09

    2.4392

End of this iteration
x-value
    0.6912
    4.2722
    1.0236
    2.2724
    2.8238
         0
    0.0000
    0.0000
    0.0000
    1.1079
    0.0000
    0.0000
    0.0000
    0.0000
    0.8832
         0
    0.0000
    0.0000
    0.0000
    0.0000
         0
    0.2066
         0
    0.0000
         0
    0.0000
    0.4954
    1.4574
    0.0000
    0.0000
    0.0000
    0.1012
    0.0000
    0.0000
    0.0000
    0.0000
  115.8039

  -1.0000e+09

    2.7101

End of this iteration
x-value
         0
    5.1263
    0.4502
    3.2557
    2.6235
         0
    0.0000
    0.0000
    0.0000
         0
    0.0000
    0.0000
         0
    0.0000
    0.0000
    0.0000
         0
    0.0000
         0
    0.0000
    0.0000
         0
         0
    0.0000
         0
   -0.0000
         0
         0
         0
         0
    0.0000
         0
         0
   -0.0000
    0.0000
         0
  127.8568

  -1.0000e+09

    2.4251

End of this iteration
x-value
    0.0000
    5.1263
    0.4502
    3.2557
    2.6235
    0.0000
    0.0000
    0.0000
         0
         0
    0.0000
    0.0000
         0
    0.0000
         0
         0
         0
    0.0000
    0.0000
    0.0000
         0
         0
    0.0000
    0.0000
         0
         0
    0.0000
         0
         0
    0.0000
    0.0000
         0
    0.0000
    0.0000
   -0.0000
         0
  127.8568

  -1.0000e+09

    2.4251

End of this iteration
x-value
         0
    5.1263
    0.4502
    3.2557
    2.6235
    0.0000
         0
         0
    0.0000
         0
    0.0000
         0
    0.0000
         0
    0.0000
         0
         0
         0
         0
    0.0000
    0.0000
         0
         0
         0
    0.0000
    0.0000
    0.0000
         0
   -0.0000
    0.0000
         0
    0.0000
    0.0000
    0.0000
         0
         0
  127.8568

  -1.0000e+09

    2.4251

End of this iteration
x-value
         0
    5.1175
    0.4826
    3.1718
    2.7968
         0
         0
         0
    0.0000
         0
    0.0000
         0
    0.0000
         0
    0.0000
    0.0000
    0.0000
         0
         0
         0
         0
         0
         0
         0
    0.0000
         0
         0
    0.0000
         0
    0.0000
         0
    0.0000
         0
    1.3280
    0.0000
    0.0000
  126.8673

  -1.0000e+09

    2.4228

End of this iteration
x-value
    0.0000
    5.1263
    0.4502
    3.2557
    2.6235
    0.0000
    0.0000
   -0.0000
         0
    0.0000
         0
   -0.0000
    0.0000
         0
         0
         0
    0.0000
         0
    0.0000
    0.0000
         0
    0.0000
         0
    0.0000
   -0.0000
         0
    0.0000
         0
    0.0000
         0
    0.0000
    0.0000
    0.0000
         0
         0
         0
  127.8568

  -1.0000e+09

    2.4251

End of this iteration
x-value
         0
    5.1263
    0.4502
    3.2557
    2.6235
    0.0000
    0.0000
         0
    0.0000
    0.0000
         0
         0
    0.0000
         0
    0.0000
    0.0000
    0.0000
         0
         0
    0.0000
         0
    0.0000
    0.0000
    0.0000
    0.0000
         0
    0.0000
    0.0000
    0.0000
    0.0000
    0.0000
         0
   -0.0000
    0.0000
    0.0000
         0
  127.8568

  -1.0000e+09

    2.4251

End of this iteration
{Operation terminated by user during parallel.internal.parfor.ParforEngine/getCompleteIntervals


In parallel_function>distributed_execution (line 746)
        [tags, out] = P.getCompleteIntervals(chunkSize);

In parallel_function (line 578)
    R = distributed_execution(...

In ws3 (line 83)
    parfor i = 1:numVars

In out_max2>@(x,y)ws3(x,y,k,h,p,f,q,false) (line 34)
options6 = optimoptions('simulannealbnd','PlotFcns',{@saplotbestf,@saplottemperature,@saplotf,@saplotstopping},'AnnealingFcn', {@(x,y)ws3(x,y,k,h,p,f,q,false)},'InitialTemperature',initialTemp,'MaxIterations', 10);

In globaloptim.simulannealbnd.sanewpoint (line 17)
     newx(:) = options.AnnealingFcn(optimvalues,problem);

In globaloptim.simulannealbnd.saengine (line 29)
    solverData = globaloptim.simulannealbnd.sanewpoint(solverData,problem,options);

In globaloptim.simulannealbnd.driver (line 28)
solverData = globaloptim.simulannealbnd.saengine(solverData,problem,options);

In simulannealbnd (line 197)
    globaloptim.simulannealbnd.driver(FUN, x0, [], [], [], [], lb, ub, options, defaultopt);

In out_max2/globopt2 (line 82)
        [opt,fval,~,out] = simulannealbnd(opt_fxn, initialGuess, lb, ub,options);

In out_max2 (line 39)
[opt, fval] = globopt2(newey,options6,n,f_name,opt_fxn);

In CSIP_Solver_PDE/solve (line 71)
            [opt,fval] = out_max2(@(u) -1*obj.inner_minimization(u),f_name,obj.domain_dim,obj.constraint_dim,h,k,obj.constraint_bounds);

In solverPDE (line 84)
x_opt = obj.solve(h1,k1);
} 
solverPDE
Enter the number of dimensions (for x): 37
Do you want to enter separate bounds for each dimension? (Y/N): Y
Enter the lower bound for dimension 1: {Operation terminated by user during solverPDE
} 
solverPDE
Enter the number of dimensions (for x): 37
Do you want to enter separate bounds for each dimension? (Y/N): N
Enter lower bound : 0
Enter higher bound : 500
Enter the number of dimensions (for u): 2
Do you want to enter separate bounds for each dimension? (Y/N): N
Enter lower bound : 0
Enter higher bound : 1
