Enter step-size : 0.2
Enter exploration-variable : 4
     1

x-value
         0
    2.4815
    2.1759
    2.4382
    2.8682
    0.4479
         0
    0.0983
    0.0000
    0.0000
         0
    0.3779
    0.0606
    0.0000
    0.0308
         0
    0.0000
         0
    0.0000
    0.0000
    0.0147
    0.0465
    0.0000
         0
    0.0000
    0.0131
         0
         0
         0
         0
    0.0000
    0.0148
         0
    0.0000
    0.0194
    0.0122
    1.0000

  -1.0000e+09

    3.1871

End of this iteration
x-value
         0
    2.4815
    2.1759
    2.4382
    2.8682
    0.4479
         0
    0.0983
         0
         0
         0
    0.3779
    0.0606
         0
    0.0308
         0
         0
         0
         0
         0
    0.0147
    0.0465
         0
         0
         0
    0.0131
    0.0000
         0
         0
         0
    0.0000
    0.0148
    0.0000
    0.0000
    0.0194
    0.0122
    1.0000

  -1.0000e+09

    3.1871

End of this iteration
x-value
    0.8087
    1.5152
    2.3096
    2.2741
    3.4974
    0.4298
    0.1268
    0.0000
    0.0000
    0.0000
    0.0000
    0.4142
    0.0594
         0
    0.0870
         0
         0
         0
         0
    0.0274
    0.0011
    0.0533
         0
    0.0000
         0
    0.0079
    0.0000
         0
         0
         0
         0
         0
         0
    0.0000
    0.0107
    0.0149
    1.0000

  -1.0000e+09

    2.9500

End of this iteration
x-value
         0
    2.4852
    2.1767
    2.4357
    2.8730
    0.4365
    0.0000
    0.0942
         0
    0.0000
         0
    0.3818
    0.0596
         0
    0.0301
    0.0000
         0
         0
    0.0000
    0.0000
    0.0154
    0.0473
         0
         0
         0
    0.0177
         0
         0
         0
         0
    0.0089
    0.0041
         0
    0.0000
    0.0195
    0.0123
    1.0000

  -1.0000e+09

    3.1862

End of this iteration
x-value
         0
    2.4815
    2.1759
    2.4382
    2.8682
    0.4479
    0.0000
    0.0983
         0
    0.0000
         0
    0.3779
    0.0606
    0.0000
    0.0308
         0
         0
         0
         0
         0
    0.0147
    0.0465
         0
         0
         0
    0.0131
    0.0000
    0.0000
         0
         0
         0
    0.0148
         0
    0.0000
    0.0194
    0.0122
    1.0000

  -1.0000e+09

    3.1871

End of this iteration
x-value
         0
    2.3523
    2.4748
    2.1078
    2.1121
    0.9865
         0
    0.5185
         0
         0
         0
    0.0609
    0.0000
    0.0000
    0.0000
    0.1478
    0.0226
    0.0953
    0.0000
    0.0000
    0.0147
    0.0440
    0.0000
    0.0362
         0
         0
    0.0116
    0.0000
    0.0224
         0
         0
    0.0510
    0.0021
         0
    0.0017
    0.0000
    1.0000

  -1.0000e+09

   24.7674

End of this iteration
x-value
    0.0000
    2.5050
    2.2591
    2.2293
    3.1277
    0.3243
         0
    0.1112
         0
    0.0000
    0.0000
    0.4184
    0.0606
         0
    0.0224
    0.0127
         0
         0
         0
         0
    0.0258
    0.0490
    0.0000
         0
    0.0000
    0.0244
         0
         0
    0.0062
         0
         0
         0
    0.0000
         0
    0.0141
    0.0129
    1.0000

  -1.0000e+09

    3.1624

End of this iteration
x-value
         0
    2.4815
    2.1759
    2.4382
    2.8682
    0.4479
         0
    0.0983
    0.0000
    0.0000
         0
    0.3779
    0.0606
    0.0000
    0.0308
         0
    0.0000
         0
         0
    0.0000
    0.0147
    0.0465
    0.0000
    0.0000
    0.0000
    0.0131
    0.0000
    0.0000
         0
         0
    0.0000
    0.0148
    0.0000
    0.0000
    0.0194
    0.0122
    1.0000

  -1.0000e+09

    3.1871

End of this iteration
x-value
    0.0000
    2.5901
    2.2308
    2.2399
    3.2030
         0
         0
         0
         0
         0
         0
    0.5268
         0
    0.0000
    0.0422
    0.0977
    0.0000
    0.0333
         0
    0.0000
         0
    0.0336
    0.0000
         0
         0
    0.0188
         0
         0
    0.0000
    0.0000
         0
    0.0000
         0
         0
    0.0067
    0.0142
    1.0000

  -1.0000e+09

    3.1525

End of this iteration
x-value
         0
    2.4815
    2.1759
    2.4382
    2.8682
    0.4479
    0.0000
    0.0983
         0
         0
    0.0000
    0.3779
    0.0606
    0.0000
    0.0308
    0.0000
    0.0000
         0
    0.0000
    0.0000
    0.0147
    0.0465
         0
    0.0000
         0
    0.0131
         0
         0
         0
    0.0000
    0.0000
    0.0148
         0
         0
    0.0194
    0.0122
    1.0000

  -1.0000e+09

    3.1871

End of this iteration
x-value
    0.0000
    2.4808
    2.1883
    2.4437
    2.8891
    0.3085
         0
    0.1151
    0.0000
         0
    0.0000
    0.4284
    0.0610
         0
    0.0324
    0.0037
    0.0000
         0
    0.0000
         0
    0.0173
    0.0566
         0
    0.0000
    0.0000
    0.0232
         0
         0
    0.0089
         0
         0
    0.0000
    0.0000
         0
    0.0055
    0.0411
    1.0000

  -1.0000e+09

    3.1812

End of this iteration
x-value
         0
    2.4815
    2.1759
    2.4382
    2.8682
    0.4479
    0.0000
    0.0983
         0
         0
         0
    0.3779
    0.0606
    0.0000
    0.0308
         0
    0.0000
         0
    0.0000
         0
    0.0147
    0.0465
    0.0000
         0
    0.0000
    0.0131
         0
    0.0000
         0
         0
    0.0000
    0.0148
         0
         0
    0.0194
    0.0122
    1.0000

  -1.0000e+09

    3.1871

End of this iteration
x-value
    0.5986
    1.7307
    2.2731
    2.3021
    3.3692
    0.4054
    0.1435
         0
    0.0000
    0.0000
    0.0000
    0.4161
    0.0806
         0
    0.0948
    0.0002
    0.0000
         0
         0
    0.0105
         0
    0.0567
         0
    0.0000
         0
    0.0159
         0
    0.0000
    0.0000
    0.0119
    0.0000
    0.0000
    0.0000
    0.0000
    0.0190
    0.0036
    1.0000

  -1.0000e+09

    2.9838

End of this iteration
x-value
    0.0000
    2.4813
    2.1760
    2.4385
    2.8679
    0.4479
         0
    0.0986
         0
         0
    0.0000
    0.3779
    0.0613
         0
    0.0308
         0
    0.0000
         0
         0
    0.0000
    0.0152
    0.0464
    0.0000
    0.0000
         0
    0.0124
         0
    0.0000
    0.0000
         0
         0
    0.0162
         0
    0.0000
    0.0202
    0.0120
    1.0000

  -1.0000e+09

    3.1871

End of this iteration
x-value
    0.0000
    2.4644
    2.1661
    2.4363
    2.8442
    0.4980
    0.0000
    0.1073
    0.0000
    0.0000
    0.0000
    0.3588
    0.0618
    0.0000
    0.0321
         0
         0
    0.0000
         0
         0
    0.0120
    0.0430
         0
         0
         0
         0
    0.0000
         0
    0.0000
    0.0000
         0
    0.0364
    0.0000
         0
    0.0189
    0.0120
    1.0000

  -1.0000e+09

    3.1953

End of this iteration
x-value
    0.0000
    2.4815
    2.1759
    2.4382
    2.8682
    0.4479
    0.0000
    0.0983
    0.0000
    0.0000
    0.0000
    0.3779
    0.0606
         0
    0.0308
         0
    0.0000
         0
    0.0000
         0
    0.0147
    0.0465
    0.0000
    0.0000
         0
    0.0131
    0.0000
         0
         0
         0
         0
    0.0148
         0
         0
    0.0194
    0.0122
    1.0000

  -1.0000e+09

    3.1871

End of this iteration
x-value
    0.6724
    1.6522
    2.2867
    2.2928
    3.4115
    0.4268
    0.1425
         0
         0
         0
         0
    0.4108
    0.0660
    0.0000
    0.0906
         0
    0.0000
         0
    0.0036
    0.0155
         0
    0.0513
    0.0000
    0.0000
         0
    0.0125
    0.0000
         0
         0
         0
         0
         0
         0
    0.0000
    0.0113
    0.0145
    1.0000

  -1.0000e+09

    2.9573

End of this iteration
x-value
         0
    2.5496
    2.1742
    2.2837
    3.2279
    0.0742
    0.0000
    0.0000
    0.0041
         0
         0
    0.5011
    0.0361
    0.0000
    0.1061
    0.0833
    0.0000
    0.0407
    0.0176
    0.0000
    0.0000
    0.0505
    0.0000
         0
    0.0000
    0.0204
    0.0000
    0.0000
    0.0124
    0.0191
    0.0000
         0
    0.0000
         0
    0.0000
         0
    1.0000

  -1.0000e+09

    3.1783

End of this iteration
x-value
    0.0000
    2.4962
    2.0236
    2.3758
    3.4037
         0
    0.0000
         0
    0.1395
         0
         0
    0.5752
    0.0852
    0.0000
    0.0000
    0.0564
    0.0000
         0
         0
    0.0043
    0.0211
    0.0410
         0
    0.0000
    0.0000
    0.0201
         0
         0
    0.0000
    0.0000
    0.0000
    0.0000
         0
         0
    0.0196
    0.0120
    1.0000

  -1.0000e+09

    3.2144

End of this iteration
x-value
         0
    2.4233
    2.4412
    1.6739
    3.7000
         0
         0
    0.2989
         0
    0.0656
    0.0000
    0.5175
    0.0565
    0.0000
    0.0455
    0.1059
    0.0000
    0.0403
         0
         0
    0.0214
    0.0239
         0
         0
         0
    0.0017
         0
         0
         0
         0
         0
    0.0373
         0
         0
    0.0196
    0.0050
    1.0000

  -1.0000e+09

    3.2840

End of this iteration
x-value
         0
    2.4615
    2.1692
    2.4133
    2.8726
    0.2973
         0
    0.1093
    0.0000
         0
    0.0000
    0.4281
    0.0610
         0
    0.0331
    0.0089
         0
    0.0000
         0
         0
    0.0164
    0.0478
    0.0000
    0.0000
    0.0000
    0.0221
    0.0000
         0
         0
    0.0000
         0
         0
    0.0000
    0.0000
    0.0205
    0.0121
    1.0000

  -1.0000e+09

    3.1962

End of this iteration
x-value
         0
    2.4815
    2.1759
    2.4382
    2.8682
    0.4479
         0
    0.0983
    0.0000
         0
         0
    0.3779
    0.0606
    0.0000
    0.0308
         0
    0.0000
    0.0000
         0
         0
    0.0147
    0.0465
         0
         0
         0
    0.0131
    0.0000
         0
         0
         0
         0
    0.0148
         0
    0.0000
    0.0194
    0.0122
    1.0000

  -1.0000e+09

    3.1871

End of this iteration
x-value
    0.0000
    2.4701
    2.1988
    2.3334
    2.9457
    1.1194
    0.0000
    0.1245
         0
         0
    0.0000
    0.0774
    0.0193
    0.0025
    0.0318
    0.0797
    0.0000
    0.1106
    0.0267
    0.0215
    0.0324
    0.0398
    0.0000
         0
    0.0000
    0.0134
    0.0000
    0.0000
    0.0000
    0.0000
         0
         0
    0.0000
    0.0000
    0.0218
    0.0056
    1.0000

  -1.0000e+09

    3.1868

End of this iteration
x-value
         0
    2.4815
    2.1759
    2.4382
    2.8682
    0.4479
         0
    0.0983
    0.0000
         0
    0.0000
    0.3779
    0.0606
         0
    0.0308
    0.0000
    0.0000
         0
    0.0000
         0
    0.0147
    0.0465
    0.0000
         0
         0
    0.0131
    0.0000
         0
    0.0000
    0.0000
         0
    0.0148
    0.0000
         0
    0.0194
    0.0122
    1.0000

  -1.0000e+09

    3.1871

End of this iteration
x-value
         0
    3.4045
    1.9932
    2.3341
    1.2272
    0.9358
         0
    0.0223
         0
         0
    0.1244
    0.0974
    0.0000
    0.0000
    0.0000
    0.0000
    0.0000
    0.0000
    0.0000
    0.0000
    0.0000
    0.0286
         0
    0.0055
    0.0151
    0.0000
         0
    0.0107
         0
    0.0164
         0
    0.0138
    0.0000
         0
    0.0110
         0
    1.0000

  -1.0000e+09

   48.7642

End of this iteration
x-value
         0
    2.3537
    2.4351
    1.7386
    3.6330
    0.3443
         0
    0.3854
    0.0000
    0.0000
    0.0000
    0.3471
    0.0506
         0
    0.0493
    0.1704
    0.0000
    0.1056
         0
         0
    0.0261
    0.0192
         0
         0
         0
    0.0035
    0.0000
         0
    0.0050
         0
         0
    0.0371
         0
    0.0000
    0.0136
    0.0105
    1.0000

  -1.0000e+09

    3.4910

End of this iteration
x-value
    0.0000
    2.4711
    2.1718
    2.4425
    2.8520
    0.5024
         0
    0.1072
    0.0000
    0.0000
    0.0000
    0.3587
    0.0618
         0
    0.0321
    0.0000
    0.0000
         0
    0.0000
         0
    0.0120
    0.0430
         0
         0
    0.0000
    0.0000
    0.0000
    0.0000
    0.0000
         0
         0
    0.0364
    0.0000
    0.0000
    0.0189
    0.0120
    1.0000

  -1.0000e+09

    3.1908

End of this iteration
x-value
    0.0000
    2.4972
    2.1860
    2.4431
    2.8892
    0.4164
         0
    0.0921
    0.0000
    0.0000
         0
    0.3908
    0.0598
    0.0000
    0.0298
         0
    0.0000
         0
         0
         0
    0.0165
    0.0489
    0.0000
    0.0000
    0.0000
    0.0221
         0
         0
         0
         0
    0.0000
         0
         0
    0.0000
    0.0198
    0.0123
    1.0000

  -1.0000e+09

    3.1788

End of this iteration
x-value
    0.0000
    2.4711
    2.1718
    2.4425
    2.8520
    0.5024
    0.0000
    0.1072
         0
    0.0000
         0
    0.3587
    0.0618
    0.0000
    0.0321
    0.0000
         0
         0
    0.0000
         0
    0.0120
    0.0430
    0.0000
    0.0000
         0
         0
         0
         0
    0.0000
         0
         0
    0.0364
    0.0000
    0.0000
    0.0189
    0.0120
    1.0000

  -1.0000e+09

    3.1908

End of this iteration
x-value
    0.0000
    2.4798
    2.1331
    2.6050
    2.6878
    0.9308
    0.0000
    0.0926
         0
         0
    0.0000
    0.1903
    0.0670
         0
    0.0360
         0
         0
    0.0394
         0
         0
    0.0188
    0.0490
         0
         0
    0.0000
    0.0228
         0
         0
         0
         0
    0.0000
    0.0000
         0
         0
    0.0207
    0.0090
    1.0000

  -1.0000e+09

    3.1927

End of this iteration
x-value
         0
    2.4815
    2.1759
    2.4382
    2.8682
    0.4479
    0.0000
    0.0983
    0.0000
         0
    0.0000
    0.3779
    0.0606
    0.0000
    0.0308
         0
         0
         0
         0
         0
    0.0147
    0.0465
    0.0000
    0.0000
    0.0000
    0.0131
    0.0000
    0.0000
         0
         0
    0.0000
    0.0148
         0
    0.0000
    0.0194
    0.0122
    1.0000

  -1.0000e+09

    3.1871

End of this iteration
x-value
         0
    2.4815
    2.1759
    2.4382
    2.8682
    0.4479
         0
    0.0983
    0.0000
    0.0000
         0
    0.3779
    0.0606
    0.0000
    0.0308
         0
         0
         0
         0
    0.0000
    0.0147
    0.0465
    0.0000
    0.0000
    0.0000
    0.0131
         0
    0.0000
         0
    0.0000
    0.0000
    0.0148
         0
    0.0000
    0.0194
    0.0122
    1.0000

  -1.0000e+09

    3.1871

End of this iteration
x-value
         0
    2.4815
    2.1759
    2.4382
    2.8682
    0.4479
    0.0000
    0.0983
         0
         0
         0
    0.3779
    0.0606
         0
    0.0308
         0
         0
    0.0000
    0.0000
         0
    0.0147
    0.0465
         0
    0.0000
    0.0000
    0.0131
    0.0000
         0
         0
    0.0000
         0
    0.0148
    0.0000
    0.0000
    0.0194
    0.0122
    1.0000

  -1.0000e+09

    3.1871

End of this iteration
x-value
         0
    2.5473
    2.1780
    2.3801
    2.9891
    0.3075
    0.0000
         0
    0.0000
         0
    0.0000
    0.4299
    0.0939
    0.0000
    0.0449
    0.0096
         0
         0
         0
         0
    0.0188
    0.0481
    0.0000
         0
         0
    0.0193
         0
         0
    0.0046
    0.0000
         0
    0.0068
    0.0000
    0.0000
    0.0153
    0.0127
    1.0000

  -1.0000e+09

    3.1756

End of this iteration
x-value
         0
    2.2726
    2.1902
    2.3598
    2.8274
    1.1086
         0
    0.3531
         0
         0
    0.0000
    0.1079
    0.0830
    0.0000
    0.0661
    0.1097
    0.0000
    0.0282
         0
    0.0000
    0.0240
    0.0456
    0.0000
    0.0432
         0
         0
    0.0000
         0
    0.0236
         0
         0
    0.0501
    0.0078
    0.0000
    0.0000
    0.0000
    1.0000

  -1.0000e+09

    7.6062

End of this iteration
x-value
    0.0000
    2.4815
    2.1759
    2.4382
    2.8682
    0.4479
         0
    0.0983
         0
    0.0000
         0
    0.3779
    0.0606
    0.0000
    0.0308
         0
    0.0000
         0
         0
    0.0000
    0.0147
    0.0465
         0
         0
    0.0000
    0.0131
         0
         0
         0
         0
    0.0000
    0.0148
         0
    0.0000
    0.0194
    0.0122
    1.0000

  -1.0000e+09

    3.1871

End of this iteration
x-value
         0
    2.0853
    2.2625
    2.3770
    2.5759
         0
         0
    0.7257
         0
    0.1649
    0.0000
    1.2642
    0.0000
         0
    0.0722
    0.2708
         0
         0
         0
         0
    0.0246
    0.0047
    0.0000
    0.0000
    0.0000
    0.0000
    0.0000
    0.0000
    0.0182
    0.0000
         0
    0.0389
         0
         0
         0
    0.0070
    1.0000

  -1.0000e+09

    5.3037

End of this iteration
x-value
    0.0000
    2.4815
    2.1759
    2.4382
    2.8682
    0.4479
    0.0000
    0.0983
    0.0000
    0.0000
    0.0000
    0.3779
    0.0606
         0
    0.0308
    0.0000
         0
         0
         0
    0.0000
    0.0147
    0.0465
    0.0000
         0
    0.0000
    0.0131
    0.0000
    0.0000
    0.0000
         0
    0.0000
    0.0148
         0
    0.0000
    0.0194
    0.0122
    1.0000

  -1.0000e+09

    3.1871

End of this iteration
x-value
         0
    2.4815
    2.1759
    2.4382
    2.8682
    0.4479
    0.0000
    0.0983
    0.0000
    0.0000
    0.0000
    0.3779
    0.0606
         0
    0.0308
         0
    0.0000
         0
    0.0000
    0.0000
    0.0147
    0.0465
    0.0000
         0
         0
    0.0131
         0
         0
    0.0000
    0.0000
    0.0000
    0.0148
         0
         0
    0.0194
    0.0122
    1.0000

  -1.0000e+09

    3.1871

End of this iteration
x-value
    0.0000
    2.4815
    2.1759
    2.4382
    2.8682
    0.4479
    0.0000
    0.0983
    0.0000
    0.0000
    0.0000
    0.3779
    0.0606
         0
    0.0308
    0.0000
         0
    0.0000
    0.0000
         0
    0.0147
    0.0465
         0
    0.0000
    0.0000
    0.0131
    0.0000
         0
    0.0000
         0
    0.0000
    0.0148
         0
    0.0000
    0.0194
    0.0122
    1.0000

  -1.0000e+09

    3.1871

End of this iteration
x-value
         0
    2.1055
    1.9714
    2.3385
    3.4675
    0.4061
    0.2380
    0.0303
    0.0000
    0.0000
    0.0000
    0.4247
    0.0318
    0.0000
    0.1064
         0
         0
         0
    0.0146
    0.0256
         0
    0.0654
         0
    0.0000
    0.0000
    0.0090
    0.0000
         0
    0.0100
    0.0212
         0
    0.0000
    0.0000
         0
         0
    0.0000
    1.0000

  -1.0000e+09

    3.3296

End of this iteration
x-value
         0
    2.4605
    2.1692
    2.4303
    2.8356
    0.8914
    0.0000
    0.1139
         0
         0
    0.0000
    0.1797
    0.0608
    0.0000
    0.0304
         0
         0
    0.0329
         0
         0
    0.0131
    0.0456
         0
    0.0000
    0.0000
    0.0001
    0.0000
    0.0000
    0.0024
         0
         0
    0.0372
    0.0000
         0
    0.0168
    0.0121
    1.0000

  -1.0000e+09

    3.1954

End of this iteration
x-value
         0
    2.4664
    2.1774
    2.4522
    2.8539
    0.4539
    0.0000
    0.1223
    0.0000
         0
         0
    0.3766
    0.0604
    0.0000
    0.0335
    0.0000
         0
         0
         0
         0
    0.0104
    0.0498
    0.0000
    0.0000
    0.0000
    0.0001
         0
    0.0000
    0.0062
    0.0000
    0.0000
    0.0369
    0.0000
    0.0000
    0.0076
    0.0380
    1.0000

  -1.0000e+09

    3.1885

End of this iteration
x-value
         0
    2.4855
    2.1618
    2.4361
    2.8386
    0.8051
         0
    0.0792
         0
         0
    0.0000
    0.2541
    0.0500
    0.0000
    0.0305
         0
    0.0000
    0.0000
         0
    0.0000
    0.0000
    0.0248
         0
    0.0000
         0
         0
         0
         0
    0.0000
    0.0000
         0
         0
         0
    0.0000
    0.0000
         0
    1.0000

  -1.0000e+09

    3.1926

End of this iteration
x-value
    0.9002
    1.2378
    2.2882
    2.2011
    3.6304
    0.2918
    0.1385
    0.0000
    0.0013
    0.0000
    0.0000
    0.4621
    0.0591
    0.0000
    0.0951
    0.0000
    0.0000
    0.0000
    0.0066
    0.0245
    0.0000
    0.0551
    0.0000
    0.0000
         0
    0.0086
         0
         0
         0
    0.0038
         0
         0
    0.0000
         0
    0.0134
    0.0113
    1.0000

  -1.0000e+09

    3.3029

End of this iteration
x-value
         0
    2.4815
    2.1759
    2.4382
    2.8682
    0.4479
    0.0000
    0.0983
    0.0000
         0
         0
    0.3779
    0.0606
         0
    0.0308
    0.0000
    0.0000
         0
    0.0000
    0.0000
    0.0147
    0.0465
    0.0000
         0
         0
    0.0131
         0
         0
         0
         0
    0.0000
    0.0148
    0.0000
         0
    0.0194
    0.0122
    1.0000

  -1.0000e+09

    3.1871

End of this iteration
x-value
    0.0000
    2.5022
    2.1899
    2.4317
    2.8629
    0.4827
    0.0000
    0.0977
    0.0000
    0.0000
    0.0000
    0.3647
    0.0048
         0
    0.0046
    0.0000
         0
         0
         0
         0
    0.0227
    0.0471
         0
         0
    0.0000
    0.0232
    0.0000
    0.0000
    0.0000
    0.0000
    0.0000
    0.0000
    0.0000
    0.0000
    0.0205
    0.0094
    1.0000

  -1.0000e+09

    3.1778

End of this iteration
x-value
         0
    2.4815
    2.1759
    2.4382
    2.8682
    0.4479
         0
    0.0983
         0
    0.0000
    0.0000
    0.3779
    0.0606
         0
    0.0308
         0
         0
         0
    0.0000
    0.0000
    0.0147
    0.0465
    0.0000
         0
    0.0000
    0.0131
    0.0000
         0
    0.0000
    0.0000
         0
    0.0148
         0
         0
    0.0194
    0.0122
    1.0000

  -1.0000e+09

    3.1871

End of this iteration
x-value
    0.0000
    2.6436
    2.3388
    2.4078
    2.4702
    1.1039
    0.0000
    0.0702
         0
         0
    0.0000
    0.0801
    0.0547
         0
         0
    0.0120
    0.0000
    0.0615
         0
         0
    0.0321
    0.0447
    0.0000
         0
         0
    0.0249
    0.0000
         0
         0
         0
         0
         0
         0
    0.0000
    0.0214
    0.0070
    1.0000

  -1.0000e+09

    3.0854

End of this iteration
x-value
    0.0000
    2.5534
    2.1733
    2.3665
    2.9123
    0.9669
    0.0000
    0.0000
    0.0000
         0
    0.0000
         0
         0
    0.0000
    0.0000
         0
         0
    0.2530
    0.0262
    0.0037
    0.0319
    0.0389
    0.0000
         0
         0
    0.0204
         0
    0.0027
    0.0000
         0
         0
         0
         0
    0.0000
         0
         0
    1.0000

  -1.0000e+09

    3.1792

End of this iteration
x-value
    0.0000
    2.4711
    2.1718
    2.4425
    2.8520
    0.5024
    0.0000
    0.1072
         0
         0
    0.0000
    0.3587
    0.0618
    0.0000
    0.0321
         0
         0
         0
    0.0000
         0
    0.0120
    0.0430
    0.0000
    0.0000
         0
    0.0000
    0.0000
         0
    0.0000
         0
         0
    0.0364
         0
    0.0000
    0.0189
    0.0120
    1.0000

  -1.0000e+09

    3.1908

End of this iteration
x-value
         0
    2.4291
    2.1650
    2.4394
    2.7986
    1.1026
    0.0000
    0.1493
    0.0000
         0
    0.0000
    0.1288
    0.0685
         0
    0.0363
    0.0188
         0
    0.0360
         0
         0
    0.0190
    0.0446
    0.0000
    0.0000
    0.0000
    0.0020
         0
    0.0000
    0.0077
         0
         0
    0.0370
         0
         0
    0.0118
    0.0125
    1.0000

  -1.0000e+09

    3.2030

End of this iteration
x-value
    0.0000
    2.4815
    2.1759
    2.4382
    2.8682
    0.4479
    0.0000
    0.0983
    0.0000
    0.0000
    0.0000
    0.3779
    0.0606
    0.0000
    0.0308
         0
    0.0000
         0
         0
         0
    0.0147
    0.0465
         0
         0
         0
    0.0131
    0.0000
    0.0000
    0.0000
         0
    0.0000
    0.0148
    0.0000
         0
    0.0194
    0.0122
    1.0000

  -1.0000e+09

    3.1871

End of this iteration
x-value
    0.0000
    2.4858
    2.3859
    2.2896
    2.3218
    1.0131
    0.0000
    0.3015
    0.0000
    0.0000
         0
    0.1326
    0.0000
         0
    0.0000
    0.0880
    0.0000
    0.0156
         0
         0
    0.0186
    0.0503
         0
    0.0451
         0
    0.0000
    0.0076
    0.0000
    0.0241
         0
         0
    0.0504
    0.0036
    0.0000
         0
    0.0000
    1.0000

  -1.0000e+09

   30.6787

End of this iteration
x-value
    0.0000
    2.4815
    2.1759
    2.4382
    2.8682
    0.4479
    0.0000
    0.0983
    0.0000
    0.0000
    0.0000
    0.3779
    0.0606
    0.0000
    0.0308
         0
    0.0000
         0
    0.0000
         0
    0.0147
    0.0465
    0.0000
         0
    0.0000
    0.0131
         0
         0
         0
         0
         0
    0.0148
         0
         0
    0.0194
    0.0122
    1.0000

  -1.0000e+09

    3.1871

End of this iteration
x-value
    0.0000
    2.5397
    2.1980
    2.4397
    2.9305
    0.4405
    0.0000
    0.0506
    0.0000
    0.0000
    0.0000
    0.3854
    0.0610
    0.0087
    0.0272
    0.0000
         0
         0
         0
    0.0000
    0.0214
    0.0476
    0.0000
    0.0000
         0
    0.0227
    0.0000
         0
    0.0000
    0.0000
         0
    0.0000
         0
    0.0000
    0.0206
    0.0095
    1.0000

  -1.0000e+09

    3.1647

End of this iteration
x-value
         0
    2.4827
    2.1908
    2.4341
    2.9036
    0.2892
         0
    0.1138
    0.0000
         0
    0.0000
    0.4362
    0.0608
    0.0000
    0.0341
    0.0113
         0
    0.0000
         0
    0.0000
    0.0156
    0.0473
    0.0000
    0.0000
         0
    0.0219
    0.0000
    0.0000
         0
    0.0000
         0
         0
         0
         0
    0.0197
    0.0123
    1.0000

  -1.0000e+09

    3.1803

End of this iteration
x-value
         0
    2.4711
    2.1718
    2.4425
    2.8520
    0.5024
    0.0000
    0.1072
         0
    0.0000
    0.0000
    0.3587
    0.0618
    0.0000
    0.0321
    0.0000
    0.0000
         0
    0.0000
         0
    0.0120
    0.0430
    0.0000
         0
    0.0000
         0
         0
    0.0000
    0.0000
         0
         0
    0.0364
         0
    0.0000
    0.0189
    0.0120
    1.0000

  -1.0000e+09

    3.1908

End of this iteration
x-value
         0
    2.5648
    2.1932
    2.3953
    2.9480
    0.4671
         0
         0
         0
         0
         0
    0.3724
    0.0741
         0
    0.0170
    0.0000
    0.0000
         0
    0.0000
         0
    0.0265
    0.0476
    0.0000
         0
         0
    0.0241
    0.0000
    0.0000
    0.0023
    0.0000
    0.0000
         0
         0
    0.0000
    0.0178
    0.0125
    1.0000

  -1.0000e+09

    3.1654

End of this iteration
x-value
    0.0000
    2.4658
    2.1662
    2.4355
    2.8434
    0.5729
    0.0000
    0.1078
    0.0000
    0.0000
         0
    0.3254
    0.0525
    0.0000
    0.0313
    0.0000
         0
    0.0106
         0
    0.0000
    0.0078
    0.0494
         0
         0
    0.0000
    0.0125
         0
    0.0000
         0
    0.0000
    0.0000
    0.0134
         0
    0.0000
    0.0197
    0.0107
    1.0000

  -1.0000e+09

    3.1950

End of this iteration
x-value
         0
    2.4711
    2.1718
    2.4425
    2.8520
    0.5024
         0
    0.1072
         0
         0
         0
    0.3587
    0.0618
         0
    0.0321
         0
         0
         0
         0
    0.0000
    0.0120
    0.0430
         0
    0.0000
    0.0000
         0
    0.0000
         0
         0
    0.0000
         0
    0.0364
    0.0000
    0.0000
    0.0189
    0.0120
    1.0000

  -1.0000e+09

    3.1908

End of this iteration
x-value
    0.0000
    2.4955
    2.1778
    2.4275
    2.8843
    0.4196
         0
    0.0818
         0
         0
    0.0000
    0.3874
    0.0540
    0.0000
    0.0273
         0
    0.0000
         0
    0.0000
         0
    0.0169
    0.0488
    0.0000
    0.0000
    0.0000
    0.0221
         0
    0.0000
         0
         0
         0
    0.0000
    0.0000
    0.0000
    0.0198
    0.0123
    1.0000

  -1.0000e+09

    3.1841

End of this iteration
x-value
         0
    2.5499
    2.1587
    2.4174
    2.8220
    0.8853
    0.0000
         0
         0
         0
    0.0000
    0.3470
    0.0000
         0
         0
         0
    0.0000
         0
    0.0268
    0.0104
    0.0322
    0.0465
    0.0000
         0
         0
    0.0176
         0
    0.0000
         0
    0.0000
         0
    0.0000
         0
         0
    0.0212
    0.0086
    1.0000

  -1.0000e+09

    3.1824

End of this iteration
x-value
         0
    2.4711
    2.1718
    2.4425
    2.8520
    0.5024
         0
    0.1072
    0.0000
    0.0000
    0.0000
    0.3587
    0.0618
    0.0000
    0.0321
    0.0000
         0
         0
    0.0000
    0.0000
    0.0120
    0.0430
         0
    0.0000
    0.0000
         0
         0
         0
    0.0000
         0
         0
    0.0364
         0
    0.0000
    0.0189
    0.0120
    1.0000

  -1.0000e+09

    3.1908

End of this iteration
x-value
         0
    2.4635
    2.1715
    2.4274
    2.8651
    0.3134
    0.0000
    0.1128
         0
    0.0000
    0.0000
    0.4226
    0.0602
    0.0000
    0.0319
    0.0023
    0.0000
         0
    0.0000
    0.0000
    0.0169
    0.0566
    0.0000
         0
         0
    0.0231
    0.0000
         0
    0.0085
         0
         0
         0
    0.0000
         0
    0.0059
    0.0410
    1.0000

  -1.0000e+09

    3.1938

End of this iteration
x-value
         0
    2.4815
    2.1759
    2.4382
    2.8682
    0.4479
         0
    0.0983
         0
    0.0000
    0.0000
    0.3779
    0.0606
         0
    0.0308
         0
         0
         0
         0
         0
    0.0147
    0.0465
    0.0000
    0.0000
         0
    0.0131
         0
    0.0000
    0.0000
         0
         0
    0.0148
    0.0000
         0
    0.0194
    0.0122
    1.0000

  -1.0000e+09

    3.1871

End of this iteration
x-value
         0
    2.4853
    2.1838
    2.4556
    2.8684
    0.5117
         0
    0.1069
    0.0000
    0.0000
    0.0000
    0.3584
    0.0619
         0
    0.0321
    0.0000
    0.0000
         0
         0
         0
    0.0120
    0.0430
    0.0000
         0
         0
         0
         0
         0
         0
    0.0000
         0
    0.0364
    0.0000
         0
    0.0189
    0.0120
    1.0000

  -1.0000e+09

    3.1813

End of this iteration
x-value
    0.0000
    2.5077
    2.1775
    2.4161
    2.8888
    0.4433
         0
    0.0683
         0
    0.0000
         0
    0.3783
    0.0311
    0.0000
    0.0194
         0
         0
         0
    0.0153
         0
    0.0195
    0.0480
         0
    0.0000
         0
    0.0209
         0
    0.0000
    0.0000
         0
         0
    0.0000
         0
         0
    0.0204
    0.0098
    1.0000

  -1.0000e+09

    3.1827

End of this iteration
x-value
    0.0000
    2.4815
    2.1759
    2.4382
    2.8682
    0.4479
    0.0000
    0.0983
         0
    0.0000
         0
    0.3779
    0.0606
    0.0000
    0.0308
    0.0000
         0
         0
         0
    0.0000
    0.0147
    0.0465
         0
    0.0000
         0
    0.0131
    0.0000
         0
         0
    0.0000
         0
    0.0148
         0
         0
    0.0194
    0.0122
    1.0000

  -1.0000e+09

    3.1871

End of this iteration
x-value
    0.0000
    2.4853
    2.1838
    2.4556
    2.8684
    0.5117
    0.0000
    0.1069
    0.0000
    0.0000
    0.0000
    0.3584
    0.0619
         0
    0.0321
         0
    0.0000
         0
    0.0000
         0
    0.0120
    0.0430
         0
    0.0000
         0
         0
    0.0000
    0.0000
         0
         0
         0
    0.0364
    0.0000
         0
    0.0189
    0.0120
    1.0000

  -1.0000e+09

    3.1813

End of this iteration
x-value
    0.5626
    1.8166
    2.3314
    2.3708
    3.4540
         0
    0.1883
         0
    0.0000
    0.0624
         0
    0.5920
    0.0623
         0
    0.1196
    0.0200
    0.0000
         0
    0.0089
    0.0356
    0.0000
    0.0649
         0
    0.0000
    0.0000
    0.0055
    0.0000
    0.0000
    0.0109
    0.0211
         0
         0
    0.0000
    0.0000
         0
    0.0000
    1.0000

  -1.0000e+09

    2.9411

End of this iteration
x-value
         0
    2.3577
    2.1894
    2.5027
    2.7323
    1.1702
         0
    0.2900
    0.0000
         0
    0.0000
         0
    0.0208
         0
    0.0250
         0
         0
    0.1765
    0.0306
    0.0000
    0.0367
    0.1747
         0
    0.0000
    0.0111
    0.0317
    0.0313
    0.0000
         0
    0.0312
    0.0000
    0.0319
         0
    0.0000
    0.0000
    0.0047
    1.0000

  -1.0000e+09

    3.2033

End of this iteration
x-value
         0
    2.4815
    2.1759
    2.4382
    2.8682
    0.4479
    0.0000
    0.0983
         0
    0.0000
    0.0000
    0.3779
    0.0606
         0
    0.0308
    0.0000
         0
         0
    0.0000
         0
    0.0147
    0.0465
         0
    0.0000
    0.0000
    0.0131
    0.0000
         0
         0
    0.0000
         0
    0.0148
    0.0000
         0
    0.0194
    0.0122
    1.0000

  -1.0000e+09

    3.1871

End of this iteration
x-value
    0.0000
    3.3818
    2.0144
    2.3060
    1.2221
    1.0127
         0
    0.0378
    0.0000
         0
    0.1242
         0
         0
    0.0000
         0
    0.0000
         0
    0.0542
    0.0000
         0
    0.0031
    0.0470
         0
         0
    0.0129
    0.0142
         0
         0
    0.0000
         0
         0
         0
    0.0000
         0
    0.0012
    0.0161
    1.0000

  -1.0000e+09

   47.6687

End of this iteration
x-value
         0
    2.4711
    2.1718
    2.4425
    2.8520
    0.5024
    0.0000
    0.1072
    0.0000
    0.0000
         0
    0.3587
    0.0618
         0
    0.0321
         0
         0
    0.0000
         0
         0
    0.0120
    0.0430
         0
         0
    0.0000
         0
         0
         0
         0
         0
         0
    0.0364
         0
    0.0000
    0.0189
    0.0120
    1.0000

  -1.0000e+09

    3.1908

End of this iteration
x-value
    0.8662
    1.5594
    2.4813
    2.1831
    3.3440
    0.4315
    0.1502
    0.0000
    0.0000
         0
         0
    0.3928
    0.0000
    0.0306
    0.0437
         0
         0
         0
    0.0104
    0.0171
    0.0167
    0.0529
    0.0000
         0
    0.0060
    0.0111
         0
         0
         0
         0
         0
    0.0000
    0.0000
    0.0000
    0.0204
    0.0126
    1.0000

  -1.0000e+09

    2.8020

End of this iteration
x-value
    0.0000
    2.4715
    2.1721
    2.4426
    2.8526
    0.4992
         0
    0.1070
    0.0000
    0.0000
    0.0000
    0.3598
    0.0626
    0.0000
    0.0321
         0
         0
         0
    0.0000
         0
    0.0128
    0.0431
    0.0000
    0.0000
    0.0000
    0.0000
         0
    0.0000
         0
         0
         0
    0.0368
         0
    0.0000
    0.0198
    0.0118
    1.0000

  -1.0000e+09

    3.1906

End of this iteration
x-value
    0.0000
    2.4815
    2.1759
    2.4382
    2.8682
    0.4479
         0
    0.0983
    0.0000
    0.0000
         0
    0.3779
    0.0606
         0
    0.0308
         0
    0.0000
         0
    0.0000
         0
    0.0147
    0.0465
         0
    0.0000
    0.0000
    0.0131
    0.0000
    0.0000
    0.0000
         0
         0
    0.0148
         0
    0.0000
    0.0194
    0.0122
    1.0000

  -1.0000e+09

    3.1871

End of this iteration
x-value
         0
    2.4846
    2.1619
    2.4363
    2.8382
    0.7995
         0
    0.0805
         0
         0
         0
    0.2561
    0.0500
    0.0000
    0.0306
         0
         0
    0.0000
    0.0000
    0.0000
         0
    0.0255
    0.0000
         0
    0.0000
    0.0000
         0
         0
    0.0000
         0
         0
    0.0023
         0
    0.0000
    0.0000
         0
    1.0000

  -1.0000e+09

    3.1927

End of this iteration
x-value
    0.0000
    2.4528
    2.1585
    2.4509
    2.7918
    1.1083
    0.0000
    0.1167
    0.0000
    0.0000
         0
    0.1169
    0.0594
    0.0000
    0.0312
    0.0000
         0
    0.0442
         0
         0
    0.0113
    0.0461
    0.0000
    0.0000
    0.0000
         0
    0.0000
         0
    0.0017
         0
         0
    0.0367
         0
         0
    0.0175
    0.0120
    1.0000

  -1.0000e+09

    3.2001

End of this iteration
x-value
         0
    2.4627
    2.1649
    2.4385
    2.8364
    0.5901
         0
    0.1087
         0
         0
         0
    0.3223
    0.0611
         0
    0.0320
    0.0000
    0.0000
    0.0066
         0
    0.0000
    0.0116
    0.0434
    0.0000
    0.0000
         0
         0
    0.0000
    0.0000
    0.0000
         0
         0
    0.0363
    0.0000
         0
    0.0189
    0.0120
    1.0000

  -1.0000e+09

    3.1960

End of this iteration
x-value
         0
    2.4673
    2.1749
    2.4188
    2.8808
    0.2954
    0.0000
    0.1102
    0.0000
    0.0000
         0
    0.4301
    0.0611
    0.0000
    0.0333
    0.0094
    0.0000
         0
    0.0000
    0.0000
    0.0164
    0.0477
    0.0000
    0.0000
         0
    0.0221
         0
    0.0000
         0
         0
         0
         0
         0
         0
    0.0205
    0.0121
    1.0000

  -1.0000e+09

    3.1920

End of this iteration
x-value
         0
    2.5749
    2.2389
    2.2461
    3.1355
    0.7031
         0
         0
         0
         0
    0.0000
    0.2417
    0.1099
         0
    0.0382
    0.1047
    0.0000
    0.0920
         0
    0.0036
    0.0311
    0.0310
    0.0000
         0
    0.0000
    0.0236
         0
         0
    0.0000
         0
    0.0000
    0.0000
    0.0000
         0
    0.0211
    0.0046
    1.0000

  -1.0000e+09

    3.1531

End of this iteration
x-value
         0
    2.3182
    2.2017
    2.4904
    2.7689
    0.0000
    0.0000
    0.3512
         0
         0
         0
         0
         0
    0.0000
    0.0000
    0.0000
         0
    0.3477
    0.0000
         0
    0.0095
    0.0858
         0
         0
    0.0000
         0
         0
    0.0000
    0.0016
         0
         0
    0.0441
    0.0042
    0.0000
    0.0242
    0.0069
    1.0000

  -1.0000e+09

    8.3967

End of this iteration
x-value
         0
    2.4604
    2.1627
    2.4327
    2.8396
    0.4954
    0.0000
    0.1074
         0
    0.0000
         0
    0.3589
    0.0618
         0
    0.0321
         0
    0.0000
         0
    0.0000
         0
    0.0120
    0.0430
         0
    0.0000
         0
         0
         0
         0
    0.0000
         0
    0.0000
    0.0364
    0.0000
         0
    0.0189
    0.0120
    1.0000

  -1.0000e+09

    3.1980

End of this iteration
x-value
    1.0470
    1.2281
    2.3289
    2.2948
    3.5079
    0.3943
         0
    0.1635
         0
    0.0000
         0
    0.4316
    0.0719
         0
    0.0722
    0.0111
    0.0000
    0.0000
         0
    0.0059
    0.0066
    0.0487
    0.0000
    0.0000
         0
    0.0181
         0
         0
    0.0000
         0
    0.0000
         0
    0.0000
         0
    0.0162
    0.0132
    1.0000

  -1.0000e+09

    2.9885

End of this iteration
x-value
    0.0000
    2.4815
    2.1759
    2.4382
    2.8682
    0.4479
         0
    0.0983
         0
         0
    0.0000
    0.3779
    0.0606
         0
    0.0308
         0
         0
         0
         0
    0.0000
    0.0147
    0.0465
         0
    0.0000
    0.0000
    0.0131
         0
    0.0000
         0
    0.0000
    0.0000
    0.0148
    0.0000
         0
    0.0194
    0.0122
    1.0000

  -1.0000e+09

    3.1871

End of this iteration
x-value
    0.0000
    2.4838
    2.1919
    2.4351
    2.9051
    0.2889
    0.0000
    0.1140
    0.0000
         0
    0.0000
    0.4366
    0.0608
         0
    0.0341
    0.0114
         0
         0
    0.0000
    0.0000
    0.0156
    0.0473
         0
    0.0000
    0.0000
    0.0219
    0.0000
         0
         0
    0.0000
    0.0000
         0
    0.0000
    0.0000
    0.0197
    0.0123
    1.0000

  -1.0000e+09

    3.1795

End of this iteration
x-value
         0
    2.4972
    2.1860
    2.4431
    2.8892
    0.4164
         0
    0.0921
    0.0000
    0.0000
         0
    0.3908
    0.0598
         0
    0.0298
         0
         0
         0
    0.0000
    0.0000
    0.0165
    0.0489
    0.0000
    0.0000
    0.0000
    0.0221
         0
    0.0000
         0
    0.0000
         0
         0
         0
         0
    0.0198
    0.0123
    1.0000

  -1.0000e+09

    2.7997

End of this iteration
x-value
         0
    2.4815
    2.1759
    2.4382
    2.8682
    0.4479
    0.0000
    0.0983
    0.0000
         0
         0
    0.3779
    0.0606
    0.0000
    0.0308
         0
         0
         0
    0.0000
         0
    0.0147
    0.0465
    0.0000
         0
         0
    0.0131
    0.0000
    0.0000
    0.0000
         0
         0
    0.0148
         0
    0.0000
    0.0194
    0.0122
    1.0000

  -1.0000e+09

    3.1871

End of this iteration
x-value
    0.8833
    1.0065
    2.0426
    2.2907
    3.5530
    0.3867
    0.0897
    0.2166
    0.1514
         0
         0
    0.4345
    0.0362
         0
         0
         0
    0.0000
         0
         0
         0
    0.0269
    0.0508
    0.0000
         0
         0
    0.0242
         0
    0.0000
    0.0050
         0
         0
         0
         0
         0
    0.0154
    0.0129
    1.0000

  -1.0000e+09

    3.1092

End of this iteration
x-value
         0
    2.4743
    2.2421
    2.2937
    3.0769
    0.0344
    0.0000
    0.1473
    0.0000
         0
    0.0000
    0.5253
    0.0674
         0
    0.0380
    0.0392
         0
         0
    0.0000
    0.0000
    0.0210
    0.0410
    0.0000
    0.0000
    0.0000
    0.0230
    0.0000
         0
    0.0000
    0.0000
         0
         0
    0.0000
         0
    0.0203
    0.0086
    1.0000

  -1.0000e+09

    3.1704

End of this iteration
x-value
    0.0000
    2.4815
    2.1759
    2.4382
    2.8682
    0.4479
    0.0000
    0.0983
         0
         0
    0.0000
    0.3779
    0.0606
         0
    0.0308
         0
    0.0000
         0
         0
    0.0000
    0.0147
    0.0465
         0
         0
         0
    0.0131
         0
         0
         0
         0
    0.0000
    0.0148
    0.0000
         0
    0.0194
    0.0122
    1.0000

  -1.0000e+09

    3.1871

End of this iteration
x-value
         0
    2.4972
    2.1860
    2.4431
    2.8892
    0.4164
    0.0000
    0.0921
    0.0000
         0
         0
    0.3908
    0.0598
    0.0000
    0.0298
         0
         0
         0
    0.0000
         0
    0.0165
    0.0489
    0.0000
         0
         0
    0.0221
    0.0000
         0
         0
    0.0000
    0.0000
         0
         0
    0.0000
    0.0198
    0.0123
    1.0000

  -1.0000e+09

    3.1788

End of this iteration
x-value
    0.0000
    2.4885
    2.1787
    2.4352
    2.8793
    0.4107
         0
    0.0923
         0
    0.0000
    0.0000
    0.3910
    0.0598
    0.0000
    0.0298
    0.0000
    0.0000
         0
    0.0000
         0
    0.0165
    0.0489
         0
    0.0000
         0
    0.0221
         0
    0.0000
    0.0000
    0.0000
         0
         0
    0.0000
    0.0000
    0.0198
    0.0123
    1.0000

  -1.0000e+09

    3.2079

End of this iteration
x-value
    0.7946
    1.4716
    2.2617
    2.2198
    3.4226
    0.3915
    0.1348
    0.0000
    0.0000
         0
         0
    0.4147
    0.0418
         0
    0.0820
         0
    0.0000
         0
    0.0119
    0.0266
    0.0045
    0.0534
    0.0000
         0
         0
    0.0078
         0
         0
         0
    0.0000
    0.0000
         0
         0
    0.0000
    0.0134
    0.0142
    1.0000

  -1.0000e+09

    2.9512

End of this iteration
x-value
    0.0000
    2.4815
    2.1759
    2.4382
    2.8682
    0.4479
         0
    0.0983
    0.0000
    0.0000
         0
    0.3779
    0.0606
         0
    0.0308
         0
         0
         0
    0.0000
    0.0000
    0.0147
    0.0465
         0
         0
    0.0000
    0.0131
    0.0000
    0.0000
    0.0000
    0.0000
         0
    0.0148
         0
    0.0000
    0.0194
    0.0122
    1.0000

  -1.0000e+09

    3.1871

End of this iteration
x-value
    0.0000
    2.4815
    2.1759
    2.4382
    2.8682
    0.4479
    0.0000
    0.0983
    0.0000
         0
    0.0000
    0.3779
    0.0606
         0
    0.0308
    0.0000
         0
         0
    0.0000
         0
    0.0147
    0.0465
         0
         0
    0.0000
    0.0131
    0.0000
    0.0000
         0
         0
         0
    0.0148
    0.0000
         0
    0.0194
    0.0122
    1.0000

  -1.0000e+09

    3.1871

End of this iteration
x-value
    0.0000
    3.0998
    2.0573
    2.3908
    2.5962
    1.1146
    0.0000
         0
    0.0954
         0
         0
    0.0640
    0.0261
    0.0000
         0
    0.0726
    0.0000
    0.1040
    0.0109
         0
    0.0000
    0.0422
         0
    0.0000
         0
    0.0238
         0
         0
         0
    0.0000
         0
         0
    0.0311
         0
    0.0249
    0.0119
    1.0000

  -1.0000e+09

    2.8606

End of this iteration
x-value
         0
    1.9537
    2.1714
    2.2160
    3.5593
         0
         0
    0.0000
         0
         0
         0
    0.5652
    0.1030
    0.0108
    0.0663
    0.0466
    0.0000
    0.0000
         0
    0.0065
    0.0165
    0.0458
    0.0000
    0.0000
    0.0000
    0.0198
         0
         0
    0.0044
    0.0000
         0
         0
         0
    0.0000
    0.0155
    0.0127
    1.0000

  -1.0000e+09

    3.5917

End of this iteration
x-value
    0.0000
    2.4845
    2.1861
    2.4418
    2.8843
    0.3638
         0
    0.1061
         0
         0
         0
    0.3992
    0.0647
         0
    0.0298
         0
    0.0000
    0.0120
         0
         0
    0.0241
    0.0618
         0
    0.0000
    0.0003
    0.0273
         0
    0.0000
         0
         0
         0
    0.0251
         0
         0
    0.0202
    0.0135
    1.0000

  -1.0000e+09

    3.1817

End of this iteration
x-value
    0.0000
    2.5489
    2.1592
    2.4098
    2.8288
    0.8818
    0.0000
    0.0000
         0
         0
    0.0000
    0.3486
    0.0000
    0.0000
    0.0006
    0.0000
    0.0000
    0.0000
    0.0269
    0.0097
    0.0322
    0.0473
    0.0000
         0
         0
    0.0180
    0.0000
    0.0000
    0.0013
         0
         0
    0.0000
         0
    0.0000
    0.0199
    0.0090
    1.0000

  -1.0000e+09

    3.1830

End of this iteration
x-value
         0
    2.4815
    2.1759
    2.4382
    2.8682
    0.4479
         0
    0.0983
         0
    0.0000
    0.0000
    0.3779
    0.0606
         0
    0.0308
    0.0000
         0
         0
    0.0000
         0
    0.0147
    0.0465
         0
    0.0000
         0
    0.0131
    0.0000
         0
    0.0000
         0
         0
    0.0148
         0
    0.0000
    0.0194
    0.0122
    1.0000

  -1.0000e+09

    3.1871

End of this iteration
x-value
         0
    2.2019
    2.2164
    2.3267
    3.4115
    0.2040
         0
    0.0000
    0.0000
         0
    0.0000
    0.4940
    0.0885
         0
    0.0510
    0.0260
    0.0000
    0.0000
         0
    0.0154
    0.0197
    0.0496
         0
         0
    0.0000
    0.0168
    0.0000
    0.0000
    0.0041
    0.0000
         0
    0.0000
    0.0000
    0.0000
    0.0163
    0.0128
    1.0000

  -1.0000e+09

    3.3768

End of this iteration
x-value
         0
    2.4609
    2.1692
    2.4132
    2.8727
    0.2964
         0
    0.1103
    0.0000
         0
         0
    0.4284
    0.0604
         0
    0.0333
    0.0092
         0
         0
    0.0000
    0.0000
    0.0158
    0.0476
    0.0000
    0.0000
    0.0000
    0.0220
         0
         0
         0
         0
         0
         0
         0
    0.0000
    0.0197
    0.0123
    1.0000

  -1.0000e+09

    3.1963

End of this iteration
x-value
    0.0000
    2.4815
    2.1759
    2.4382
    2.8682
    0.4479
    0.0000
    0.0983
         0
         0
         0
    0.3779
    0.0606
         0
    0.0308
    0.0000
    0.0000
    0.0000
    0.0000
         0
    0.0147
    0.0465
    0.0000
    0.0000
         0
    0.0131
    0.0000
    0.0000
    0.0000
         0
    0.0000
    0.0148
         0
    0.0000
    0.0194
    0.0122
    1.0000

  -1.0000e+09

    3.1871

End of this iteration
x-value
         0
    2.4815
    2.1759
    2.4382
    2.8682
    0.4479
         0
    0.0983
    0.0000
    0.0000
         0
    0.3779
    0.0606
    0.0000
    0.0308
    0.0000
    0.0000
         0
    0.0000
    0.0000
    0.0147
    0.0465
         0
    0.0000
    0.0000
    0.0131
         0
    0.0000
         0
         0
         0
    0.0148
    0.0000
         0
    0.0194
    0.0122
    1.0000

  -1.0000e+09

    3.1871

End of this iteration
x-value
         0
    2.4815
    2.1759
    2.4382
    2.8682
    0.4479
         0
    0.0983
    0.0000
    0.0000
    0.0000
    0.3779
    0.0606
         0
    0.0308
    0.0000
    0.0000
         0
    0.0000
         0
    0.0147
    0.0465
    0.0000
         0
         0
    0.0131
    0.0000
    0.0000
         0
    0.0000
    0.0000
    0.0148
         0
         0
    0.0194
    0.0122
    1.0000

  -1.0000e+09

    3.1871

End of this iteration
x-value
    0.0000
    2.4815
    2.1759
    2.4382
    2.8682
    0.4479
         0
    0.0983
    0.0000
         0
         0
    0.3779
    0.0606
         0
    0.0308
    0.0000
         0
         0
         0
    0.0000
    0.0147
    0.0465
    0.0000
         0
    0.0000
    0.0131
         0
    0.0000
    0.0000
    0.0000
    0.0000
    0.0148
    0.0000
         0
    0.0194
    0.0122
    1.0000

  -1.0000e+09

    3.1871

End of this iteration
x-value
         0
    2.4896
    2.1786
    2.4341
    2.8800
    0.4120
    0.0000
    0.0907
         0
    0.0000
    0.0000
    0.3905
    0.0589
         0
    0.0295
    0.0000
         0
         0
    0.0000
         0
    0.0166
    0.0489
    0.0000
    0.0000
    0.0000
    0.0221
    0.0000
    0.0000
    0.0000
    0.0000
    0.0000
    0.0000
         0
         0
    0.0198
    0.0123
    1.0000

  -1.0000e+09

    3.1845

End of this iteration
x-value
    0.0000
    2.1897
    2.0685
    2.4412
    3.2592
    0.4407
    0.1776
    0.1280
    0.0000
         0
         0
    0.4098
    0.0563
    0.0000
    0.0885
    0.0000
    0.0000
         0
    0.0000
         0
    0.0000
    0.0555
    0.0000
         0
         0
    0.0206
    0.0000
         0
         0
    0.0133
         0
    0.0000
         0
    0.0000
    0.0197
    0.0022
    1.0000

  -1.0000e+09

    3.2700

End of this iteration
x-value
    0.0000
    2.4815
    2.1759
    2.4382
    2.8682
    0.4479
    0.0000
    0.0983
         0
         0
    0.0000
    0.3779
    0.0606
         0
    0.0308
    0.0000
         0
         0
    0.0000
         0
    0.0147
    0.0465
         0
         0
         0
    0.0131
         0
    0.0000
         0
    0.0000
         0
    0.0148
    0.0000
         0
    0.0194
    0.0122
    1.0000

  -1.0000e+09

    3.1871

End of this iteration
x-value
    0.0000
    2.3232
    2.1899
    2.4210
    2.8191
    1.0585
    0.0429
    0.2553
    0.0000
         0
         0
    0.1829
    0.0670
         0
    0.0607
    0.0687
    0.0000
    0.0000
    0.0000
    0.0000
    0.0167
    0.0427
    0.0000
         0
         0
    0.0000
         0
         0
    0.0141
    0.0170
         0
    0.0435
    0.0039
    0.0000
    0.0059
         0
    1.0000

  -1.0000e+09

    3.2093

End of this iteration
x-value
         0
    2.4526
    2.1586
    2.4510
    2.7910
    1.1175
         0
    0.1167
    0.0000
         0
         0
    0.1130
    0.0611
         0
    0.0310
         0
         0
    0.0451
    0.0000
         0
    0.0132
    0.0466
    0.0000
         0
         0
    0.0003
    0.0000
    0.0000
    0.0032
    0.0000
    0.0000
    0.0371
         0
         0
    0.0161
    0.0121
    1.0000

  -1.0000e+09

    3.2001

End of this iteration
x-value
    0.0000
    2.4653
    2.1852
    2.4609
    2.8609
    0.3856
    0.0000
    0.1339
    0.0000
         0
         0
    0.4016
    0.0649
         0
    0.0340
    0.0000
         0
         0
    0.0000
         0
    0.0155
    0.0574
    0.0000
         0
    0.0000
    0.0025
    0.0000
         0
    0.0197
         0
         0
    0.0365
         0
    0.0000
    0.0003
    0.0147
    1.0000

  -1.0000e+09

    3.1846

End of this iteration
x-value
         0
    2.3450
    2.2104
    2.3418
    2.9098
    1.1085
         0
    0.2837
         0
         0
         0
    0.0000
    0.0719
    0.0000
    0.0539
    0.0864
         0
    0.1293
    0.0000
    0.0000
    0.0238
    0.0432
         0
         0
    0.0000
    0.0000
         0
         0
    0.0219
         0
    0.0000
    0.0479
    0.0063
    0.0000
         0
    0.0099
    1.0000

  -1.0000e+09

    3.2599

End of this iteration
x-value
         0
    2.4711
    2.1718
    2.4425
    2.8520
    0.5024
    0.0000
    0.1072
    0.0000
    0.0000
    0.0000
    0.3587
    0.0618
    0.0000
    0.0321
         0
         0
         0
         0
    0.0000
    0.0120
    0.0430
    0.0000
    0.0000
         0
    0.0000
    0.0000
         0
    0.0000
    0.0000
         0
    0.0364
         0
         0
    0.0189
    0.0120
    1.0000

  -1.0000e+09

    3.1908

End of this iteration
x-value
    0.0000
    2.2168
    2.2077
    2.3798
    2.8498
    1.0638
    0.0965
    0.3351
    0.0000
         0
    0.0000
    0.1705
    0.0621
         0
    0.0841
    0.1088
    0.0000
         0
         0
         0
    0.0104
    0.0358
         0
    0.0000
         0
         0
    0.0000
         0
    0.0114
    0.0163
         0
    0.0411
    0.0029
         0
    0.0078
         0
    1.0000

  -1.0000e+09

    3.2194

End of this iteration
x-value
    0.1569
    2.1863
    2.2600
    2.2588
    3.4609
    0.1677
    0.2529
         0
    0.0383
         0
    0.0000
    0.4711
    0.0891
         0
    0.1253
    0.1098
    0.0000
    0.0677
    0.0000
    0.0000
    0.0000
    0.0499
    0.0000
    0.0000
         0
    0.0229
    0.0000
         0
    0.0151
    0.0184
         0
    0.0000
         0
         0
         0
         0
    1.0000

  -1.0000e+09

    3.0955

End of this iteration
x-value
    0.0000
    2.4764
    2.2836
    2.1658
    3.2110
         0
         0
    0.1613
         0
    0.0000
    0.0000
    0.5341
    0.0589
         0
    0.0315
    0.0468
    0.0000
    0.0000
         0
    0.0000
    0.0231
    0.0393
         0
    0.0000
    0.0000
    0.0234
         0
    0.0000
         0
    0.0000
         0
    0.0000
         0
         0
    0.0204
    0.0083
    1.0000

  -1.0000e+09

    3.1621

End of this iteration
x-value
    0.0000
    2.4815
    2.1759
    2.4382
    2.8682
    0.4479
         0
    0.0983
    0.0000
    0.0000
         0
    0.3779
    0.0606
    0.0000
    0.0308
         0
    0.0000
         0
         0
    0.0000
    0.0147
    0.0465
         0
         0
         0
    0.0131
         0
    0.0000
         0
    0.0000
         0
    0.0148
    0.0000
    0.0000
    0.0194
    0.0122
    1.0000

  -1.0000e+09

    3.1871

End of this iteration
x-value
    0.0000
    2.4815
    2.1759
    2.4382
    2.8682
    0.4479
    0.0000
    0.0983
    0.0000
         0
    0.0000
    0.3779
    0.0606
         0
    0.0308
    0.0000
         0
         0
         0
         0
    0.0147
    0.0465
         0
         0
    0.0000
    0.0131
    0.0000
    0.0000
         0
         0
         0
    0.0148
         0
    0.0000
    0.0194
    0.0122
    1.0000

  -1.0000e+09

    3.1871

End of this iteration
x-value
         0
    2.5636
    2.2132
    2.2659
    3.1902
         0
         0
         0
         0
         0
    0.0000
    0.5244
    0.0898
    0.0000
    0.0728
    0.0880
    0.0000
    0.0370
         0
    0.0000
    0.0052
    0.0383
    0.0000
    0.0000
         0
    0.0206
    0.0000
    0.0000
         0
    0.0000
         0
    0.0000
    0.0000
         0
    0.0188
    0.0116
    1.0000

  -1.0000e+09

    3.1633

End of this iteration
x-value
    0.0000
    2.4815
    2.1759
    2.4382
    2.8682
    0.4479
         0
    0.0983
    0.0000
    0.0000
         0
    0.3779
    0.0606
    0.0000
    0.0308
    0.0000
    0.0000
         0
         0
    0.0000
    0.0147
    0.0465
         0
         0
         0
    0.0131
         0
    0.0000
    0.0000
         0
    0.0000
    0.0148
         0
         0
    0.0194
    0.0122
    1.0000

  -1.0000e+09

    3.1871

End of this iteration
x-value
         0
    2.4978
    2.1500
    2.6060
    2.7320
    0.6742
         0
    0.0904
         0
    0.0000
         0
    0.2949
    0.0673
    0.0000
    0.0364
         0
         0
    0.0205
    0.0000
    0.0000
    0.0185
    0.0485
         0
    0.0000
    0.0000
    0.0227
    0.0000
         0
    0.0000
    0.0000
         0
    0.0000
         0
         0
    0.0206
    0.0094
    1.0000

  -1.0000e+09

    3.1814

End of this iteration
x-value
         0
    2.4815
    2.1759
    2.4382
    2.8682
    0.4479
         0
    0.0983
         0
         0
    0.0000
    0.3779
    0.0606
    0.0000
    0.0308
         0
    0.0000
         0
         0
         0
    0.0147
    0.0465
         0
         0
         0
    0.0131
         0
         0
         0
    0.0000
    0.0000
    0.0148
    0.0000
    0.0000
    0.0194
    0.0122
    1.0000

  -1.0000e+09

    3.1871

End of this iteration
x-value
    0.0000
    2.4694
    2.1750
    2.4469
    2.8532
    0.4785
         0
    0.1115
         0
    0.0000
         0
    0.3675
    0.0724
         0
    0.0328
    0.0000
    0.0000
         0
         0
         0
    0.0197
    0.0451
    0.0000
    0.0000
    0.0000
    0.0017
         0
         0
    0.0061
    0.0000
    0.0000
    0.0372
    0.0000
    0.0000
    0.0133
    0.0127
    1.0000

  -1.0000e+09

    3.1895

End of this iteration
x-value
         0
    2.4829
    2.1904
    2.4457
    2.8920
    0.3079
    0.0000
    0.1154
         0
         0
         0
    0.4291
    0.0611
         0
    0.0324
    0.0038
    0.0000
         0
    0.0000
    0.0000
    0.0173
    0.0566
         0
    0.0000
         0
    0.0232
    0.0000
    0.0000
    0.0090
    0.0000
         0
         0
         0
    0.0000
    0.0054
    0.0411
    1.0000

  -1.0000e+09

    3.1796

End of this iteration
x-value
    0.0000
    2.4815
    2.1759
    2.4382
    2.8682
    0.4479
    0.0000
    0.0983
         0
    0.0000
         0
    0.3779
    0.0606
    0.0000
    0.0308
         0
         0
         0
         0
    0.0000
    0.0147
    0.0465
         0
         0
         0
    0.0131
    0.0000
    0.0000
    0.0000
         0
    0.0000
    0.0148
         0
         0
    0.0194
    0.0122
    1.0000

  -1.0000e+09

    3.1871

End of this iteration
x-value
    0.0000
    1.9974
    2.2904
    2.3618
    2.9765
    0.9121
    0.6687
    0.0000
    0.0000
         0
         0
    0.1911
         0
         0
    0.1053
    0.0002
         0
    0.0423
    0.0000
         0
    0.0000
    0.0620
    0.0000
         0
    0.0141
    0.0186
    0.0000
         0
    0.0129
    0.0198
    0.0000
         0
         0
    0.0000
    0.0000
         0
    1.0000

  -1.0000e+09

    3.1560

End of this iteration
x-value
    0.0000
    2.4711
    2.1718
    2.4425
    2.8520
    0.5024
         0
    0.1072
    0.0000
    0.0000
    0.0000
    0.3587
    0.0618
    0.0000
    0.0321
    0.0000
         0
         0
         0
    0.0000
    0.0120
    0.0430
         0
    0.0000
         0
         0
    0.0000
         0
    0.0000
         0
         0
    0.0364
         0
         0
    0.0189
    0.0120
    1.0000

  -1.0000e+09

    3.1908

End of this iteration
x-value
         0
    2.4777
    2.1788
    2.3654
    3.0155
    0.3912
    0.0000
         0
         0
         0
    0.0000
    0.3995
    0.0246
         0
    0.0138
         0
    0.0000
         0
    0.0214
    0.0240
    0.0297
    0.0547
    0.0000
         0
         0
    0.0123
    0.0000
         0
    0.0054
         0
         0
    0.0000
    0.0000
         0
    0.0157
    0.0131
    1.0000

  -1.0000e+09

    3.2217

End of this iteration
x-value
    0.0000
    2.1594
    2.2623
    2.4113
    2.5119
    1.1525
         0
    0.5976
         0
         0
         0
    0.0189
         0
         0
    0.0066
    0.1470
         0
    0.1616
         0
    0.0000
    0.0274
    0.0425
         0
    0.0000
    0.0000
    0.0000
         0
    0.0000
    0.0237
    0.0134
    0.0000
    0.0484
    0.0061
         0
         0
         0
    1.0000

  -1.0000e+09

   12.6106

End of this iteration
x-value
         0
    2.4815
    2.1759
    2.4382
    2.8682
    0.4479
         0
    0.0983
    0.0000
         0
         0
    0.3779
    0.0606
    0.0000
    0.0308
         0
         0
         0
         0
         0
    0.0147
    0.0465
    0.0000
    0.0000
    0.0000
    0.0131
    0.0000
    0.0000
    0.0000
    0.0000
    0.0000
    0.0148
         0
    0.0000
    0.0194
    0.0122
    1.0000

  -1.0000e+09

    3.1871

End of this iteration
x-value
         0
    2.6401
    2.3388
    2.4094
    2.4726
    1.1063
    0.0000
    0.0753
    0.0000
         0
         0
    0.0780
    0.0545
         0
    0.0024
    0.0155
         0
    0.0648
         0
         0
    0.0298
    0.0450
         0
    0.0000
    0.0000
    0.0244
    0.0000
    0.0000
         0
    0.0000
         0
    0.0001
         0
    0.0000
    0.0213
    0.0072
    1.0000

  -1.0000e+09

    3.0859

End of this iteration
x-value
         0
    2.6423
    2.3404
    2.4086
    2.4717
    1.1053
         0
    0.0739
    0.0000
         0
         0
    0.0788
    0.0553
         0
    0.0010
    0.0145
         0
    0.0635
         0
    0.0000
    0.0320
    0.0444
    0.0000
         0
    0.0000
    0.0249
         0
         0
    0.0000
    0.0000
         0
         0
         0
    0.0000
    0.0214
    0.0069
    1.0000

  -1.0000e+09

    3.0849

End of this iteration
x-value
    0.3366
    2.2247
    2.3091
    2.1425
    3.5354
    0.0000
    0.0000
         0
    0.0000
         0
    0.0000
    0.5262
    0.0000
    0.0000
    0.0684
    0.1415
    0.0000
    0.0653
    0.0232
         0
    0.0000
    0.0305
    0.0000
         0
    0.0000
    0.0174
         0
         0
         0
    0.0000
         0
    0.0000
         0
         0
    0.0142
    0.0120
    1.0000

  -1.0000e+09

    3.5853

End of this iteration
x-value
    0.0000
    2.4627
    2.1649
    2.4385
    2.8364
    0.5901
         0
    0.1087
    0.0000
    0.0000
         0
    0.3223
    0.0611
         0
    0.0320
         0
         0
    0.0066
         0
         0
    0.0116
    0.0434
         0
    0.0000
         0
         0
         0
         0
    0.0000
         0
         0
    0.0363
         0
    0.0000
    0.0189
    0.0120
    1.0000

  -1.0000e+09

    3.1960

End of this iteration
x-value
         0
    2.4564
    2.1590
    2.4487
    2.7997
    1.0408
         0
    0.1143
    0.0000
    0.0000
         0
    0.1452
    0.0515
         0
    0.0313
    0.0000
    0.0000
    0.0372
    0.0000
    0.0000
    0.0047
    0.0446
         0
    0.0000
    0.0000
    0.0000
    0.0000
    0.0000
         0
         0
         0
    0.0334
    0.0000
         0
    0.0128
    0.0133
    1.0000

  -1.0000e+09

    3.1992

End of this iteration
x-value
    0.0000
    2.4776
    2.1621
    2.4409
    2.8286
    0.8697
         0
    0.0905
         0
    0.0000
    0.0000
    0.2243
    0.0499
    0.0000
    0.0307
         0
    0.0000
    0.0105
         0
    0.0000
    0.0012
    0.0316
    0.0000
    0.0000
    0.0000
    0.0000
    0.0000
    0.0000
    0.0000
         0
    0.0000
    0.0293
         0
    0.0000
    0.0171
    0.0082
    1.0000

  -1.0000e+09

    3.1938

End of this iteration
x-value
    0.0000
    2.3577
    2.1894
    2.5027
    2.7323
    1.1702
         0
    0.2900
    0.0000
    0.0000
         0
         0
    0.0208
    0.0000
    0.0250
    0.0000
         0
    0.1765
    0.0306
         0
    0.0367
    0.1747
         0
    0.0000
    0.0111
    0.0317
    0.0313
         0
    0.0000
    0.0312
         0
    0.0319
         0
         0
    0.0000
    0.0047
    1.0000

  -1.0000e+09

    3.2033

End of this iteration
x-value
         0
    2.4527
    2.1611
    2.4477
    2.8067
    0.8400
    0.0000
    0.1190
    0.0000
         0
         0
    0.2424
    0.0599
         0
    0.0317
         0
    0.0000
         0
    0.0000
    0.0000
    0.0114
    0.0476
         0
    0.0000
         0
         0
         0
         0
    0.0046
         0
         0
    0.0370
         0
    0.0000
    0.0103
    0.0320
    1.0000

  -1.0000e+09

    3.1992

End of this iteration
x-value
         0
    2.5913
    2.2350
    2.2269
    3.1916
    0.5162
         0
         0
         0
    0.0031
         0
    0.3175
         0
         0
    0.0377
    0.1094
    0.0000
    0.0804
    0.0285
         0
    0.0243
    0.0305
    0.0000
    0.0000
    0.0000
    0.0215
         0
         0
         0
    0.0000
         0
         0
         0
         0
    0.0204
    0.0056
    1.0000

  -1.0000e+09

    3.1514

End of this iteration
x-value
    0.0000
    2.4815
    2.1759
    2.4382
    2.8682
    0.4479
         0
    0.0983
    0.0000
         0
         0
    0.3779
    0.0606
         0
    0.0308
    0.0000
         0
         0
         0
         0
    0.0147
    0.0465
         0
    0.0000
         0
    0.0131
         0
         0
         0
    0.0000
         0
    0.0148
         0
         0
    0.0194
    0.0122
    1.0000

  -1.0000e+09

    3.1871

End of this iteration
x-value
    1.0143
    1.0304
    2.2912
    2.2382
    3.5835
    0.3029
         0
    0.1996
         0
         0
    0.0000
    0.4633
    0.0798
         0
    0.0803
    0.0212
    0.0000
    0.0000
    0.0000
         0
    0.0046
    0.0463
    0.0000
    0.0000
         0
    0.0204
    0.0000
    0.0000
    0.0000
    0.0000
         0
         0
    0.0000
    0.0000
    0.0160
    0.0130
    1.0000

  -1.0000e+09

    3.2543

End of this iteration
x-value
    0.0000
    2.4542
    2.1589
    2.4460
    2.8029
    0.9600
    0.0000
    0.1145
    0.0000
    0.0000
    0.0000
    0.1755
    0.0584
         0
    0.0315
         0
    0.0000
    0.0333
         0
         0
    0.0099
    0.0450
    0.0000
    0.0000
    0.0000
    0.0000
         0
    0.0000
         0
         0
         0
    0.0359
    0.0000
    0.0000
    0.0190
    0.0119
    1.0000

  -1.0000e+09

    3.2000

End of this iteration
x-value
         0
    2.4518
    2.1580
    2.4503
    2.7901
    1.1171
    0.0000
    0.1167
    0.0000
    0.0000
    0.0000
    0.1130
    0.0610
         0
    0.0310
    0.0000
         0
    0.0451
         0
         0
    0.0131
    0.0465
         0
    0.0000
         0
    0.0002
    0.0000
         0
    0.0031
         0
         0
    0.0371
    0.0000
         0
    0.0162
    0.0121
    1.0000

  -1.0000e+09

    3.2007

End of this iteration
x-value
    0.0000
    2.4723
    2.1766
    2.4427
    2.8602
    0.4630
         0
    0.1095
         0
         0
    0.0000
    0.3732
    0.0692
         0
    0.0321
    0.0019
    0.0000
         0
    0.0000
    0.0000
    0.0196
    0.0447
         0
    0.0000
    0.0000
    0.0017
    0.0000
    0.0000
    0.0060
         0
    0.0000
    0.0372
    0.0000
    0.0000
    0.0133
    0.0126
    1.0000

  -1.0000e+09

    3.1884

End of this iteration
x-value
         0
    2.5549
    2.1890
    2.3637
    2.9989
    0.4479
         0
         0
         0
    0.0000
         0
    0.3788
    0.0834
         0
    0.0359
         0
         0
    0.0006
         0
    0.0000
    0.0195
    0.0473
    0.0000
    0.0000
    0.0000
    0.0228
    0.0000
         0
         0
         0
    0.0000
    0.0000
         0
         0
    0.0205
    0.0095
    1.0000

  -1.0000e+09

    3.1710

End of this iteration
x-value
    0.0000
    2.4414
    2.1468
    2.4374
    2.9427
    0.4643
    0.0000
    0.1085
         0
         0
    0.0000
    0.3777
    0.0846
         0
    0.0286
    0.0000
    0.0000
         0
    0.0000
    0.0000
    0.0392
    0.0500
    0.0000
    0.0000
    0.0000
    0.0071
    0.0000
         0
    0.0207
    0.0000
    0.0000
    0.0373
    0.0000
         0
         0
    0.0142
    1.0000

  -1.0000e+09

    3.2088

End of this iteration
x-value
         0
    2.4518
    2.1580
    2.4503
    2.7901
    1.1171
         0
    0.1167
         0
    0.0000
         0
    0.1130
    0.0610
         0
    0.0310
         0
         0
    0.0451
    0.0000
    0.0000
    0.0131
    0.0465
    0.0000
         0
         0
    0.0002
    0.0000
         0
    0.0031
         0
         0
    0.0371
    0.0000
    0.0000
    0.0162
    0.0121
    1.0000

  -1.0000e+09

    3.2007

End of this iteration
x-value
         0
    2.4831
    2.1908
    2.4341
    2.9035
    0.2903
    0.0000
    0.1131
    0.0000
         0
    0.0000
    0.4358
    0.0613
    0.0000
    0.0339
    0.0111
         0
         0
         0
         0
    0.0162
    0.0474
         0
         0
         0
    0.0219
    0.0000
         0
         0
    0.0000
    0.0011
    0.0000
         0
    0.0000
    0.0204
    0.0121
    1.0000

  -1.0000e+09

    3.1802

End of this iteration
x-value
    0.0000
    2.4815
    2.1759
    2.4382
    2.8682
    0.4479
         0
    0.0983
         0
         0
         0
    0.3779
    0.0606
         0
    0.0308
    0.0000
         0
         0
    0.0000
         0
    0.0147
    0.0465
         0
    0.0000
    0.0000
    0.0131
         0
    0.0000
         0
    0.0000
         0
    0.0148
    0.0000
    0.0000
    0.0194
    0.0122
    1.0000

  -1.0000e+09

    3.1871

End of this iteration
x-value
         0
    2.4807
    2.1657
    2.4326
    2.8481
    0.6304
    0.0000
    0.0848
    0.0000
    0.0000
    0.0000
    0.3137
    0.0652
         0
    0.0299
         0
    0.0000
         0
    0.0000
    0.0000
    0.0158
    0.0331
         0
         0
         0
    0.0000
    0.0000
         0
         0
    0.0000
         0
    0.0359
    0.0000
         0
    0.0051
         0
    1.0000

  -1.0000e+09

    3.1923

End of this iteration
x-value
    0.0000
    2.4638
    2.1862
    2.3611
    2.9012
    1.1180
         0
    0.1218
    0.0000
         0
    0.0000
    0.0858
    0.0289
         0
    0.0299
    0.0580
    0.0000
    0.0939
    0.0225
    0.0156
    0.0302
    0.0419
    0.0000
    0.0000
    0.0000
    0.0160
    0.0000
         0
         0
         0
         0
    0.0000
         0
         0
    0.0216
    0.0063
    1.0000

  -1.0000e+09

    3.1919

End of this iteration
x-value
         0
    2.4815
    2.1759
    2.4382
    2.8682
    0.4479
         0
    0.0983
    0.0000
    0.0000
    0.0000
    0.3779
    0.0606
    0.0000
    0.0308
         0
         0
         0
         0
    0.0000
    0.0147
    0.0465
    0.0000
    0.0000
    0.0000
    0.0131
    0.0000
    0.0000
         0
         0
         0
    0.0148
         0
         0
    0.0194
    0.0122
    1.0000

  -1.0000e+09

    3.1871

End of this iteration
x-value
    0.0000
    2.1905
    2.5969
    1.3254
    4.0318
    0.9081
         0
    0.6886
         0
    0.0580
    0.0000
    0.0656
    0.0476
         0
    0.0923
    0.3241
         0
    0.2707
    0.0000
         0
    0.0278
    0.0059
         0
    0.0000
    0.0000
    0.0066
    0.0000
         0
    0.0139
    0.0000
         0
    0.0359
         0
    0.0000
    0.0066
    0.0006
    1.0000

  -1.0000e+09

    5.6404

End of this iteration
x-value
    0.5190
    1.8166
    2.2681
    2.3190
    3.3284
    0.3966
    0.1567
    0.0000
         0
    0.0000
    0.0000
    0.4179
    0.0799
    0.0000
    0.0953
         0
         0
         0
         0
    0.0094
    0.0000
    0.0575
    0.0000
    0.0000
    0.0000
    0.0166
    0.0000
         0
    0.0002
    0.0138
         0
         0
    0.0000
         0
    0.0197
    0.0019
    1.0000

  -1.0000e+09

    3.0057

End of this iteration
x-value
    0.0000
    2.5565
    2.1760
    2.3693
    2.9161
    0.9677
         0
         0
    0.0000
    0.0000
         0
         0
         0
         0
         0
         0
    0.0000
    0.2535
    0.0262
    0.0037
    0.0319
    0.0392
         0
    0.0000
         0
    0.0203
    0.0000
    0.0026
         0
         0
         0
         0
    0.0000
    0.0000
         0
         0
    1.0000

  -1.0000e+09

    3.1771

End of this iteration
x-value
    0.0000
    2.1314
    2.2313
    2.3959
    2.6377
    1.1780
    0.0000
    0.5947
    0.0000
         0
         0
         0
         0
    0.0000
    0.0112
    0.1468
         0
    0.1641
    0.0000
         0
    0.0232
    0.0419
         0
         0
    0.0000
         0
    0.0000
         0
    0.0215
    0.0130
         0
    0.0461
    0.0049
    0.0000
         0
         0
    1.0000

  -1.0000e+09

   14.3566

End of this iteration
x-value
    0.0000
    2.4131
    2.4589
    2.1827
    2.1949
    0.9533
    0.0000
    0.4451
         0
    0.0000
    0.0000
    0.1504
         0
         0
    0.0000
    0.1171
    0.0000
         0
    0.0000
    0.0000
    0.0069
    0.0441
    0.0344
    0.0472
    0.0000
    0.0000
    0.0155
    0.0000
         0
    0.0000
    0.0013
    0.0467
    0.0000
         0
    0.0000
         0
    1.0000

  -1.0000e+09

   22.2925

End of this iteration
x-value
         0
    2.4711
    2.1718
    2.4425
    2.8520
    0.5024
    0.0000
    0.1072
         0
    0.0000
    0.0000
    0.3587
    0.0618
         0
    0.0321
    0.0000
         0
         0
    0.0000
         0
    0.0120
    0.0430
    0.0000
         0
    0.0000
    0.0000
         0
         0
    0.0000
    0.0000
         0
    0.0364
         0
    0.0000
    0.0189
    0.0120
    1.0000

  -1.0000e+09

    2.8143

End of this iteration
x-value
    0.0000
    2.4868
    2.1608
    2.4277
    2.8419
    0.7614
         0
    0.0708
    0.0000
    0.0000
         0
    0.2682
    0.0627
    0.0000
    0.0287
         0
    0.0000
         0
    0.0000
         0
    0.0136
    0.0258
         0
    0.0000
         0
         0
    0.0000
    0.0000
         0
         0
         0
    0.0360
    0.0062
    0.0000
         0
    0.0156
    1.0000

  -1.0000e+09

    2.8180

End of this iteration
x-value
         0
    2.3334
    2.1666
    2.4775
    2.7007
    1.1600
         0
    0.2880
         0
         0
    0.0000
         0
    0.0169
    0.0000
    0.0235
         0
    0.0000
    0.1737
    0.0365
    0.0000
    0.0381
    0.1714
    0.0000
         0
    0.0052
    0.0271
    0.0290
    0.0000
    0.0000
    0.0307
         0
    0.0399
         0
    0.0000
    0.0000
    0.0047
    1.0000

  -1.0000e+09

    3.2208

End of this iteration
x-value
         0
    2.4815
    2.1759
    2.4382
    2.8682
    0.4479
         0
    0.0983
    0.0000
         0
         0
    0.3779
    0.0606
    0.0000
    0.0308
         0
         0
         0
         0
         0
    0.0147
    0.0465
         0
         0
         0
    0.0131
         0
    0.0000
         0
         0
    0.0000
    0.0148
         0
         0
    0.0194
    0.0122
    1.0000

  -1.0000e+09

    3.1871

End of this iteration
x-value
         0
    2.3857
    2.1643
    2.4686
    2.7049
    0.7095
    0.0000
    0.2204
         0
         0
         0
    0.2697
    0.0000
    0.0000
    0.0022
    0.0000
         0
    0.0139
         0
    0.0000
    0.0236
    0.0450
    0.0000
         0
         0
    0.0017
    0.0000
    0.0000
    0.0060
         0
    0.0000
    0.0382
         0
         0
    0.0135
    0.0125
    1.0000

  -1.0000e+09

    3.2120

End of this iteration
x-value
         0
    2.5150
    2.2279
    2.2774
    3.2074
         0
    0.0641
    0.0000
         0
    0.0000
         0
    0.5255
    0.0972
         0
    0.0871
    0.0858
    0.0000
    0.0390
         0
         0
    0.0099
    0.0411
         0
    0.0000
    0.0000
    0.0226
    0.0000
         0
    0.0059
         0
         0
    0.0000
         0
         0
    0.0134
    0.0123
    1.0000

  -1.0000e+09

    3.1573

End of this iteration
x-value
         0
    2.4972
    2.1860
    2.4431
    2.8892
    0.4164
    0.0000
    0.0921
    0.0000
         0
    0.0000
    0.3908
    0.0598
    0.0000
    0.0298
    0.0000
         0
         0
         0
    0.0000
    0.0165
    0.0489
    0.0000
         0
         0
    0.0221
    0.0000
         0
    0.0000
    0.0000
    0.0000
         0
         0
         0
    0.0198
    0.0123
    1.0000

  -1.0000e+09

    3.1788

End of this iteration
x-value
    0.0000
    2.4642
    2.1659
    2.4365
    2.8438
    0.5022
         0
    0.1076
    0.0000
         0
    0.0000
    0.3574
    0.0609
         0
    0.0322
    0.0000
    0.0000
         0
         0
    0.0000
    0.0111
    0.0429
    0.0000
    0.0000
         0
         0
    0.0000
    0.0000
    0.0000
         0
         0
    0.0360
         0
    0.0000
    0.0177
    0.0123
    1.0000

  -1.0000e+09

    3.1954

End of this iteration
x-value
    0.0000
    2.4627
    2.1649
    2.4385
    2.8364
    0.5901
         0
    0.1087
         0
    0.0000
         0
    0.3223
    0.0611
    0.0000
    0.0320
         0
    0.0000
    0.0066
    0.0000
    0.0000
    0.0116
    0.0434
    0.0000
         0
         0
         0
         0
    0.0000
         0
    0.0000
         0
    0.0363
    0.0000
         0
    0.0189
    0.0120
    1.0000

  -1.0000e+09

    3.1960

End of this iteration
x-value
    0.0000
    2.4909
    2.1956
    2.4715
    2.8804
    0.4808
    0.0000
    0.1185
    0.0000
         0
    0.0000
    0.3719
    0.0592
         0
    0.0333
    0.0000
         0
         0
         0
    0.0000
    0.0091
    0.0478
    0.0000
         0
         0
         0
         0
    0.0000
    0.0046
         0
         0
    0.0361
    0.0000
    0.0000
    0.0144
    0.0127
    1.0000

  -1.0000e+09

    3.1735

End of this iteration
x-value
    0.0000
    2.5318
    2.1492
    2.4096
    2.9929
    0.4244
    0.0000
         0
         0
         0
         0
    0.3888
    0.0883
    0.0000
    0.0780
         0
    0.0000
    0.0046
    0.0000
         0
         0
    0.0494
         0
    0.0000
         0
    0.0223
    0.0042
    0.0000
         0
         0
    0.0000
         0
    0.0035
    0.0000
    0.0207
    0.0124
    1.0000

  -1.0000e+09

    3.1876

End of this iteration
x-value
         0
    2.4815
    2.1759
    2.4382
    2.8682
    0.4479
         0
    0.0983
    0.0000
    0.0000
         0
    0.3779
    0.0606
         0
    0.0308
         0
    0.0000
         0
    0.0000
         0
    0.0147
    0.0465
         0
         0
    0.0000
    0.0131
    0.0000
         0
         0
         0
         0
    0.0148
         0
    0.0000
    0.0194
    0.0122
    1.0000

  -1.0000e+09

    3.1871

End of this iteration
x-value
         0
    2.4815
    2.1759
    2.4382
    2.8682
    0.4479
    0.0000
    0.0983
         0
    0.0000
    0.0000
    0.3779
    0.0606
    0.0000
    0.0308
    0.0000
         0
         0
    0.0000
         0
    0.0147
    0.0465
    0.0000
    0.0000
    0.0000
    0.0131
    0.0000
    0.0000
         0
         0
    0.0000
    0.0148
         0
    0.0000
    0.0194
    0.0122
    1.0000

  -1.0000e+09

    3.1871

End of this iteration
x-value
         0
    2.4735
    2.1676
    2.4310
    2.8524
    0.5502
    0.0000
    0.0974
    0.0000
    0.0000
         0
    0.3346
    0.0572
    0.0000
    0.0302
         0
    0.0000
    0.0088
         0
         0
    0.0133
    0.0482
    0.0000
         0
    0.0000
    0.0184
    0.0000
         0
    0.0000
    0.0000
         0
    0.0050
         0
         0
    0.0173
    0.0128
    1.0000

  -1.0000e+09

    3.1931

End of this iteration
x-value
    0.0000
    2.4717
    2.1665
    2.4340
    2.8473
    0.5404
         0
    0.0968
         0
    0.0000
    0.0000
    0.3443
    0.0669
    0.0000
    0.0309
         0
    0.0000
         0
         0
         0
    0.0173
    0.0393
         0
         0
         0
         0
    0.0000
    0.0000
    0.0000
         0
         0
    0.0381
    0.0003
         0
    0.0157
    0.0126
    1.0000

  -1.0000e+09

    3.1938

End of this iteration
x-value
         0
    3.6258
    1.7340
    2.4647
    2.5756
    1.1361
    0.0000
         0
    0.1634
         0
         0
    0.0545
    0.0328
         0
         0
    0.0857
         0
    0.1179
    0.0095
    0.0000
         0
    0.0414
    0.0000
    0.0000
    0.0000
    0.0232
         0
         0
    0.0000
    0.0000
         0
    0.0000
    0.0272
         0
    0.0242
    0.0117
    1.0000

  -1.0000e+09

    2.5757

End of this iteration
x-value
    0.0000
    3.6114
    1.7254
    2.4720
    2.6193
    1.1415
         0
         0
    0.1764
    0.0000
    0.0000
    0.0561
    0.0456
         0
    0.0000
    0.0887
         0
    0.1199
    0.0059
         0
         0
    0.0412
    0.0000
         0
    0.0000
    0.0233
         0
         0
    0.0000
         0
    0.0000
         0
    0.0266
    0.0000
    0.0241
    0.0116
    1.0000

  -1.0000e+09

    2.5835

End of this iteration
x-value
         0
    2.5056
    2.4715
    2.1699
    2.6084
    1.0179
    0.1503
    0.1540
         0
    0.0000
    0.0000
    0.1077
    0.0093
         0
         0
         0
         0
    0.0402
    0.0000
    0.0000
    0.0308
    0.0575
         0
         0
    0.0000
    0.0000
    0.0000
    0.0000
    0.0222
    0.0184
    0.0000
    0.0501
    0.0069
    0.0000
         0
         0
    1.0000

  -1.0000e+09

   16.5328

End of this iteration
x-value
         0
    2.1857
    2.2676
    2.4415
    2.6059
         0
    0.0000
    0.5753
         0
    0.0000
    0.0000
    0.2980
    0.0000
    0.0000
    0.0013
    0.0309
    0.0000
    0.0708
    0.0000
    0.0000
    0.0403
    0.0892
         0
         0
    0.0000
    0.0000
    0.0000
    0.0000
    0.0129
    0.0244
         0
    0.0575
    0.0105
    0.0000
    0.0000
    0.0000
    1.0000

  -1.0000e+09

   14.6525

End of this iteration
x-value
         0
    2.4815
    2.1759
    2.4382
    2.8682
    0.4479
    0.0000
    0.0983
         0
    0.0000
    0.0000
    0.3779
    0.0606
         0
    0.0308
         0
         0
         0
    0.0000
         0
    0.0147
    0.0465
         0
         0
         0
    0.0131
    0.0000
         0
         0
         0
    0.0000
    0.0148
         0
         0
    0.0194
    0.0122
    1.0000

  -1.0000e+09

    3.1871

End of this iteration
x-value
         0
    2.5504
    2.1508
    2.4522
    2.7920
    0.8985
    0.0000
         0
         0
    0.0000
         0
    0.3425
         0
         0
    0.0025
    0.0000
         0
         0
    0.0050
    0.0000
    0.0231
    0.0467
    0.0000
         0
         0
    0.0228
         0
         0
         0
    0.0000
         0
         0
         0
         0
    0.0205
    0.0094
    1.0000

  -1.0000e+09

    3.1828

End of this iteration
x-value
         0
    2.4815
    2.1759
    2.4382
    2.8682
    0.4479
         0
    0.0983
    0.0000
    0.0000
    0.0000
    0.3779
    0.0606
         0
    0.0308
    0.0000
    0.0000
    0.0000
    0.0000
    0.0000
    0.0147
    0.0465
    0.0000
         0
    0.0000
    0.0131
         0
         0
         0
         0
         0
    0.0148
         0
    0.0000
    0.0194
    0.0122
    1.0000

  -1.0000e+09

    3.1871

End of this iteration
x-value
         0
    2.4711
    2.1718
    2.4425
    2.8520
    0.5024
         0
    0.1072
    0.0000
         0
         0
    0.3587
    0.0618
         0
    0.0321
    0.0000
         0
         0
         0
    0.0000
    0.0120
    0.0430
         0
    0.0000
    0.0000
         0
         0
         0
         0
         0
         0
    0.0364
    0.0000
    0.0000
    0.0189
    0.0120
    1.0000

  -1.0000e+09

    3.1908

End of this iteration
x-value
         0
    2.4775
    2.1375
    2.5918
    2.7125
    0.6809
         0
    0.0986
    0.0000
         0
         0
    0.2880
    0.0624
         0
    0.0371
    0.0000
         0
    0.0225
    0.0000
    0.0000
    0.0136
    0.0504
         0
         0
         0
    0.0217
         0
    0.0000
         0
    0.0000
    0.0000
    0.0000
         0
    0.0000
    0.0198
    0.0122
    1.0000

  -1.0000e+09

    3.1922

End of this iteration
x-value
         0
    2.4585
    2.1616
    2.4366
    2.8288
    0.6328
    0.0000
    0.1095
         0
    0.0000
    0.0000
    0.3046
    0.0608
    0.0000
    0.0320
         0
    0.0000
    0.0099
    0.0000
         0
    0.0114
    0.0436
         0
    0.0000
         0
    0.0000
    0.0000
         0
    0.0000
    0.0000
    0.0000
    0.0362
         0
         0
    0.0189
    0.0120
    1.0000

  -1.0000e+09

    3.1986

End of this iteration
x-value
    0.0000
    2.3954
    2.1771
    2.4161
    2.8263
    0.9351
    0.0000
    0.2008
    0.0000
         0
         0
    0.2199
    0.0694
    0.0000
    0.0459
    0.0515
         0
         0
         0
    0.0000
    0.0178
    0.0361
    0.0000
    0.0000
         0
         0
         0
    0.0000
    0.0065
         0
    0.0000
    0.0405
    0.0019
         0
    0.0126
    0.0124
    1.0000

  -1.0000e+09

    3.2061

End of this iteration
x-value
         0
    2.4522
    2.1593
    2.4507
    2.7882
    1.1578
    0.0000
    0.1157
    0.0000
         0
         0
    0.0957
    0.0691
    0.0000
    0.0300
         0
    0.0000
    0.0499
         0
         0
    0.0222
    0.0493
    0.0000
    0.0000
         0
    0.0029
         0
         0
    0.0103
    0.0000
    0.0000
    0.0371
         0
         0
    0.0096
    0.0129
    1.0000

  -1.0000e+09

    3.2001

End of this iteration
x-value
         0
    2.2049
    2.2772
    2.4073
    2.4842
    1.1466
    0.0000
    0.5567
         0
    0.0000
    0.0000
    0.0221
    0.0000
         0
    0.0028
    0.1389
    0.0000
    0.1545
    0.0000
         0
    0.0250
    0.0425
    0.0000
         0
    0.0000
         0
    0.0000
         0
    0.0215
    0.0135
         0
    0.0464
    0.0050
    0.0000
    0.0000
    0.0000
    1.0000

  -1.0000e+09

   13.6081

End of this iteration
x-value
         0
    2.4870
    2.3223
    2.0495
    3.3396
         0
    0.0000
    0.1635
         0
         0
    0.0000
    0.5314
    0.0547
    0.0000
    0.0261
    0.0508
         0
         0
         0
         0
    0.0250
    0.0383
    0.0000
         0
    0.0000
    0.0236
         0
         0
         0
    0.0000
         0
         0
    0.0000
         0
    0.0204
    0.0080
    1.0000

  -1.0000e+09

    3.1523

End of this iteration
x-value
         0
    2.4815
    2.1759
    2.4382
    2.8682
    0.4479
         0
    0.0983
    0.0000
    0.0000
         0
    0.3779
    0.0606
         0
    0.0308
    0.0000
    0.0000
         0
    0.0000
    0.0000
    0.0147
    0.0465
    0.0000
         0
         0
    0.0131
    0.0000
    0.0000
    0.0000
         0
    0.0000
    0.0148
    0.0000
         0
    0.0194
    0.0122
    1.0000

  -1.0000e+09

    3.1871

End of this iteration
x-value
         0
    2.4522
    2.1829
    2.3859
    2.8656
    1.1910
    0.0000
    0.1264
    0.0000
         0
    0.0000
    0.0382
    0.0660
         0
    0.0253
         0
         0
         0
         0
         0
    0.0229
    0.0526
    0.0000
    0.0000
         0
    0.0000
         0
         0
    0.0143
    0.0176
    0.0000
    0.0448
    0.0043
    0.0000
    0.0066
    0.0000
    1.0000

  -1.0000e+09

    6.1154

End of this iteration
x-value
         0
    2.4986
    2.1951
    2.4697
    2.8806
    0.5675
         0
    0.1074
         0
    0.0000
    0.0000
    0.3397
    0.0617
    0.0000
    0.0321
    0.0000
         0
    0.0034
    0.0000
         0
    0.0118
    0.0432
         0
    0.0000
         0
         0
    0.0000
    0.0000
    0.0000
         0
         0
    0.0364
    0.0000
         0
    0.0189
    0.0120
    1.0000

  -1.0000e+09

    3.1723

End of this iteration
x-value
         0
    2.4627
    2.1649
    2.4385
    2.8364
    0.5901
    0.0000
    0.1087
    0.0000
         0
    0.0000
    0.3223
    0.0611
         0
    0.0320
    0.0000
         0
    0.0066
    0.0000
         0
    0.0116
    0.0434
         0
    0.0000
         0
    0.0000
         0
    0.0000
    0.0000
         0
    0.0000
    0.0363
    0.0000
         0
    0.0189
    0.0120
    1.0000

  -1.0000e+09

    3.1960

End of this iteration
x-value
    0.0000
    2.4815
    2.1759
    2.4382
    2.8682
    0.4479
    0.0000
    0.0983
         0
    0.0000
         0
    0.3779
    0.0606
         0
    0.0308
    0.0000
    0.0000
         0
         0
         0
    0.0147
    0.0465
    0.0000
         0
    0.0000
    0.0131
         0
         0
         0
         0
         0
    0.0148
         0
         0
    0.0194
    0.0122
    1.0000

  -1.0000e+09

    3.1871

End of this iteration
x-value
    0.0000
    2.3044
    2.0986
    2.5516
    2.5819
    1.1675
    0.0000
    0.2564
         0
         0
    0.0000
    0.0643
    0.0760
    0.0000
    0.0574
    0.0524
         0
    0.0963
         0
         0
    0.0173
    0.0545
    0.0000
         0
    0.0000
    0.0000
    0.0000
         0
    0.0215
    0.0172
    0.0000
    0.0461
    0.0056
    0.0000
    0.0000
         0
    1.0000

  -1.0000e+09

   25.0252

End of this iteration
x-value
    0.0000
    2.4667
    2.1750
    2.4187
    2.8809
    0.2945
         0
    0.1113
    0.0000
         0
         0
    0.4305
    0.0605
    0.0000
    0.0335
    0.0098
    0.0000
         0
         0
         0
    0.0157
    0.0476
         0
         0
         0
    0.0219
    0.0000
    0.0000
         0
    0.0000
         0
    0.0000
    0.0000
    0.0000
    0.0197
    0.0123
    1.0000

  -1.0000e+09

    3.1921

End of this iteration
x-value
         0
    2.3526
    2.1857
    2.4059
    2.8252
    1.0342
         0
    0.2634
         0
         0
         0
    0.2037
    0.0687
    0.0000
    0.0565
    0.0876
    0.0000
         0
         0
    0.0000
    0.0166
    0.0305
         0
    0.0000
    0.0000
    0.0000
         0
         0
    0.0067
         0
         0
    0.0402
    0.0019
         0
    0.0121
    0.0122
    1.0000

  -1.0000e+09

    3.2117

End of this iteration
x-value
    0.0000
    2.4700
    2.1764
    2.4155
    2.8864
    0.2925
         0
    0.1069
         0
    0.0000
         0
    0.4315
    0.0647
    0.0000
    0.0331
    0.0113
    0.0000
         0
         0
         0
    0.0200
    0.0456
    0.0000
    0.0000
         0
    0.0231
    0.0000
    0.0000
         0
    0.0000
         0
         0
    0.0010
    0.0000
    0.0200
    0.0122
    1.0000

  -1.0000e+09

    3.1910

End of this iteration
x-value
         0
    2.4815
    2.1759
    2.4382
    2.8682
    0.4479
    0.0000
    0.0983
    0.0000
    0.0000
    0.0000
    0.3779
    0.0606
    0.0000
    0.0308
         0
         0
         0
    0.0000
    0.0000
    0.0147
    0.0465
    0.0000
         0
         0
    0.0131
         0
    0.0000
    0.0000
         0
         0
    0.0148
         0
    0.0000
    0.0194
    0.0122
    1.0000

  -1.0000e+09

    3.1871

End of this iteration
x-value
    0.0000
    2.4885
    2.1787
    2.4352
    2.8793
    0.4107
    0.0000
    0.0923
         0
         0
         0
    0.3910
    0.0598
    0.0000
    0.0298
         0
    0.0000
         0
    0.0000
         0
    0.0165
    0.0489
    0.0000
    0.0000
         0
    0.0221
         0
         0
         0
         0
         0
         0
    0.0000
    0.0000
    0.0198
    0.0123
    1.0000

  -1.0000e+09

    3.1846

End of this iteration
x-value
    0.0000
    2.4857
    2.1545
    2.4204
    2.8338
    0.8272
    0.0000
    0.0629
    0.0000
    0.0000
         0
    0.2444
    0.0628
         0
    0.0279
    0.0002
    0.0000
         0
         0
    0.0000
    0.0141
    0.0215
    0.0000
    0.0000
         0
         0
         0
         0
         0
    0.0000
         0
    0.0329
    0.0000
    0.0000
    0.0160
    0.0107
    1.0000

  -1.0000e+09

    3.1972

End of this iteration
x-value
         0
    2.4627
    2.1649
    2.4385
    2.8364
    0.5901
         0
    0.1087
         0
         0
         0
    0.3223
    0.0611
         0
    0.0320
         0
    0.0000
    0.0066
         0
    0.0000
    0.0116
    0.0434
         0
         0
    0.0000
    0.0000
         0
    0.0000
    0.0000
         0
    0.0000
    0.0363
         0
    0.0000
    0.0189
    0.0120
    1.0000

  -1.0000e+09

    3.1960

End of this iteration
x-value
         0
    2.4667
    2.1750
    2.4187
    2.8809
    0.2945
    0.0000
    0.1113
    0.0000
         0
    0.0000
    0.4305
    0.0605
    0.0000
    0.0335
    0.0098
         0
    0.0000
         0
    0.0000
    0.0157
    0.0476
    0.0000
         0
    0.0000
    0.0219
    0.0000
    0.0000
         0
    0.0000
         0
         0
         0
    0.0000
    0.0197
    0.0123
    1.0000

  -1.0000e+09

    3.1921

End of this iteration
x-value
         0
    2.5054
    2.1966
    2.4614
    2.8955
    0.4690
    0.0000
    0.0986
    0.0000
         0
         0
    0.3757
    0.0609
    0.0000
    0.0309
         0
         0
         0
         0
    0.0000
    0.0144
    0.0462
         0
         0
    0.0000
    0.0120
         0
         0
         0
    0.0000
         0
    0.0167
         0
    0.0000
    0.0194
    0.0122
    1.0000

  -1.0000e+09

    3.1708

End of this iteration
x-value
         0
    2.4815
    2.1759
    2.4382
    2.8682
    0.4479
         0
    0.0983
         0
    0.0000
    0.0000
    0.3779
    0.0606
         0
    0.0308
         0
         0
         0
    0.0000
    0.0000
    0.0147
    0.0465
         0
    0.0000
    0.0000
    0.0131
         0
    0.0000
         0
         0
    0.0000
    0.0148
    0.0000
         0
    0.0194
    0.0122
    1.0000

  -1.0000e+09

    3.1871

End of this iteration
x-value
         0
    2.6441
    2.3443
    2.4085
    2.4707
    1.1053
    0.0000
    0.0762
    0.0000
         0
    0.0000
    0.0788
    0.0535
    0.0000
         0
    0.0146
    0.0000
    0.0635
    0.0000
         0
    0.0323
    0.0444
         0
         0
         0
    0.0249
    0.0000
    0.0000
    0.0000
         0
         0
         0
         0
    0.0000
    0.0210
    0.0089
    1.0000

  -1.0000e+09

    3.1950

End of this iteration
x-value
         0
    2.5789
    2.2039
    2.3379
    3.0339
    0.1025
         0
    0.0000
         0
    0.0000
         0
    0.4971
         0
         0
    0.0116
    0.0239
    0.0000
    0.0045
    0.0110
    0.0000
    0.0263
    0.0572
         0
         0
         0
    0.0285
    0.0000
         0
    0.0000
         0
    0.0000
    0.0232
         0
    0.0000
    0.0180
    0.0138
    1.0000

  -1.0000e+09

    3.1614

End of this iteration
x-value
         0
    2.2087
    1.8983
    2.3797
    3.5998
    0.2019
    0.0000
    0.1321
    0.0285
    0.0000
         0
    0.5140
    0.0952
         0
    0.0794
    0.0321
    0.0000
         0
         0
    0.0000
    0.0060
    0.0451
    0.0000
    0.0000
    0.0000
    0.0212
    0.0009
    0.0000
         0
         0
    0.0000
         0
    0.0000
    0.0000
    0.0194
    0.0122
    1.0000

  -1.0000e+09

    3.7462

End of this iteration
x-value
    0.0000
    2.4815
    2.1759
    2.4382
    2.8682
    0.4479
         0
    0.0983
    0.0000
    0.0000
    0.0000
    0.3779
    0.0606
    0.0000
    0.0308
    0.0000
    0.0000
         0
    0.0000
         0
    0.0147
    0.0465
         0
         0
         0
    0.0131
         0
    0.0000
    0.0000
         0
         0
    0.0148
    0.0000
         0
    0.0194
    0.0122
    1.0000

  -1.0000e+09

    3.1871

End of this iteration
x-value
         0
    2.4815
    2.1759
    2.4382
    2.8682
    0.4479
         0
    0.0983
    0.0000
    0.0000
         0
    0.3779
    0.0606
         0
    0.0308
    0.0000
         0
         0
    0.0000
    0.0000
    0.0147
    0.0465
    0.0000
         0
    0.0000
    0.0131
         0
    0.0000
         0
         0
         0
    0.0148
    0.0000
    0.0000
    0.0194
    0.0122
    1.0000

  -1.0000e+09

    3.1871

End of this iteration
x-value
         0
    2.4305
    2.2028
    2.3451
    2.9154
    1.2233
         0
    0.1669
    0.0000
    0.0000
    0.0000
         0
    0.0660
    0.0000
    0.0299
    0.0238
         0
         0
    0.0000
    0.0000
    0.0244
    0.0492
    0.0000
         0
    0.0000
         0
         0
         0
    0.0161
    0.0176
    0.0000
    0.0460
    0.0049
         0
    0.0048
    0.0000
    1.0000

  -1.0000e+09

    4.7218

End of this iteration
x-value
         0
    2.4815
    2.1759
    2.4382
    2.8682
    0.4479
         0
    0.0983
    0.0000
         0
         0
    0.3779
    0.0606
         0
    0.0308
    0.0000
    0.0000
    0.0000
    0.0000
         0
    0.0147
    0.0465
    0.0000
         0
         0
    0.0131
    0.0000
         0
    0.0000
    0.0000
    0.0000
    0.0148
    0.0000
    0.0000
    0.0194
    0.0122
    1.0000

  -1.0000e+09

    3.1871

End of this iteration
x-value
         0
    2.4815
    2.1759
    2.4382
    2.8682
    0.4479
         0
    0.0983
         0
         0
         0
    0.3779
    0.0606
         0
    0.0308
    0.0000
    0.0000
         0
         0
    0.0000
    0.0147
    0.0465
         0
    0.0000
    0.0000
    0.0131
    0.0000
    0.0000
         0
    0.0000
    0.0000
    0.0148
    0.0000
    0.0000
    0.0194
    0.0122
    1.0000

  -1.0000e+09

    3.1871

End of this iteration
x-value
         0
    2.4587
    2.1935
    2.4200
    2.9098
    0.3161
         0
    0.1428
    0.0000
         0
    0.0000
    0.4304
    0.0677
    0.0000
    0.0420
    0.0337
         0
         0
    0.0000
         0
    0.0130
    0.0257
    0.0000
    0.0000
    0.0000
    0.0000
    0.0000
         0
         0
    0.0000
    0.0029
    0.0374
    0.0089
         0
    0.0000
    0.0159
    1.0000

  -1.0000e+09

    3.1849

End of this iteration
x-value
         0
    2.4688
    2.1872
    2.4426
    2.8809
    0.3653
         0
    0.1265
    0.0000
    0.0000
         0
    0.4097
    0.0704
         0
    0.0355
    0.0110
         0
         0
    0.0000
    0.0000
    0.0194
    0.0436
         0
         0
         0
    0.0018
         0
    0.0000
    0.0064
    0.0000
    0.0000
    0.0372
    0.0000
    0.0000
    0.0129
    0.0126
    1.0000

  -1.0000e+09

    3.1843

End of this iteration
x-value
         0
    2.5127
    2.1687
    2.4002
    2.8844
    0.5280
         0
    0.0336
         0
    0.0000
    0.0000
    0.3471
    0.0888
    0.0000
    0.0203
         0
    0.0000
         0
    0.0000
         0
    0.0536
    0.0340
         0
         0
    0.0107
    0.0255
         0
    0.0000
         0
         0
    0.0048
         0
         0
    0.0000
    0.0220
    0.0042
    1.0000

  -1.0000e+09

    3.1872

End of this iteration
x-value
    0.0000
    2.4526
    2.1585
    2.4510
    2.7913
    1.1131
         0
    0.1168
    0.0000
         0
    0.0000
    0.1149
    0.0603
    0.0000
    0.0311
         0
    0.0000
    0.0446
    0.0000
    0.0000
    0.0122
    0.0463
    0.0000
    0.0000
         0
         0
    0.0000
         0
    0.0024
         0
         0
    0.0371
         0
    0.0000
    0.0168
    0.0121
    1.0000

  -1.0000e+09

    3.2002

End of this iteration
x-value
         0
    2.4711
    2.1718
    2.4425
    2.8520
    0.5024
         0
    0.1072
         0
         0
    0.0000
    0.3587
    0.0618
         0
    0.0321
         0
         0
         0
         0
    0.0000
    0.0120
    0.0430
         0
         0
    0.0000
         0
    0.0000
    0.0000
    0.0000
    0.0000
    0.0000
    0.0364
    0.0000
    0.0000
    0.0189
    0.0120
    1.0000

  -1.0000e+09

    3.1908

End of this iteration
x-value
         0
    2.4815
    2.1759
    2.4382
    2.8682
    0.4479
         0
    0.0983
         0
    0.0000
         0
    0.3779
    0.0606
         0
    0.0308
    0.0000
         0
         0
         0
    0.0000
    0.0147
    0.0465
    0.0000
    0.0000
         0
    0.0131
         0
    0.0000
         0
    0.0000
    0.0000
    0.0148
    0.0000
    0.0000
    0.0194
    0.0122
    1.0000

  -1.0000e+09

    3.1871

End of this iteration
x-value
    0.0000
    2.4815
    2.1759
    2.4382
    2.8682
    0.4479
    0.0000
    0.0983
         0
    0.0000
    0.0000
    0.3779
    0.0606
    0.0000
    0.0308
         0
         0
         0
         0
         0
    0.0147
    0.0465
         0
         0
         0
    0.0131
         0
    0.0000
    0.0000
         0
         0
    0.0148
         0
         0
    0.0194
    0.0122
    1.0000

  -1.0000e+09

    3.1871

End of this iteration
x-value
    0.0000
    2.4649
    2.1645
    2.4378
    2.8409
    0.5511
    0.0000
    0.1084
    0.0000
    0.0000
    0.0000
    0.3408
    0.0492
         0
    0.0325
         0
    0.0000
         0
         0
         0
    0.0008
    0.0417
         0
         0
         0
         0
    0.0000
    0.0000
    0.0000
    0.0000
         0
    0.0311
         0
    0.0000
    0.0051
    0.0152
    1.0000

  -1.0000e+09

    3.1957

End of this iteration
x-value
    0.0000
    2.4593
    2.1665
    2.4377
    2.8416
    0.4720
         0
    0.1117
    0.0000
    0.0000
         0
    0.3677
    0.0723
    0.0000
    0.0328
    0.0000
         0
         0
    0.0000
    0.0000
    0.0197
    0.0451
         0
    0.0000
    0.0000
    0.0017
         0
    0.0000
    0.0061
    0.0000
    0.0000
    0.0372
         0
         0
    0.0133
    0.0127
    1.0000

  -1.0000e+09

    3.1962

End of this iteration
x-value
         0
    2.4128
    2.1873
    2.4873
    2.7482
    0.5357
    0.0000
    0.2184
         0
         0
    0.0000
    0.3446
         0
         0
    0.0025
    0.0000
    0.0000
         0
    0.0000
    0.0000
    0.0230
    0.0438
    0.0000
    0.0000
         0
    0.0014
         0
    0.0000
    0.0048
         0
         0
    0.0382
    0.0000
    0.0000
    0.0145
    0.0125
    1.0000

  -1.0000e+09

    3.1943

End of this iteration
x-value
         0
    3.5805
    1.7483
    2.4921
    2.5531
    1.1357
         0
         0
    0.1496
         0
         0
    0.0650
    0.0359
         0
         0
    0.0615
         0
    0.0993
    0.0085
         0
    0.0000
    0.0438
    0.0000
    0.0000
         0
    0.0240
         0
    0.0000
         0
         0
         0
         0
    0.0310
    0.0000
    0.0250
    0.0120
    1.0000

  -1.0000e+09

    2.6015

End of this iteration
x-value
         0
    4.4540
    2.4665
    0.8945
    2.6221
    0.6230
    0.0000
    0.0000
         0
    0.4167
    0.0000
    0.1800
         0
         0
    0.0250
         0
    0.0000
    0.0995
    0.0000
         0
    0.0084
    0.0523
         0
         0
         0
    0.0212
         0
         0
    0.0000
         0
    0.0000
         0
         0
    0.0000
    0.0198
    0.0117
    1.0000

  -1.0000e+09

    4.2194

End of this iteration
x-value
    0.0000
    2.4935
    2.1788
    2.4308
    2.8810
    0.4200
    0.0000
    0.0873
    0.0000
    0.0000
         0
    0.3874
    0.0491
         0
    0.0264
    0.0000
         0
         0
    0.0071
    0.0000
    0.0173
    0.0488
         0
         0
    0.0000
    0.0214
         0
    0.0000
         0
    0.0000
         0
    0.0000
         0
         0
    0.0198
    0.0123
    1.0000

  -1.0000e+09

    3.1839

End of this iteration
x-value
    0.0000
    2.5191
    2.1381
    2.3983
    2.9780
    0.4359
    0.0000
         0
         0
         0
    0.0000
    0.3813
    0.0883
         0
    0.0785
         0
    0.0000
    0.0062
    0.0000
    0.0000
    0.0000
    0.0502
         0
         0
         0
    0.0218
    0.0047
         0
         0
    0.0016
    0.0000
    0.0000
         0
         0
    0.0202
    0.0111
    1.0000

  -1.0000e+09

    3.1961

End of this iteration
x-value
    0.0000
    2.4526
    2.1586
    2.4510
    2.7910
    1.1175
    0.0000
    0.1167
         0
         0
    0.0000
    0.1130
    0.0611
         0
    0.0310
    0.0000
         0
    0.0451
    0.0000
    0.0000
    0.0132
    0.0466
    0.0000
         0
         0
    0.0003
    0.0000
    0.0000
    0.0032
    0.0000
    0.0000
    0.0371
         0
         0
    0.0161
    0.0121
    1.0000

  -1.0000e+09

    3.2001

End of this iteration
x-value
    0.8049
    1.4704
    2.2566
    2.2329
    3.3884
    0.4488
    0.1129
         0
         0
         0
         0
    0.3942
    0.0436
    0.0428
    0.0762
         0
    0.0000
    0.0000
    0.0000
         0
    0.0028
    0.0504
         0
    0.0000
    0.0000
    0.0182
         0
         0
    0.0000
         0
    0.0000
    0.0000
         0
    0.0000
    0.0123
    0.0142
    1.0000

  -1.0000e+09

    2.9514

End of this iteration
x-value
    0.0000
    2.4689
    2.1731
    2.4462
    2.8521
    0.4874
    0.0000
    0.1136
    0.0000
         0
         0
    0.3643
    0.0573
         0
    0.0330
         0
    0.0000
         0
    0.0000
         0
    0.0074
    0.0450
    0.0000
         0
         0
    0.0000
         0
         0
    0.0000
         0
         0
    0.0348
    0.0000
    0.0000
    0.0188
    0.0121
    1.0000

  -1.0000e+09

    3.1903

End of this iteration
x-value
    0.0000
    2.2085
    2.2094
    2.3333
    2.8719
    1.1997
    0.0698
    0.3643
         0
         0
    0.0000
    0.0000
    0.0751
    0.0000
    0.0794
    0.1085
         0
    0.0805
         0
         0
    0.0193
    0.0478
         0
    0.0373
         0
         0
         0
    0.0000
    0.0237
         0
         0
    0.0491
    0.0075
         0
         0
    0.0000
    1.0000

  -1.0000e+09

    4.0822

End of this iteration
x-value
         0
    2.4815
    2.1759
    2.4382
    2.8682
    0.4479
    0.0000
    0.0983
         0
         0
    0.0000
    0.3779
    0.0606
         0
    0.0308
    0.0000
    0.0000
    0.0000
         0
         0
    0.0147
    0.0465
         0
         0
         0
    0.0131
    0.0000
         0
    0.0000
         0
         0
    0.0148
         0
    0.0000
    0.0194
    0.0122
    1.0000

  -1.0000e+09

    3.1871

End of this iteration
x-value
    0.0000
    2.4815
    2.1759
    2.4382
    2.8682
    0.4479
         0
    0.0983
         0
         0
         0
    0.3779
    0.0606
         0
    0.0308
    0.0000
         0
         0
    0.0000
    0.0000
    0.0147
    0.0465
         0
    0.0000
    0.0000
    0.0131
    0.0000
    0.0000
         0
    0.0000
         0
    0.0148
         0
    0.0000
    0.0194
    0.0122
    1.0000

  -1.0000e+09

    3.1871

End of this iteration
x-value
         0
    2.4669
    2.1883
    2.4361
    2.8888
    0.3535
         0
    0.1293
         0
         0
         0
    0.4146
    0.0690
    0.0000
    0.0373
    0.0169
    0.0000
         0
         0
         0
    0.0165
    0.0375
    0.0000
    0.0000
    0.0000
         0
    0.0000
    0.0000
    0.0000
         0
         0
    0.0395
    0.0035
         0
    0.0194
    0.0118
    1.0000

  -1.0000e+09

    3.1845

End of this iteration
x-value
    0.0000
    2.4821
    2.1904
    2.4370
    2.8979
    0.3134
         0
    0.1130
         0
         0
         0
    0.4277
    0.0671
         0
    0.0334
    0.0097
    0.0000
    0.0000
         0
    0.0000
    0.0211
    0.0478
         0
         0
         0
    0.0182
    0.0000
         0
    0.0050
    0.0000
         0
    0.0092
    0.0000
    0.0000
    0.0149
    0.0127
    1.0000

  -1.0000e+09

    3.1804

End of this iteration
x-value
    0.0000
    2.4128
    2.1873
    2.4873
    2.7482
    0.5357
    0.0000
    0.2184
    0.0000
    0.0000
    0.0000
    0.3446
         0
         0
    0.0025
         0
    0.0000
         0
         0
         0
    0.0230
    0.0438
         0
         0
    0.0000
    0.0014
    0.0000
    0.0000
    0.0048
         0
    0.0000
    0.0382
         0
         0
    0.0145
    0.0125
    1.0000

  -1.0000e+09

    3.1943

End of this iteration
x-value
         0
    2.4711
    2.1718
    2.4425
    2.8520
    0.5024
    0.0000
    0.1072
         0
    0.0000
    0.0000
    0.3587
    0.0618
    0.0000
    0.0321
    0.0000
    0.0000
         0
         0
    0.0000
    0.0120
    0.0430
         0
    0.0000
         0
    0.0000
    0.0000
    0.0000
    0.0000
    0.0000
         0
    0.0364
    0.0000
         0
    0.0189
    0.0120
    1.0000

  -1.0000e+09

    3.1908

End of this iteration
x-value
         0
    2.1303
    2.6904
    1.3410
    4.1604
    0.0000
    0.3532
    0.4250
         0
         0
    0.0000
    0.4916
    0.0196
    0.0000
    0.0928
    0.1326
    0.0000
    0.0547
         0
    0.0000
    0.0111
    0.0402
         0
         0
    0.0000
         0
    0.0000
    0.0000
    0.0198
    0.0171
         0
    0.0451
    0.0052
         0
    0.0004
         0
    1.0000

  -1.0000e+09

    3.0745

End of this iteration
x-value
         0
    2.5617
    2.1794
    2.3764
    2.9263
    0.9761
    0.0000
         0
    0.0000
    0.0000
         0
    0.0000
         0
    0.0000
    0.0033
         0
    0.0000
    0.2521
    0.0256
    0.0000
    0.0298
    0.0393
         0
         0
    0.0000
    0.0217
    0.0000
    0.0023
         0
    0.0000
         0
    0.0000
    0.0000
    0.0000
         0
         0
    1.0000

  -1.0000e+09

    3.1737

End of this iteration
x-value
         0
    2.5617
    2.1794
    2.3764
    2.9263
    0.9761
         0
         0
         0
    0.0000
    0.0000
         0
         0
         0
    0.0033
         0
         0
    0.2521
    0.0256
         0
    0.0298
    0.0393
         0
         0
         0
    0.0217
    0.0000
    0.0023
         0
    0.0000
         0
    0.0000
         0
    0.0000
         0
         0
    1.0000

  -1.0000e+09

    3.1737

End of this iteration
x-value
    0.0000
    2.4667
    2.1750
    2.4187
    2.8809
    0.2945
         0
    0.1113
    0.0000
         0
    0.0000
    0.4305
    0.0605
         0
    0.0335
    0.0098
    0.0000
    0.0000
         0
    0.0000
    0.0157
    0.0476
    0.0000
    0.0000
         0
    0.0219
    0.0000
    0.0000
         0
         0
         0
         0
    0.0000
    0.0000
    0.0197
    0.0123
    1.0000

  -1.0000e+09

    3.1921

End of this iteration
x-value
    0.0000
    2.4638
    2.1862
    2.3611
    2.9012
    1.1180
         0
    0.1218
    0.0000
    0.0000
         0
    0.0858
    0.0289
    0.0000
    0.0299
    0.0580
    0.0000
    0.0939
    0.0225
    0.0156
    0.0302
    0.0419
    0.0000
    0.0000
         0
    0.0160
         0
         0
         0
    0.0000
         0
         0
         0
         0
    0.0216
    0.0063
    1.0000

  -1.0000e+09

    3.1919

End of this iteration
x-value
    0.0000
    2.4637
    2.1862
    2.3611
    2.9011
    1.1181
    0.0000
    0.1220
         0
         0
    0.0000
    0.0858
    0.0288
         0
    0.0298
    0.0580
         0
    0.0939
    0.0225
    0.0156
    0.0303
    0.0421
         0
         0
         0
    0.0160
    0.0000
         0
         0
         0
    0.0000
         0
    0.0000
         0
    0.0206
    0.0110
    1.0000

  -1.0000e+09

    3.1919

End of this iteration
x-value
    0.9652
    1.2241
    2.2719
    2.2513
    3.4177
    0.2887
         0
    0.1851
    0.0000
    0.0000
    0.0000
    0.4563
    0.0770
         0
    0.0747
    0.0177
    0.0000
    0.0000
    0.0000
    0.0000
    0.0061
    0.0468
    0.0000
         0
         0
    0.0207
         0
    0.0000
         0
         0
    0.0000
    0.0000
    0.0000
         0
    0.0168
    0.0129
    1.0000

  -1.0000e+09

    2.9373

End of this iteration
x-value
         0
    2.4711
    2.1718
    2.4425
    2.8520
    0.5024
    0.0000
    0.1072
    0.0000
         0
         0
    0.3587
    0.0618
         0
    0.0321
         0
    0.0000
         0
    0.0000
    0.0000
    0.0120
    0.0430
         0
         0
         0
         0
    0.0000
    0.0000
         0
    0.0000
         0
    0.0364
    0.0000
         0
    0.0189
    0.0120
    1.0000

  -1.0000e+09

    3.1908

End of this iteration
x-value
    0.0000
    2.4644
    2.1661
    2.4363
    2.8442
    0.4980
    0.0000
    0.1073
         0
         0
         0
    0.3588
    0.0618
         0
    0.0321
         0
         0
         0
    0.0000
    0.0000
    0.0120
    0.0430
    0.0000
    0.0000
    0.0000
         0
    0.0000
         0
         0
    0.0000
    0.0000
    0.0364
         0
    0.0000
    0.0189
    0.0120
    1.0000

  -1.0000e+09

    3.1953

End of this iteration
x-value
         0
    2.3165
    1.8171
    2.3121
    3.6526
    0.0000
    0.0000
    0.0000
    0.1785
    0.0000
    0.0000
    0.5864
    0.0914
    0.0099
         0
    0.0616
    0.0000
         0
         0
         0
    0.0246
    0.0410
    0.0000
         0
    0.0000
    0.0226
    0.0000
    0.0000
    0.0031
    0.0000
    0.0000
         0
    0.0000
    0.0000
    0.0166
    0.0123
    1.0000

  -1.0000e+09

    3.4078

End of this iteration
x-value
         0
    2.5655
    2.1838
    2.3774
    2.9271
    0.9701
    0.0000
         0
         0
    0.0000
    0.0000
         0
         0
    0.0000
    0.0000
         0
    0.0000
    0.2549
    0.0263
    0.0040
    0.0321
    0.0398
    0.0000
         0
         0
    0.0202
    0.0000
    0.0022
         0
         0
         0
         0
    0.0000
    0.0000
         0
    0.0000
    1.0000

  -1.0000e+09

    3.1710

End of this iteration
x-value
         0
    2.4815
    2.1759
    2.4382
    2.8682
    0.4479
    0.0000
    0.0983
    0.0000
    0.0000
         0
    0.3779
    0.0606
    0.0000
    0.0308
         0
    0.0000
         0
    0.0000
    0.0000
    0.0147
    0.0465
    0.0000
         0
    0.0000
    0.0131
         0
         0
    0.0000
    0.0000
         0
    0.0148
    0.0000
         0
    0.0194
    0.0122
    1.0000

  -1.0000e+09

    3.1871

End of this iteration
x-value
    0.0000
    2.5318
    2.1492
    2.4096
    2.9929
    0.4244
    0.0000
         0
         0
         0
    0.0000
    0.3888
    0.0883
    0.0000
    0.0780
         0
         0
    0.0046
         0
    0.0000
    0.0000
    0.0494
    0.0000
         0
    0.0000
    0.0223
    0.0042
         0
         0
    0.0000
         0
    0.0000
    0.0035
         0
    0.0207
    0.0124
    1.0000

  -1.0000e+09

    3.1876

End of this iteration
x-value
    0.0000
    2.5318
    2.1492
    2.4096
    2.9929
    0.4244
         0
         0
    0.0000
    0.0000
    0.0000
    0.3888
    0.0883
    0.0000
    0.0780
         0
    0.0000
    0.0046
         0
    0.0000
         0
    0.0494
    0.0000
         0
         0
    0.0223
    0.0042
    0.0000
    0.0000
    0.0000
    0.0000
         0
    0.0035
         0
    0.0207
    0.0124
    1.0000

  -1.0000e+09

    3.1876

End of this iteration
x-value
         0
    2.3439
    2.1708
    2.4657
    2.7189
    1.0940
    0.0000
    0.2800
         0
    0.0000
    0.0000
    0.0161
    0.0016
    0.0000
    0.0184
         0
    0.0000
    0.1820
    0.0456
         0
    0.0423
    0.1848
    0.0000
         0
         0
    0.0515
    0.0324
         0
    0.0000
    0.0332
    0.0136
         0
    0.0000
         0
         0
    0.0042
    1.0000

  -1.0000e+09

    3.2177

End of this iteration
x-value
    0.0000
    2.3883
    2.1667
    2.4753
    2.7002
    0.8331
         0
    0.2215
    0.0000
         0
    0.0000
    0.2217
    0.0000
    0.0000
    0.0019
         0
         0
    0.0228
         0
    0.0000
    0.0241
    0.0457
         0
    0.0000
    0.0000
    0.0019
         0
         0
    0.0068
    0.0000
         0
    0.0382
    0.0000
         0
    0.0128
    0.0126
    1.0000

  -1.0000e+09

    3.2099

End of this iteration
x-value
    0.0000
    2.2973
    2.1873
    2.4518
    2.6969
    1.0913
    0.0000
    0.3551
    0.0000
         0
    0.0000
    0.1381
         0
         0
    0.0197
    0.0633
    0.0000
    0.0338
         0
    0.0000
    0.0262
    0.0466
    0.0000
    0.0000
         0
         0
    0.0000
         0
    0.0196
    0.0176
         0
    0.0479
    0.0058
         0
    0.0014
         0
    1.0000

  -1.0000e+09

    3.2212

End of this iteration
x-value
         0
    2.5054
    2.1966
    2.4614
    2.8955
    0.4690
    0.0000
    0.0986
    0.0000
         0
         0
    0.3757
    0.0609
         0
    0.0309
         0
    0.0000
         0
         0
    0.0000
    0.0144
    0.0462
         0
         0
    0.0000
    0.0120
    0.0000
    0.0000
         0
    0.0000
    0.0000
    0.0167
    0.0000
         0
    0.0194
    0.0122
    1.0000

  -1.0000e+09

    3.2578

End of this iteration
x-value
    0.0000
    2.4909
    2.1956
    2.4715
    2.8804
    0.4808
    0.0000
    0.1185
         0
    0.0000
    0.0000
    0.3719
    0.0592
    0.0000
    0.0333
         0
    0.0000
         0
         0
         0
    0.0091
    0.0478
         0
    0.0000
    0.0000
         0
         0
         0
    0.0046
    0.0000
         0
    0.0361
    0.0000
    0.0000
    0.0144
    0.0127
    1.0000

  -1.0000e+09

    3.1735

End of this iteration
x-value
    0.0000
    2.4699
    2.1771
    2.4427
    2.8618
    0.4555
         0
    0.1143
    0.0000
    0.0000
         0
    0.3762
    0.0648
    0.0000
    0.0334
    0.0039
         0
    0.0000
         0
    0.0000
    0.0144
    0.0431
    0.0000
         0
         0
    0.0002
         0
         0
    0.0021
    0.0000
    0.0000
    0.0372
    0.0000
    0.0000
    0.0169
    0.0122
    1.0000

  -1.0000e+09

    3.1886

End of this iteration
x-value
    0.0000
    2.4959
    2.1334
    2.5955
    2.7122
    0.7263
         0
    0.0710
    0.0000
    0.0000
    0.0000
    0.2895
    0.0672
         0
    0.0367
         0
         0
         0
         0
    0.0000
    0.0115
    0.0254
         0
    0.0000
    0.0000
    0.0000
    0.0000
         0
    0.0000
         0
         0
    0.0328
         0
    0.0000
         0
         0
    1.0000

  -1.0000e+09

    3.1897

End of this iteration
x-value
    0.0000
    2.4824
    2.1372
    2.5912
    2.7141
    0.6816
    0.0000
    0.0909
         0
         0
    0.0000
    0.2884
    0.0671
    0.0000
    0.0363
         0
         0
    0.0217
         0
    0.0000
    0.0185
    0.0485
         0
    0.0000
         0
    0.0227
    0.0000
         0
         0
    0.0000
    0.0000
    0.0000
         0
    0.0000
    0.0206
    0.0093
    1.0000

  -1.0000e+09

    3.1914

End of this iteration
x-value
         0
    2.3026
    2.5063
    2.2393
    1.1638
    0.9651
    0.0000
    0.6425
         0
    0.0000
    0.2203
    0.0165
         0
         0
    0.0000
    0.1626
         0
    0.1480
    0.0000
         0
    0.0327
    0.0423
    0.0030
    0.0000
         0
    0.0000
         0
         0
    0.0217
    0.0150
         0
    0.0514
    0.0076
         0
    0.0000
    0.0000
    1.0000

  -1.0000e+09

   31.6725

End of this iteration
x-value
         0
    2.4561
    2.1604
    2.4470
    2.8062
    0.9433
    0.0000
    0.1142
    0.0000
    0.0000
         0
    0.1824
    0.0586
         0
    0.0315
         0
         0
    0.0320
    0.0000
    0.0000
    0.0100
    0.0449
         0
         0
         0
    0.0000
    0.0000
         0
         0
         0
         0
    0.0359
    0.0000
    0.0000
    0.0190
    0.0119
    1.0000

  -1.0000e+09

    3.1988

End of this iteration
x-value
         0
    2.4784
    2.1552
    2.4216
    2.8342
    0.7382
         0
    0.0732
    0.0000
         0
         0
    0.2747
    0.0625
         0
    0.0289
         0
         0
         0
    0.0000
         0
    0.0135
    0.0269
         0
         0
         0
         0
         0
    0.0000
         0
    0.0000
    0.0054
    0.0361
    0.0100
         0
    0.0000
    0.0159
    1.0000

  -1.0000e+09

    3.1984

End of this iteration
x-value
         0
    2.4518
    2.1579
    2.4503
    2.7903
    1.1135
         0
    0.1168
         0
         0
    0.0000
    0.1146
    0.0603
         0
    0.0311
         0
    0.0000
    0.0447
         0
         0
    0.0122
    0.0463
         0
         0
         0
         0
         0
         0
    0.0024
         0
         0
    0.0371
         0
    0.0000
    0.0168
    0.0121
    1.0000

  -1.0000e+09

    3.2007

End of this iteration
x-value
         0
    2.4815
    2.1759
    2.4382
    2.8682
    0.4479
    0.0000
    0.0983
    0.0000
         0
         0
    0.3779
    0.0606
         0
    0.0308
         0
         0
    0.0000
         0
    0.0000
    0.0147
    0.0465
         0
         0
         0
    0.0131
    0.0000
         0
         0
    0.0000
    0.0000
    0.0148
    0.0000
    0.0000
    0.0194
    0.0122
    1.0000

  -1.0000e+09

    3.1871

End of this iteration
x-value
         0
    2.4815
    2.1759
    2.4382
    2.8682
    0.4479
         0
    0.0983
         0
    0.0000
         0
    0.3779
    0.0606
    0.0000
    0.0308
         0
    0.0000
         0
    0.0000
    0.0000
    0.0147
    0.0465
         0
         0
    0.0000
    0.0131
    0.0000
         0
         0
    0.0000
         0
    0.0148
         0
         0
    0.0194
    0.0122
    1.0000

  -1.0000e+09

    3.1871

End of this iteration
x-value
         0
    2.4723
    2.1766
    2.4427
    2.8602
    0.4630
    0.0000
    0.1095
    0.0000
         0
         0
    0.3732
    0.0692
         0
    0.0321
    0.0019
    0.0000
         0
    0.0000
         0
    0.0196
    0.0447
    0.0000
         0
    0.0000
    0.0017
    0.0000
    0.0000
    0.0060
    0.0000
    0.0000
    0.0372
         0
    0.0000
    0.0133
    0.0126
    1.0000

  -1.0000e+09

    3.1884

End of this iteration
x-value
    0.0000
    2.4636
    2.1655
    2.4374
    2.8406
    0.5408
    0.0000
    0.1080
         0
         0
    0.0000
    0.3419
    0.0615
    0.0000
    0.0321
         0
    0.0000
    0.0031
    0.0000
    0.0000
    0.0118
    0.0432
         0
    0.0000
         0
         0
         0
         0
         0
    0.0000
    0.0000
    0.0364
    0.0000
         0
    0.0189
    0.0120
    1.0000

  -1.0000e+09

    3.1956

End of this iteration
x-value
         0
    2.4518
    2.1580
    2.4503
    2.7901
    1.1171
    0.0000
    0.1167
         0
         0
         0
    0.1130
    0.0610
         0
    0.0310
         0
    0.0000
    0.0451
    0.0000
    0.0000
    0.0131
    0.0465
         0
         0
    0.0000
    0.0002
    0.0000
         0
    0.0031
    0.0000
    0.0000
    0.0371
         0
         0
    0.0162
    0.0121
    1.0000

  -1.0000e+09

    3.2007

End of this iteration
x-value
         0
    2.8693
    2.1202
    2.4956
    2.1690
         0
    0.0000
    0.2744
         0
         0
         0
    0.2807
         0
         0
         0
         0
         0
    0.0165
         0
         0
    0.0051
    0.0543
    0.0000
    0.0000
    0.0000
    0.0000
    0.0145
         0
    0.0174
    0.0193
         0
    0.0469
         0
    0.0000
         0
    0.0000
    1.0000

  -1.0000e+09

   26.2325

End of this iteration
x-value
    0.0000
    2.4827
    2.1908
    2.4341
    2.9036
    0.2892
         0
    0.1138
    0.0000
    0.0000
    0.0000
    0.4362
    0.0608
    0.0000
    0.0341
    0.0113
         0
         0
         0
    0.0000
    0.0156
    0.0473
         0
         0
         0
    0.0219
    0.0000
         0
         0
    0.0000
    0.0000
         0
    0.0000
         0
    0.0197
    0.0123
    1.0000

  -1.0000e+09

    3.1803

End of this iteration
x-value
    0.0000
    2.3680
    2.1408
    2.7164
    2.5180
    0.0000
         0
    0.2693
         0
         0
    0.0000
    0.4269
    0.0327
         0
         0
    0.0000
    0.0000
         0
    0.0000
         0
    0.0332
    0.0642
         0
    0.0000
    0.0000
    0.0000
    0.0000
    0.0000
    0.0182
    0.0206
         0
    0.0522
    0.0081
         0
         0
         0
    1.0000

  -1.0000e+09

   11.9172

End of this iteration
x-value
    0.0000
    2.4821
    2.1904
    2.4370
    2.8979
    0.3134
         0
    0.1130
         0
         0
    0.0000
    0.4277
    0.0671
         0
    0.0334
    0.0097
    0.0000
         0
    0.0000
         0
    0.0211
    0.0478
    0.0000
         0
         0
    0.0182
         0
    0.0000
    0.0050
    0.0000
    0.0000
    0.0092
         0
         0
    0.0149
    0.0127
    1.0000

  -1.0000e+09

    3.1804

End of this iteration
x-value
         0
    2.4815
    2.1759
    2.4382
    2.8682
    0.4479
    0.0000
    0.0983
         0
    0.0000
    0.0000
    0.3779
    0.0606
         0
    0.0308
         0
    0.0000
         0
         0
         0
    0.0147
    0.0465
    0.0000
         0
    0.0000
    0.0131
    0.0000
    0.0000
         0
         0
         0
    0.0148
    0.0000
    0.0000
    0.0194
    0.0122
    1.0000

  -1.0000e+09

    3.1871

End of this iteration
x-value
    0.0000
    2.2114
    2.2059
    2.3698
    2.8322
    1.1597
    0.0000
    0.4554
         0
         0
         0
    0.0272
    0.0741
    0.0000
    0.0866
    0.1583
         0
    0.1765
         0
    0.0000
    0.0089
    0.0421
    0.0000
    0.0000
    0.0000
         0
    0.0000
         0
    0.0211
    0.0123
    0.0000
    0.0434
    0.0045
    0.0000
         0
         0
    1.0000

  -1.0000e+09

   10.9453

End of this iteration
x-value
         0
    2.4986
    2.1951
    2.4697
    2.8806
    0.5675
    0.0000
    0.1074
    0.0000
         0
    0.0000
    0.3397
    0.0617
    0.0000
    0.0321
         0
         0
    0.0034
    0.0000
         0
    0.0118
    0.0432
         0
    0.0000
         0
    0.0000
         0
    0.0000
         0
         0
         0
    0.0364
    0.0000
         0
    0.0189
    0.0120
    1.0000

  -1.0000e+09

    3.1723

End of this iteration
x-value
    0.0000
    2.4815
    2.1759
    2.4382
    2.8682
    0.4479
         0
    0.0983
         0
    0.0000
         0
    0.3779
    0.0606
         0
    0.0308
    0.0000
    0.0000
         0
    0.0000
    0.0000
    0.0147
    0.0465
    0.0000
    0.0000
         0
    0.0131
         0
         0
         0
    0.0000
         0
    0.0148
         0
    0.0000
    0.0194
    0.0122
    1.0000

  -1.0000e+09

    3.1871

End of this iteration
x-value
    0.0000
    2.4815
    2.1759
    2.4382
    2.8682
    0.4479
         0
    0.0983
    0.0000
    0.0000
         0
    0.3779
    0.0606
    0.0000
    0.0308
    0.0000
    0.0000
         0
         0
         0
    0.0147
    0.0465
         0
    0.0000
         0
    0.0131
    0.0000
         0
    0.0000
         0
    0.0000
    0.0148
         0
         0
    0.0194
    0.0122
    1.0000

  -1.0000e+09

    3.1871

End of this iteration
x-value
    0.0000
    2.4815
    2.1759
    2.4382
    2.8682
    0.4479
         0
    0.0983
    0.0000
    0.0000
    0.0000
    0.3779
    0.0606
         0
    0.0308
         0
    0.0000
         0
    0.0000
         0
    0.0147
    0.0465
         0
         0
    0.0000
    0.0131
    0.0000
         0
         0
         0
    0.0000
    0.0148
    0.0000
    0.0000
    0.0194
    0.0122
    1.0000

  -1.0000e+09

    3.1871

End of this iteration
x-value
    0.0000
    2.2469
    1.7884
    2.3514
    3.7027
         0
         0
    0.0766
    0.1903
         0
    0.0000
    0.5954
    0.0858
         0
    0.0000
    0.0655
    0.0000
         0
    0.0000
         0
    0.0202
    0.0390
         0
         0
    0.0000
    0.0218
    0.0000
         0
         0
    0.0000
         0
         0
    0.0000
    0.0000
    0.0193
    0.0119
    1.0000

  -1.0000e+09

    3.3802

End of this iteration
x-value
         0
    2.4815
    2.1759
    2.4382
    2.8682
    0.4479
    0.0000
    0.0983
         0
         0
         0
    0.3779
    0.0606
    0.0000
    0.0308
         0
    0.0000
         0
         0
         0
    0.0147
    0.0465
         0
    0.0000
         0
    0.0131
         0
    0.0000
    0.0000
    0.0000
         0
    0.0148
    0.0000
         0
    0.0194
    0.0122
    1.0000

  -1.0000e+09

    3.1871

End of this iteration
x-value
         0
    2.4644
    2.1661
    2.4363
    2.8442
    0.4980
    0.0000
    0.1073
    0.0000
    0.0000
    0.0000
    0.3588
    0.0618
    0.0000
    0.0321
         0
    0.0000
         0
         0
    0.0000
    0.0120
    0.0430
         0
    0.0000
         0
         0
         0
         0
         0
         0
    0.0000
    0.0364
    0.0000
    0.0000
    0.0189
    0.0120
    1.0000

  -1.0000e+09

    3.1953

End of this iteration
x-value
         0
    2.4815
    2.1759
    2.4382
    2.8682
    0.4479
    0.0000
    0.0983
         0
         0
    0.0000
    0.3779
    0.0606
         0
    0.0308
    0.0000
         0
         0
         0
         0
    0.0147
    0.0465
         0
         0
    0.0000
    0.0131
    0.0000
    0.0000
    0.0000
    0.0000
         0
    0.0148
    0.0000
         0
    0.0194
    0.0122
    1.0000

  -1.0000e+09

    3.1871

End of this iteration
x-value
    0.0000
    2.4815
    2.1759
    2.4382
    2.8682
    0.4479
         0
    0.0983
         0
    0.0000
         0
    0.3779
    0.0606
         0
    0.0308
    0.0000
         0
         0
         0
         0
    0.0147
    0.0465
    0.0000
         0
    0.0000
    0.0131
    0.0000
    0.0000
         0
    0.0000
    0.0000
    0.0148
    0.0000
         0
    0.0194
    0.0122
    1.0000

  -1.0000e+09

    3.1871

End of this iteration
x-value
         0
    2.4694
    2.1750
    2.4469
    2.8532
    0.4785
    0.0000
    0.1115
         0
    0.0000
         0
    0.3675
    0.0724
         0
    0.0328
         0
    0.0000
         0
    0.0000
    0.0000
    0.0197
    0.0451
    0.0000
         0
         0
    0.0017
         0
    0.0000
    0.0061
    0.0000
         0
    0.0372
    0.0000
    0.0000
    0.0133
    0.0127
    1.0000

  -1.0000e+09

    3.1895

End of this iteration
x-value
    0.0000
    2.4820
    2.1793
    2.4411
    2.8723
    0.4171
    0.0000
    0.1003
         0
         0
    0.0000
    0.3891
    0.0689
         0
    0.0311
         0
         0
         0
         0
    0.0000
    0.0213
    0.0489
    0.0000
    0.0000
    0.0000
    0.0172
         0
    0.0000
    0.0049
    0.0000
         0
    0.0109
         0
         0
    0.0151
    0.0128
    1.0000

  -1.0000e+09

    3.1853

End of this iteration
x-value
    0.0000
    2.4815
    2.1759
    2.4382
    2.8682
    0.4479
    0.0000
    0.0983
    0.0000
         0
    0.0000
    0.3779
    0.0606
    0.0000
    0.0308
         0
         0
         0
         0
         0
    0.0147
    0.0465
    0.0000
    0.0000
         0
    0.0131
         0
    0.0000
         0
    0.0000
    0.0000
    0.0148
    0.0000
    0.0000
    0.0194
    0.0122
    1.0000

  -1.0000e+09

    3.1871

End of this iteration
x-value
         0
    2.4885
    2.1787
    2.4352
    2.8793
    0.4107
         0
    0.0923
         0
         0
         0
    0.3910
    0.0598
         0
    0.0298
         0
         0
         0
    0.0000
         0
    0.0165
    0.0489
         0
    0.0000
         0
    0.0221
         0
    0.0000
    0.0000
         0
    0.0000
         0
         0
         0
    0.0198
    0.0123
    1.0000

  -1.0000e+09

    3.1846

End of this iteration
x-value
    0.0000
    2.4885
    2.1787
    2.4352
    2.8793
    0.4107
         0
    0.0923
         0
         0
    0.0000
    0.3910
    0.0598
    0.0000
    0.0298
    0.0000
    0.0000
         0
    0.0000
    0.0000
    0.0165
    0.0489
         0
         0
         0
    0.0221
         0
         0
         0
         0
    0.0000
         0
    0.0000
         0
    0.0198
    0.0123
    1.0000

  -1.0000e+09

    3.1846

End of this iteration
x-value
    0.7423
    1.6578
    2.2511
    2.2467
    3.4083
    0.3024
         0
    0.0000
         0
         0
    0.0000
    0.4467
    0.0916
    0.0000
    0.0679
         0
         0
    0.0000
         0
         0
    0.0101
    0.0606
    0.0000
    0.0000
         0
    0.0259
    0.0000
    0.0000
    0.0000
         0
         0
    0.0242
         0
         0
    0.0098
    0.0159
    1.0000

  -1.0000e+09

    2.9592

End of this iteration
x-value
    0.0000
    2.4815
    2.1759
    2.4382
    2.8682
    0.4479
    0.0000
    0.0983
         0
         0
    0.0000
    0.3779
    0.0606
    0.0000
    0.0308
         0
    0.0000
         0
         0
    0.0000
    0.0147
    0.0465
    0.0000
         0
    0.0000
    0.0131
         0
    0.0000
         0
         0
    0.0000
    0.0148
    0.0000
    0.0000
    0.0194
    0.0122
    1.0000

  -1.0000e+09

    3.1871

End of this iteration
x-value
    0.0000
    2.4561
    2.1604
    2.4470
    2.8062
    0.9433
         0
    0.1142
    0.0000
    0.0000
    0.0000
    0.1824
    0.0586
    0.0000
    0.0315
         0
         0
    0.0320
         0
    0.0000
    0.0100
    0.0449
    0.0000
    0.0000
         0
         0
         0
    0.0000
         0
    0.0000
    0.0000
    0.0359
    0.0000
         0
    0.0190
    0.0119
    1.0000

  -1.0000e+09

    3.1988

End of this iteration
x-value
    0.0000
    2.4526
    2.1586
    2.4510
    2.7910
    1.1175
         0
    0.1167
         0
    0.0000
         0
    0.1130
    0.0611
    0.0000
    0.0310
         0
         0
    0.0451
         0
         0
    0.0132
    0.0466
    0.0000
    0.0000
    0.0000
    0.0003
         0
    0.0000
    0.0032
    0.0000
         0
    0.0371
         0
         0
    0.0161
    0.0121
    1.0000

  -1.0000e+09

    3.2001

End of this iteration
x-value
         0
    2.5681
    2.1844
    2.3861
    2.8970
    0.8652
         0
         0
         0
    0.0000
         0
    0.3654
         0
    0.0000
    0.0028
    0.0019
    0.0000
         0
    0.0279
    0.0092
    0.0338
    0.0521
    0.0000
    0.0000
         0
    0.0192
    0.0000
         0
    0.0085
         0
         0
         0
         0
         0
    0.0124
    0.0133
    1.0000

  -1.0000e+09

    3.1694

End of this iteration
x-value
    0.0000
    2.5681
    2.1844
    2.3861
    2.8970
    0.8652
         0
         0
         0
    0.0000
    0.0000
    0.3654
         0
         0
    0.0028
    0.0019
    0.0000
         0
    0.0279
    0.0092
    0.0338
    0.0521
         0
    0.0000
         0
    0.0192
         0
         0
    0.0085
    0.0000
         0
         0
    0.0000
         0
    0.0124
    0.0133
    1.0000

  -1.0000e+09

    3.1694

End of this iteration
x-value
         0
    2.2120
    2.2624
    2.4524
    2.4226
    1.1259
         0
    0.5411
         0
         0
         0
    0.0638
         0
         0
    0.0000
    0.1177
    0.0000
    0.0980
    0.0000
         0
    0.0271
    0.0504
         0
    0.0341
    0.0000
         0
         0
         0
    0.0240
    0.0010
         0
    0.0489
    0.0064
    0.0000
    0.0000
    0.0000
    1.0000

  -1.0000e+09

   16.2440

End of this iteration
x-value
    0.0000
    2.4723
    2.1766
    2.4427
    2.8602
    0.4630
         0
    0.1095
         0
    0.0000
    0.0000
    0.3732
    0.0692
         0
    0.0321
    0.0019
    0.0000
         0
         0
    0.0000
    0.0196
    0.0447
         0
         0
    0.0000
    0.0017
         0
    0.0000
    0.0060
         0
    0.0000
    0.0372
    0.0000
    0.0000
    0.0133
    0.0126
    1.0000

  -1.0000e+09

    3.1884

End of this iteration
x-value
         0
    2.4723
    2.1766
    2.4427
    2.8602
    0.4630
    0.0000
    0.1095
    0.0000
         0
         0
    0.3732
    0.0692
         0
    0.0321
    0.0019
         0
         0
    0.0000
         0
    0.0196
    0.0447
         0
         0
         0
    0.0017
    0.0000
    0.0000
    0.0060
    0.0000
    0.0000
    0.0372
         0
    0.0000
    0.0133
    0.0126
    1.0000

  -1.0000e+09

    3.1884

End of this iteration
x-value
         0
    2.4815
    2.1759
    2.4382
    2.8682
    0.4479
    0.0000
    0.0983
         0
         0
    0.0000
    0.3779
    0.0606
    0.0000
    0.0308
         0
    0.0000
         0
         0
    0.0000
    0.0147
    0.0465
         0
         0
         0
    0.0131
    0.0000
    0.0000
    0.0000
         0
         0
    0.0148
         0
         0
    0.0194
    0.0122
    1.0000

  -1.0000e+09

    3.1871

End of this iteration
x-value
    0.0000
    2.3334
    2.1666
    2.4775
    2.7007
    1.1600
    0.0000
    0.2880
         0
    0.0000
         0
    0.0000
    0.0169
         0
    0.0235
         0
         0
    0.1737
    0.0365
         0
    0.0381
    0.1714
    0.0000
         0
    0.0052
    0.0271
    0.0290
         0
         0
    0.0307
         0
    0.0399
         0
    0.0000
         0
    0.0047
    1.0000

  -1.0000e+09

    3.2208

End of this iteration
x-value
         0
    2.3578
    2.1865
    2.5140
    2.7223
    1.2180
    0.0000
    0.2823
         0
    0.0000
         0
    0.0000
    0.0518
    0.0000
    0.0301
    0.0000
         0
    0.1553
    0.0151
    0.0000
    0.0418
    0.1485
         0
         0
    0.0122
    0.0042
    0.0027
         0
    0.0000
    0.0259
    0.0000
    0.0702
    0.0335
    0.0000
         0
    0.0075
    1.0000

  -1.0000e+09

    3.2036

End of this iteration
x-value
    0.0000
    2.4815
    2.1759
    2.4382
    2.8682
    0.4479
         0
    0.0983
    0.0000
    0.0000
    0.0000
    0.3779
    0.0606
    0.0000
    0.0308
    0.0000
    0.0000
         0
    0.0000
    0.0000
    0.0147
    0.0465
    0.0000
         0
    0.0000
    0.0131
         0
    0.0000
         0
         0
         0
    0.0148
    0.0000
    0.0000
    0.0194
    0.0122
    1.0000

  -1.0000e+09

    3.1871

End of this iteration
x-value
    0.0000
    2.5127
    2.1403
    2.3916
    2.9900
    0.4717
         0
    0.0096
    0.0000
    0.0000
         0
    0.3635
    0.0891
    0.0000
    0.0835
    0.0091
    0.0000
    0.0165
    0.0000
    0.0000
         0
    0.0500
    0.0000
         0
    0.0000
    0.0213
    0.0032
    0.0000
         0
    0.0024
         0
         0
         0
         0
    0.0199
    0.0104
    1.0000

  -1.0000e+09

    3.1967

End of this iteration
x-value
    0.0000
    2.3098
    2.1669
    2.3655
    2.9206
    1.0812
         0
    0.2832
    0.0000
    0.0000
    0.0000
    0.1546
    0.1110
    0.0000
    0.1147
    0.1064
    0.0000
    0.0000
         0
    0.0000
    0.0000
    0.0384
    0.0000
         0
         0
    0.0000
    0.0036
         0
    0.0199
    0.0188
         0
    0.0479
    0.0187
         0
         0
    0.0000
    1.0000

  -1.0000e+09

    3.2295

End of this iteration
x-value
         0
    2.4863
    2.1764
    2.4344
    2.8744
    0.4359
    0.0000
    0.0923
    0.0000
    0.0000
         0
    0.3820
    0.0592
    0.0000
    0.0300
    0.0000
    0.0000
         0
    0.0000
    0.0000
    0.0153
    0.0474
         0
    0.0000
         0
    0.0201
    0.0000
    0.0000
         0
         0
         0
    0.0000
         0
    0.0000
    0.0195
    0.0123
    1.0000

  -1.0000e+09

    3.1861

End of this iteration
x-value
    0.0000
    2.3687
    2.8832
    1.1382
    2.9805
    0.7907
    0.0000
    0.7234
         0
         0
    0.0000
         0
    0.0000
    0.0000
         0
    0.3158
    0.0000
    0.2531
         0
         0
    0.0402
    0.0071
         0
    0.0049
         0
    0.0000
         0
         0
    0.0201
    0.0026
         0
    0.0408
         0
         0
    0.0000
    0.0000
    1.0000

  -1.0000e+09

   29.2721

End of this iteration
x-value
         0
    2.4815
    2.1759
    2.4382
    2.8682
    0.4479
         0
    0.0983
    0.0000
    0.0000
         0
    0.3779
    0.0606
         0
    0.0308
         0
         0
         0
    0.0000
    0.0000
    0.0147
    0.0465
         0
         0
    0.0000
    0.0131
    0.0000
         0
    0.0000
         0
         0
    0.0148
    0.0000
         0
    0.0194
    0.0122
    1.0000

  -1.0000e+09

    3.1871

End of this iteration
x-value
    0.0000
    2.4815
    2.1759
    2.4382
    2.8682
    0.4479
         0
    0.0983
         0
         0
    0.0000
    0.3779
    0.0606
         0
    0.0308
         0
         0
         0
         0
    0.0000
    0.0147
    0.0465
         0
    0.0000
         0
    0.0131
    0.0000
         0
         0
    0.0000
         0
    0.0148
         0
    0.0000
    0.0194
    0.0122
    1.0000

  -1.0000e+09

    3.1871

End of this iteration
x-value
    0.0000
    2.4808
    2.1911
    2.4338
    2.9035
    0.2908
         0
    0.1166
         0
         0
    0.0000
    0.4359
    0.0605
    0.0000
    0.0346
    0.0126
         0
         0
    0.0000
    0.0000
    0.0149
    0.0462
         0
         0
         0
    0.0200
         0
         0
         0
    0.0000
    0.0091
         0
    0.0000
    0.0000
    0.0195
    0.0122
    1.0000

  -1.0000e+09

    3.1805

End of this iteration
x-value
    0.0000
    2.4815
    2.1759
    2.4382
    2.8682
    0.4479
         0
    0.0983
         0
         0
    0.0000
    0.3779
    0.0606
    0.0000
    0.0308
    0.0000
         0
         0
    0.0000
         0
    0.0147
    0.0465
         0
         0
         0
    0.0131
    0.0000
    0.0000
    0.0000
    0.0000
    0.0000
    0.0148
    0.0000
    0.0000
    0.0194
    0.0122
    1.0000

  -1.0000e+09

    3.1871

End of this iteration
x-value
         0
    2.4815
    2.1759
    2.4382
    2.8682
    0.4479
         0
    0.0983
         0
    0.0000
         0
    0.3779
    0.0606
    0.0000
    0.0308
         0
    0.0000
    0.0000
    0.0000
         0
    0.0147
    0.0465
         0
         0
    0.0000
    0.0131
         0
    0.0000
         0
    0.0000
         0
    0.0148
         0
    0.0000
    0.0194
    0.0122
    1.0000

  -1.0000e+09

    3.1871

End of this iteration
x-value
         0
    2.4876
    2.1779
    2.4350
    2.8772
    0.4209
         0
    0.0924
    0.0000
         0
         0
    0.3873
    0.0595
         0
    0.0298
    0.0000
    0.0000
         0
         0
         0
    0.0161
    0.0483
    0.0000
    0.0000
         0
    0.0208
         0
    0.0000
         0
         0
    0.0059
         0
         0
         0
    0.0197
    0.0123
    1.0000

  -1.0000e+09

    3.1852

End of this iteration
x-value
    0.0000
    2.4815
    2.1759
    2.4382
    2.8682
    0.4479
    0.0000
    0.0983
    0.0000
         0
         0
    0.3779
    0.0606
    0.0000
    0.0308
         0
         0
         0
         0
         0
    0.0147
    0.0465
         0
         0
         0
    0.0131
    0.0000
    0.0000
    0.0000
    0.0000
         0
    0.0148
    0.0000
    0.0000
    0.0194
    0.0122
    1.0000

  -1.0000e+09

    3.1871

End of this iteration
x-value
    0.0000
    2.4815
    2.1759
    2.4382
    2.8682
    0.4479
    0.0000
    0.0983
         0
         0
    0.0000
    0.3779
    0.0606
    0.0000
    0.0308
         0
         0
         0
         0
         0
    0.0147
    0.0465
         0
         0
         0
    0.0131
    0.0000
         0
         0
         0
         0
    0.0148
         0
         0
    0.0194
    0.0122
    1.0000

  -1.0000e+09

    3.1871

End of this iteration
x-value
    0.0000
    2.4815
    2.1759
    2.4382
    2.8682
    0.4479
         0
    0.0983
    0.0000
    0.0000
         0
    0.3779
    0.0606
         0
    0.0308
         0
    0.0000
         0
    0.0000
    0.0000
    0.0147
    0.0465
    0.0000
    0.0000
         0
    0.0131
         0
         0
         0
         0
         0
    0.0148
         0
    0.0000
    0.0194
    0.0122
    1.0000

  -1.0000e+09

    3.1871

End of this iteration
x-value
    0.0000
    2.4511
    2.1682
    2.4653
    2.7936
    1.1272
    0.0000
    0.1321
    0.0000
    0.0000
         0
    0.1074
    0.0654
    0.0000
    0.0315
         0
    0.0000
    0.0512
         0
    0.0000
    0.0184
    0.0561
    0.0000
         0
    0.0000
    0.0029
    0.0000
    0.0000
    0.0170
    0.0000
    0.0000
    0.0367
    0.0000
         0
    0.0032
    0.0139
    1.0000

  -1.0000e+09

    3.1951

End of this iteration
x-value
    0.0000
    2.3334
    2.1666
    2.4775
    2.7007
    1.1600
    0.0000
    0.2880
    0.0000
    0.0000
         0
    0.0000
    0.0169
    0.0000
    0.0235
    0.0000
         0
    0.1737
    0.0365
         0
    0.0381
    0.1714
    0.0000
         0
    0.0052
    0.0271
    0.0290
         0
         0
    0.0307
    0.0000
    0.0399
         0
         0
         0
    0.0047
    1.0000

  -1.0000e+09

    3.2208

End of this iteration
x-value
         0
    2.4614
    2.1694
    2.4127
    2.8734
    0.2964
         0
    0.1096
         0
    0.0000
    0.0000
    0.4285
    0.0611
         0
    0.0332
    0.0094
    0.0000
         0
    0.0000
    0.0000
    0.0165
    0.0474
         0
         0
    0.0000
    0.0221
         0
         0
         0
    0.0000
         0
    0.0000
    0.0000
    0.0000
    0.0197
    0.0123
    1.0000

  -1.0000e+09

    3.1962

End of this iteration
x-value
    0.0000
    2.4815
    2.1759
    2.4382
    2.8682
    0.4479
    0.0000
    0.0983
         0
         0
    0.0000
    0.3779
    0.0606
         0
    0.0308
         0
         0
         0
    0.0000
    0.0000
    0.0147
    0.0465
    0.0000
    0.0000
         0
    0.0131
         0
    0.0000
         0
    0.0000
    0.0000
    0.0148
    0.0000
         0
    0.0194
    0.0122
    1.0000

  -1.0000e+09

    3.1871

End of this iteration
x-value
         0
    2.3270
    2.2247
    2.3970
    2.8972
    0.9140
    0.0000
    0.3393
         0
    0.0000
         0
    0.1466
    0.0716
         0
    0.0678
    0.1188
         0
    0.1280
         0
         0
    0.0201
    0.0405
    0.0000
         0
    0.0000
    0.0047
    0.0000
    0.0000
    0.0190
    0.0000
    0.0000
    0.0360
         0
         0
    0.0008
    0.0127
    1.0000

  -1.0000e+09

    3.1999

End of this iteration
x-value
    0.0000
    2.4942
    2.1664
    2.4247
    2.8608
    0.7527
    0.0000
    0.0723
         0
         0
    0.0000
    0.2733
    0.0452
    0.0000
    0.0301
    0.0050
    0.0000
    0.0000
         0
         0
         0
    0.0255
    0.0000
    0.0000
    0.0000
    0.0147
    0.0000
    0.0000
         0
         0
         0
    0.0014
         0
         0
    0.0156
         0
    1.0000

  -1.0000e+09

    3.1894

End of this iteration
x-value
         0
    2.4851
    2.1840
    2.4554
    2.8684
    0.5088
         0
    0.1069
         0
         0
         0
    0.3594
    0.0636
         0
    0.0320
    0.0000
         0
         0
         0
         0
    0.0137
    0.0434
    0.0000
         0
         0
         0
    0.0000
         0
    0.0014
    0.0000
    0.0000
    0.0373
    0.0000
         0
    0.0176
    0.0122
    1.0000

  -1.0000e+09

    3.1813

End of this iteration
x-value
         0
    2.4821
    2.1904
    2.4370
    2.8979
    0.3134
         0
    0.1130
    0.0000
         0
    0.0000
    0.4277
    0.0671
    0.0000
    0.0334
    0.0097
         0
    0.0000
    0.0000
    0.0000
    0.0211
    0.0478
         0
    0.0000
    0.0000
    0.0182
         0
         0
    0.0050
         0
    0.0000
    0.0092
    0.0000
         0
    0.0149
    0.0127
    1.0000

  -1.0000e+09

    3.1804

End of this iteration
x-value
    0.0000
    2.4821
    2.1904
    2.4370
    2.8979
    0.3134
         0
    0.1130
    0.0000
    0.0000
         0
    0.4277
    0.0671
         0
    0.0334
    0.0097
    0.0000
         0
         0
    0.0000
    0.0211
    0.0478
    0.0000
    0.0000
         0
    0.0182
    0.0000
    0.0000
    0.0050
    0.0000
         0
    0.0092
         0
         0
    0.0149
    0.0127
    1.0000

  -1.0000e+09

    3.1804

End of this iteration
x-value
    0.0000
    2.6395
    2.3862
    2.3294
    2.5200
    1.0795
    0.0000
    0.1095
         0
    0.0000
         0
    0.0849
    0.0546
         0
    0.0000
    0.0294
    0.0000
    0.0642
    0.0000
    0.0000
    0.0311
    0.0351
    0.0000
    0.0000
    0.0000
    0.0024
         0
    0.0000
         0
         0
    0.0000
    0.0382
         0
    0.0000
    0.0194
    0.0110
    1.0000

  -1.0000e+09

    3.0718

End of this iteration
x-value
         0
    2.4815
    2.1759
    2.4382
    2.8682
    0.4479
    0.0000
    0.0983
    0.0000
    0.0000
         0
    0.3779
    0.0606
    0.0000
    0.0308
         0
    0.0000
         0
    0.0000
         0
    0.0147
    0.0465
    0.0000
         0
    0.0000
    0.0131
         0
    0.0000
    0.0000
         0
    0.0000
    0.0148
         0
         0
    0.0194
    0.0122
    1.0000

  -1.0000e+09

    3.1871

End of this iteration
x-value
    0.0000
    2.4607
    2.1656
    2.4581
    2.8005
    1.1208
    0.0000
    0.1162
         0
    0.0000
    0.0000
    0.1134
    0.0627
         0
    0.0308
         0
    0.0000
    0.0453
    0.0000
    0.0000
    0.0148
    0.0470
         0
         0
         0
    0.0007
    0.0000
    0.0000
    0.0045
    0.0000
         0
    0.0371
    0.0000
         0
    0.0149
    0.0123
    1.0000

  -1.0000e+09

    3.1947

End of this iteration
x-value
         0
    2.4815
    2.1759
    2.4382
    2.8682
    0.4479
    0.0000
    0.0983
    0.0000
    0.0000
         0
    0.3779
    0.0606
    0.0000
    0.0308
         0
    0.0000
         0
         0
    0.0000
    0.0147
    0.0465
         0
    0.0000
    0.0000
    0.0131
         0
    0.0000
         0
         0
         0
    0.0148
    0.0000
         0
    0.0194
    0.0122
    1.0000

  -1.0000e+09

    3.1871

End of this iteration
x-value
         0
    2.4815
    2.1759
    2.4382
    2.8682
    0.4479
    0.0000
    0.0983
    0.0000
         0
         0
    0.3779
    0.0606
         0
    0.0308
         0
    0.0000
         0
         0
    0.0000
    0.0147
    0.0465
    0.0000
    0.0000
    0.0000
    0.0131
    0.0000
    0.0000
    0.0000
         0
         0
    0.0148
         0
         0
    0.0194
    0.0122
    1.0000

  -1.0000e+09

    3.1871

End of this iteration
x-value
         0
    2.3654
    2.6225
    2.0941
    2.0956
    1.0307
         0
    0.6676
         0
         0
         0
    0.0000
    0.0000
         0
         0
    0.1906
         0
    0.1698
    0.0000
         0
    0.0349
    0.0361
    0.0294
         0
         0
    0.0000
    0.0057
    0.0000
    0.0095
    0.0139
         0
    0.0456
    0.0000
         0
    0.0048
    0.0000
    1.0000

  -1.0000e+09

   21.7400

End of this iteration
x-value
    0.0000
    2.4815
    2.1759
    2.4382
    2.8682
    0.4479
    0.0000
    0.0983
         0
    0.0000
         0
    0.3779
    0.0606
    0.0000
    0.0308
    0.0000
         0
         0
         0
         0
    0.0147
    0.0465
         0
    0.0000
    0.0000
    0.0131
    0.0000
    0.0000
         0
    0.0000
         0
    0.0148
         0
         0
    0.0194
    0.0122
    1.0000

  -1.0000e+09

    3.1871

End of this iteration
x-value
    0.0000
    2.4653
    2.1852
    2.4609
    2.8609
    0.3856
    0.0000
    0.1339
    0.0000
         0
         0
    0.4016
    0.0649
    0.0000
    0.0340
         0
    0.0000
         0
    0.0000
         0
    0.0155
    0.0574
    0.0000
    0.0000
         0
    0.0025
         0
         0
    0.0197
         0
         0
    0.0365
         0
    0.0000
    0.0003
    0.0147
    1.0000

  -1.0000e+09

    3.1846

End of this iteration
x-value
         0
    2.4815
    2.1759
    2.4382
    2.8682
    0.4479
         0
    0.0983
         0
         0
         0
    0.3779
    0.0606
    0.0000
    0.0308
         0
    0.0000
         0
    0.0000
         0
    0.0147
    0.0465
    0.0000
    0.0000
         0
    0.0131
    0.0000
    0.0000
    0.0000
    0.0000
         0
    0.0148
    0.0000
         0
    0.0194
    0.0122
    1.0000

  -1.0000e+09

    3.1871

End of this iteration
x-value
    0.0000
    2.4683
    2.1770
    2.4102
    2.8896
    0.4532
    0.0000
    0.1142
         0
         0
         0
    0.3790
    0.0452
         0
    0.0368
    0.0230
    0.0000
         0
    0.0000
         0
    0.0000
    0.0299
         0
         0
         0
    0.0164
         0
         0
    0.0011
    0.0000
         0
         0
    0.0000
         0
    0.0157
    0.0089
    1.0000

  -1.0000e+09

    3.1911

End of this iteration
x-value
         0
    2.4845
    2.1861
    2.4418
    2.8843
    0.3638
         0
    0.1061
         0
         0
         0
    0.3992
    0.0647
    0.0000
    0.0298
    0.0000
    0.0000
    0.0120
    0.0000
         0
    0.0241
    0.0618
    0.0000
    0.0000
    0.0003
    0.0273
    0.0000
         0
         0
         0
         0
    0.0251
         0
    0.0000
    0.0202
    0.0135
    1.0000

  -1.0000e+09

    3.1817

End of this iteration
x-value
         0
    2.4827
    2.1908
    2.4341
    2.9036
    0.2892
    0.0000
    0.1138
    0.0000
    0.0000
    0.0000
    0.4362
    0.0608
    0.0000
    0.0341
    0.0113
    0.0000
         0
         0
    0.0000
    0.0156
    0.0473
         0
         0
         0
    0.0219
    0.0000
    0.0000
         0
    0.0000
    0.0000
         0
         0
    0.0000
    0.0197
    0.0123
    1.0000

  -1.0000e+09

    3.1803

End of this iteration
x-value
    0.0000
    2.4815
    2.1759
    2.4382
    2.8682
    0.4479
         0
    0.0983
         0
         0
    0.0000
    0.3779
    0.0606
         0
    0.0308
    0.0000
    0.0000
         0
    0.0000
         0
    0.0147
    0.0465
         0
         0
    0.0000
    0.0131
    0.0000
         0
    0.0000
         0
    0.0000
    0.0148
         0
    0.0000
    0.0194
    0.0122
    1.0000

  -1.0000e+09

    3.1871

End of this iteration
x-value
         0
    2.4581
    2.1649
    2.4291
    2.8355
    0.6385
    0.0000
    0.1107
    0.0000
         0
    0.0000
    0.2846
    0.0645
    0.0000
    0.0292
    0.0000
         0
    0.0338
    0.0000
    0.0000
    0.0250
    0.0638
         0
         0
    0.0001
    0.0280
    0.0000
         0
    0.0000
    0.0003
         0
    0.0253
         0
         0
    0.0228
    0.0126
    1.0000

  -1.0000e+09

    3.1980

End of this iteration
x-value
         0
    2.4628
    2.1692
    2.4320
    2.8448
    0.5845
         0
    0.1107
    0.0000
         0
    0.0000
    0.3070
    0.0646
         0
    0.0294
    0.0000
         0
    0.0296
         0
         0
    0.0249
    0.0639
    0.0000
    0.0000
    0.0001
    0.0280
    0.0000
    0.0000
         0
    0.0010
    0.0000
    0.0253
         0
    0.0000
    0.0228
    0.0121
    1.0000

  -1.0000e+09

    3.1948

End of this iteration
Current Step Size: 0.1500, Reduced Step Size Iteration Count: 13
Best Value So Far: 1000000000.0000, Old Benchmark : Inf, Current Objective : 1000000000.0000, Iterations Since Best: 0
     2

x-value
         0
    2.4815
    2.1759
    2.4382
    2.8682
    0.4479
         0
    0.0983
         0
         0
         0
    0.3779
    0.0606
         0
    0.0308
         0
    0.0000
         0
         0
         0
    0.0147
    0.0465
    0.0000
    0.0000
         0
    0.0131
         0
    0.0000
         0
         0
    0.0000
    0.0148
    0.0000
         0
    0.0194
    0.0122
    1.0000

  -1.0000e+09

    3.1871

End of this iteration
x-value
         0
    2.4808
    2.1883
    2.4437
    2.8891
    0.3085
    0.0000
    0.1151
    0.0000
         0
    0.0000
    0.4284
    0.0610
    0.0000
    0.0324
    0.0037
    0.0000
         0
         0
    0.0000
    0.0173
    0.0566
         0
         0
    0.0000
    0.0232
         0
    0.0000
    0.0089
         0
    0.0000
         0
         0
    0.0000
    0.0055
    0.0411
    1.0000

  -1.0000e+09

    3.1812

End of this iteration
x-value
         0
    2.4711
    2.1718
    2.4425
    2.8520
    0.5024
         0
    0.1072
         0
    0.0000
         0
    0.3587
    0.0618
    0.0000
    0.0321
    0.0000
         0
         0
    0.0000
    0.0000
    0.0120
    0.0430
         0
         0
    0.0000
    0.0000
    0.0000
         0
         0
    0.0000
         0
    0.0364
    0.0000
    0.0000
    0.0189
    0.0120
    1.0000

  -1.0000e+09

    3.1908

End of this iteration
x-value
    0.0000
    2.4827
    2.1908
    2.4341
    2.9036
    0.2892
    0.0000
    0.1138
    0.0000
    0.0000
         0
    0.4362
    0.0608
    0.0000
    0.0341
    0.0113
         0
    0.0000
         0
         0
    0.0156
    0.0473
    0.0000
    0.0000
         0
    0.0219
    0.0000
    0.0000
         0
         0
         0
    0.0000
         0
         0
    0.0197
    0.0123
    1.0000

  -1.0000e+09

    3.1803

End of this iteration
x-value
    0.0000
    2.4711
    2.1718
    2.4425
    2.8520
    0.5024
    0.0000
    0.1072
         0
         0
    0.0000
    0.3587
    0.0618
    0.0000
    0.0321
         0
    0.0000
         0
    0.0000
    0.0000
    0.0120
    0.0430
    0.0000
         0
    0.0000
    0.0000
    0.0000
         0
         0
    0.0000
         0
    0.0364
    0.0000
    0.0000
    0.0189
    0.0120
    1.0000

  -1.0000e+09

    3.1908

End of this iteration
x-value
         0
    2.4962
    2.0236
    2.3758
    3.4037
         0
         0
    0.0000
    0.1395
         0
         0
    0.5752
    0.0852
         0
         0
    0.0564
    0.0000
         0
    0.0000
    0.0043
    0.0211
    0.0410
    0.0000
         0
         0
    0.0201
         0
         0
         0
    0.0000
    0.0000
    0.0000
         0
         0
    0.0196
    0.0120
    1.0000

  -1.0000e+09

    3.2144

End of this iteration
x-value
         0
    2.4615
    2.1692
    2.4133
    2.8726
    0.2973
    0.0000
    0.1093
    0.0000
         0
    0.0000
    0.4281
    0.0610
         0
    0.0331
    0.0089
         0
         0
         0
         0
    0.0164
    0.0478
         0
    0.0000
    0.0000
    0.0221
    0.0000
    0.0000
         0
    0.0000
         0
         0
         0
         0
    0.0205
    0.0121
    1.0000

  -1.0000e+09

    3.1962

End of this iteration
x-value
         0
    2.4855
    2.1618
    2.4361
    2.8386
    0.8051
         0
    0.0792
    0.0000
    0.0000
    0.0000
    0.2541
    0.0500
         0
    0.0305
         0
         0
         0
         0
         0
    0.0000
    0.0248
         0
         0
    0.0000
         0
         0
         0
    0.0000
    0.0000
         0
         0
         0
         0
    0.0000
         0
    1.0000

  -1.0000e+09

    3.1926

End of this iteration
x-value
         0
    2.4815
    2.1759
    2.4382
    2.8682
    0.4479
    0.0000
    0.0983
         0
         0
         0
    0.3779
    0.0606
         0
    0.0308
         0
         0
         0
         0
         0
    0.0147
    0.0465
    0.0000
         0
         0
    0.0131
         0
         0
         0
         0
    0.0000
    0.0148
         0
    0.0000
    0.0194
    0.0122
    1.0000

  -1.0000e+09

    3.1871

End of this iteration
x-value
         0
    2.4858
    2.3859
    2.2896
    2.3218
    1.0131
    0.0000
    0.3015
         0
         0
    0.0000
    0.1326
    0.0000
    0.0000
    0.0000
    0.0880
    0.0000
    0.0156
         0
         0
    0.0186
    0.0503
         0
    0.0451
    0.0000
    0.0000
    0.0076
    0.0000
    0.0241
         0
    0.0000
    0.0504
    0.0036
         0
         0
    0.0000
    1.0000

  -1.0000e+09

   30.6787

End of this iteration
x-value
         0
    2.4815
    2.1759
    2.4382
    2.8682
    0.4479
    0.0000
    0.0983
    0.0000
    0.0000
         0
    0.3779
    0.0606
         0
    0.0308
         0
    0.0000
         0
         0
         0
    0.0147
    0.0465
    0.0000
    0.0000
         0
    0.0131
         0
    0.0000
    0.0000
    0.0000
         0
    0.0148
    0.0000
         0
    0.0194
    0.0122
    1.0000

  -1.0000e+09

    3.1871

End of this iteration
x-value
    0.0000
    2.4813
    2.1760
    2.4385
    2.8679
    0.4479
         0
    0.0986
    0.0000
         0
    0.0000
    0.3779
    0.0613
         0
    0.0308
         0
         0
         0
    0.0000
    0.0000
    0.0152
    0.0464
    0.0000
    0.0000
         0
    0.0124
    0.0000
         0
    0.0000
         0
    0.0000
    0.0162
    0.0000
    0.0000
    0.0202
    0.0120
    1.0000

  -1.0000e+09

    3.1871

End of this iteration
x-value
    0.0000
    2.4853
    2.1838
    2.4556
    2.8684
    0.5117
    0.0000
    0.1069
         0
    0.0000
    0.0000
    0.3584
    0.0619
    0.0000
    0.0321
         0
         0
         0
    0.0000
    0.0000
    0.0120
    0.0430
    0.0000
    0.0000
         0
         0
         0
         0
         0
    0.0000
         0
    0.0364
    0.0000
         0
    0.0189
    0.0120
    1.0000

  -1.0000e+09

    3.1813

End of this iteration
x-value
    0.0000
    2.4852
    2.1767
    2.4357
    2.8730
    0.4365
    0.0000
    0.0942
    0.0000
         0
         0
    0.3818
    0.0596
         0
    0.0301
         0
         0
         0
         0
         0
    0.0154
    0.0473
    0.0000
    0.0000
    0.0000
    0.0177
    0.0000
         0
    0.0000
         0
    0.0089
    0.0041
    0.0000
         0
    0.0195
    0.0123
    1.0000

  -1.0000e+09

    3.1862

End of this iteration
x-value
    0.0000
    2.4815
    2.1759
    2.4382
    2.8682
    0.4479
    0.0000
    0.0983
    0.0000
         0
         0
    0.3779
    0.0606
         0
    0.0308
         0
         0
         0
    0.0000
    0.0000
    0.0147
    0.0465
    0.0000
         0
    0.0000
    0.0131
         0
    0.0000
         0
         0
    0.0000
    0.0148
    0.0000
         0
    0.0194
    0.0122
    1.0000

  -1.0000e+09

    3.1871

End of this iteration
x-value
    0.0000
    2.4955
    2.1778
    2.4275
    2.8843
    0.4196
    0.0000
    0.0818
    0.0000
         0
         0
    0.3874
    0.0540
         0
    0.0273
    0.0000
    0.0000
         0
         0
         0
    0.0169
    0.0488
         0
    0.0000
    0.0000
    0.0221
    0.0000
    0.0000
    0.0000
         0
         0
    0.0000
    0.0000
         0
    0.0198
    0.0123
    1.0000

  -1.0000e+09

    3.1841

End of this iteration
x-value
    0.0000
    2.1055
    1.9714
    2.3385
    3.4675
    0.4061
    0.2380
    0.0303
    0.0000
    0.0000
         0
    0.4247
    0.0318
    0.0000
    0.1064
    0.0000
         0
         0
    0.0146
    0.0256
    0.0000
    0.0654
    0.0000
         0
    0.0000
    0.0090
    0.0000
    0.0000
    0.0100
    0.0212
         0
    0.0000
         0
    0.0000
         0
    0.0000
    1.0000

  -1.0000e+09

    3.3296

End of this iteration
x-value
    0.0000
    2.3577
    2.1894
    2.5027
    2.7323
    1.1702
         0
    0.2900
         0
    0.0000
         0
         0
    0.0208
    0.0000
    0.0250
         0
         0
    0.1765
    0.0306
    0.0000
    0.0367
    0.1747
         0
         0
    0.0111
    0.0317
    0.0313
    0.0000
         0
    0.0312
    0.0000
    0.0319
         0
         0
    0.0000
    0.0047
    1.0000

  -1.0000e+09

    3.2033

End of this iteration
x-value
         0
    2.4653
    2.1852
    2.4609
    2.8609
    0.3856
    0.0000
    0.1339
    0.0000
    0.0000
    0.0000
    0.4016
    0.0649
    0.0000
    0.0340
    0.0000
    0.0000
         0
         0
    0.0000
    0.0155
    0.0574
    0.0000
    0.0000
         0
    0.0025
    0.0000
    0.0000
    0.0197
         0
         0
    0.0365
         0
         0
    0.0003
    0.0147
    1.0000

  -1.0000e+09

    3.1846

End of this iteration
x-value
         0
    2.4627
    2.1649
    2.4385
    2.8364
    0.5901
    0.0000
    0.1087
    0.0000
         0
         0
    0.3223
    0.0611
         0
    0.0320
    0.0000
         0
    0.0066
    0.0000
    0.0000
    0.0116
    0.0434
         0
    0.0000
         0
    0.0000
         0
         0
    0.0000
         0
         0
    0.0363
    0.0000
    0.0000
    0.0189
    0.0120
    1.0000

  -1.0000e+09

    3.1960

End of this iteration
x-value
    0.0000
    2.4815
    2.1759
    2.4382
    2.8682
    0.4479
    0.0000
    0.0983
         0
    0.0000
    0.0000
    0.3779
    0.0606
         0
    0.0308
         0
    0.0000
         0
         0
    0.0000
    0.0147
    0.0465
    0.0000
    0.0000
    0.0000
    0.0131
         0
         0
         0
    0.0000
         0
    0.0148
         0
         0
    0.0194
    0.0122
    1.0000

  -1.0000e+09

    3.1871

End of this iteration
x-value
    0.0000
    2.5050
    2.2591
    2.2293
    3.1277
    0.3243
    0.0000
    0.1112
    0.0000
    0.0000
    0.0000
    0.4184
    0.0606
    0.0000
    0.0224
    0.0127
         0
         0
         0
    0.0000
    0.0258
    0.0490
         0
    0.0000
    0.0000
    0.0244
    0.0000
         0
    0.0062
    0.0000
         0
         0
         0
         0
    0.0141
    0.0129
    1.0000

  -1.0000e+09

    3.1624

End of this iteration
x-value
    0.0000
    2.4701
    2.1988
    2.3334
    2.9457
    1.1194
         0
    0.1245
         0
         0
         0
    0.0774
    0.0193
    0.0025
    0.0318
    0.0797
    0.0000
    0.1106
    0.0267
    0.0215
    0.0324
    0.0398
    0.0000
         0
         0
    0.0134
         0
    0.0000
    0.0000
         0
         0
         0
    0.0000
         0
    0.0218
    0.0056
    1.0000

  -1.0000e+09

    3.1868

End of this iteration
x-value
    0.0000
    2.5077
    2.1775
    2.4161
    2.8888
    0.4433
    0.0000
    0.0683
    0.0000
         0
         0
    0.3783
    0.0311
         0
    0.0194
    0.0000
         0
         0
    0.0153
         0
    0.0195
    0.0480
         0
    0.0000
         0
    0.0209
         0
         0
    0.0000
    0.0000
         0
    0.0000
    0.0000
         0
    0.0204
    0.0098
    1.0000

  -1.0000e+09

    3.1827

End of this iteration
x-value
         0
    2.0853
    2.2625
    2.3770
    2.5759
    0.0000
         0
    0.7257
    0.0000
    0.1649
         0
    1.2642
         0
         0
    0.0722
    0.2708
    0.0000
         0
    0.0000
         0
    0.0246
    0.0047
         0
         0
         0
         0
    0.0000
         0
    0.0182
         0
    0.0000
    0.0389
         0
    0.0000
    0.0000
    0.0070
    1.0000

  -1.0000e+09

    5.3037

End of this iteration
x-value
         0
    2.5534
    2.1733
    2.3665
    2.9123
    0.9669
         0
         0
         0
    0.0000
         0
         0
         0
         0
         0
         0
    0.0000
    0.2530
    0.0262
    0.0037
    0.0319
    0.0389
    0.0000
         0
         0
    0.0204
    0.0000
    0.0027
    0.0000
    0.0000
         0
         0
    0.0000
         0
    0.0000
    0.0000
    1.0000

  -1.0000e+09

    3.1792

End of this iteration
x-value
    0.0000
    2.4658
    2.1662
    2.4355
    2.8434
    0.5729
    0.0000
    0.1078
    0.0000
    0.0000
         0
    0.3254
    0.0525
    0.0000
    0.0313
    0.0000
    0.0000
    0.0106
         0
         0
    0.0078
    0.0494
    0.0000
    0.0000
    0.0000
    0.0125
         0
    0.0000
    0.0000
    0.0000
         0
    0.0134
    0.0000
         0
    0.0197
    0.0107
    1.0000

  -1.0000e+09

    3.1950

End of this iteration
x-value
    0.0000
    2.4233
    2.4412
    1.6739
    3.7000
         0
         0
    0.2989
    0.0000
    0.0656
         0
    0.5175
    0.0565
         0
    0.0455
    0.1059
         0
    0.0403
         0
         0
    0.0214
    0.0239
    0.0000
    0.0000
         0
    0.0017
         0
         0
    0.0000
    0.0000
         0
    0.0373
    0.0000
    0.0000
    0.0196
    0.0050
    1.0000

  -1.0000e+09

    3.2840

End of this iteration
x-value
         0
    2.5499
    2.1587
    2.4174
    2.8220
    0.8853
         0
    0.0000
    0.0000
    0.0000
         0
    0.3470
    0.0000
         0
         0
         0
         0
    0.0000
    0.0268
    0.0104
    0.0322
    0.0465
         0
    0.0000
         0
    0.0176
    0.0000
         0
         0
    0.0000
         0
    0.0000
         0
         0
    0.0212
    0.0086
    1.0000

  -1.0000e+09

    3.1824

End of this iteration
x-value
         0
    2.4815
    2.1759
    2.4382
    2.8682
    0.4479
         0
    0.0983
    0.0000
         0
    0.0000
    0.3779
    0.0606
    0.0000
    0.0308
         0
         0
         0
         0
    0.0000
    0.0147
    0.0465
         0
         0
         0
    0.0131
    0.0000
    0.0000
         0
         0
    0.0000
    0.0148
    0.0000
         0
    0.0194
    0.0122
    1.0000

  -1.0000e+09

    3.1871

End of this iteration
x-value
    0.0000
    2.4664
    2.1774
    2.4522
    2.8539
    0.4539
    0.0000
    0.1223
         0
         0
    0.0000
    0.3766
    0.0604
         0
    0.0335
    0.0000
         0
         0
         0
         0
    0.0104
    0.0498
         0
    0.0000
    0.0000
    0.0001
    0.0000
    0.0000
    0.0062
    0.0000
         0
    0.0369
         0
         0
    0.0076
    0.0380
    1.0000

  -1.0000e+09

    3.1885

End of this iteration
x-value
         0
    2.4815
    2.1759
    2.4382
    2.8682
    0.4479
    0.0000
    0.0983
         0
    0.0000
    0.0000
    0.3779
    0.0606
    0.0000
    0.0308
         0
         0
         0
    0.0000
    0.0000
    0.0147
    0.0465
    0.0000
    0.0000
         0
    0.0131
         0
         0
    0.0000
         0
    0.0000
    0.0148
    0.0000
         0
    0.0194
    0.0122
    1.0000

  -1.0000e+09

    3.1871

End of this iteration
x-value
    0.8087
    1.5152
    2.3096
    2.2741
    3.4974
    0.4298
    0.1268
         0
         0
    0.0000
         0
    0.4142
    0.0594
    0.0000
    0.0870
         0
         0
    0.0000
         0
    0.0274
    0.0011
    0.0533
    0.0000
    0.0000
    0.0000
    0.0079
         0
         0
    0.0000
    0.0000
    0.0000
    0.0000
    0.0000
         0
    0.0107
    0.0149
    1.0000

  -1.0000e+09

    2.9500

End of this iteration
x-value
         0
    2.3523
    2.4748
    2.1078
    2.1121
    0.9865
         0
    0.5185
         0
         0
    0.0000
    0.0609
    0.0000
    0.0000
    0.0000
    0.1478
    0.0226
    0.0953
         0
    0.0000
    0.0147
    0.0440
    0.0000
    0.0362
         0
    0.0000
    0.0116
         0
    0.0224
         0
    0.0000
    0.0510
    0.0021
         0
    0.0017
    0.0000
    1.0000

  -1.0000e+09

   24.7674

End of this iteration
x-value
         0
    2.4743
    2.2421
    2.2937
    3.0769
    0.0344
         0
    0.1473
         0
         0
    0.0000
    0.5253
    0.0674
         0
    0.0380
    0.0392
         0
    0.0000
         0
         0
    0.0210
    0.0410
         0
    0.0000
         0
    0.0230
    0.0000
    0.0000
    0.0000
    0.0000
         0
    0.0000
    0.0000
         0
    0.0203
    0.0086
    1.0000

  -1.0000e+09

    3.1704

End of this iteration
x-value
         0
    3.4045
    1.9932
    2.3341
    1.2272
    0.9358
         0
    0.0223
         0
         0
    0.1244
    0.0974
         0
    0.0000
    0.0000
    0.0000
         0
         0
    0.0000
    0.0000
    0.0000
    0.0286
         0
    0.0055
    0.0151
    0.0000
    0.0000
    0.0107
    0.0000
    0.0164
         0
    0.0138
         0
         0
    0.0110
         0
    1.0000

  -1.0000e+09

   48.7642

End of this iteration
x-value
         0
    2.4815
    2.1759
    2.4382
    2.8682
    0.4479
    0.0000
    0.0983
         0
         0
    0.0000
    0.3779
    0.0606
         0
    0.0308
         0
    0.0000
         0
         0
         0
    0.0147
    0.0465
         0
    0.0000
    0.0000
    0.0131
         0
    0.0000
         0
    0.0000
    0.0000
    0.0148
         0
         0
    0.0194
    0.0122
    1.0000

  -1.0000e+09

    3.1871

End of this iteration
x-value
    0.0000
    2.4711
    2.1718
    2.4425
    2.8520
    0.5024
    0.0000
    0.1072
    0.0000
    0.0000
    0.0000
    0.3587
    0.0618
         0
    0.0321
         0
         0
         0
         0
         0
    0.0120
    0.0430
         0
         0
    0.0000
    0.0000
    0.0000
    0.0000
         0
    0.0000
         0
    0.0364
    0.0000
         0
    0.0189
    0.0120
    1.0000

  -1.0000e+09

    3.1908

End of this iteration
x-value
         0
    2.5496
    2.1742
    2.2837
    3.2279
    0.0742
         0
    0.0000
    0.0041
    0.0000
    0.0000
    0.5011
    0.0361
    0.0000
    0.1061
    0.0833
         0
    0.0407
    0.0176
         0
         0
    0.0505
    0.0000
         0
    0.0000
    0.0204
         0
    0.0000
    0.0124
    0.0191
         0
         0
         0
    0.0000
    0.0000
         0
    1.0000

  -1.0000e+09

    3.1783

End of this iteration
x-value
         0
    2.4846
    2.1619
    2.4363
    2.8382
    0.7995
         0
    0.0805
    0.0000
         0
    0.0000
    0.2561
    0.0500
    0.0000
    0.0306
         0
         0
         0
         0
    0.0000
    0.0000
    0.0255
    0.0000
    0.0000
         0
         0
    0.0000
         0
    0.0000
         0
         0
    0.0023
         0
    0.0000
         0
    0.0000
    1.0000

  -1.0000e+09

    3.1927

End of this iteration
x-value
         0
    2.4815
    2.1759
    2.4382
    2.8682
    0.4479
         0
    0.0983
    0.0000
    0.0000
    0.0000
    0.3779
    0.0606
         0
    0.0308
    0.0000
    0.0000
         0
         0
         0
    0.0147
    0.0465
         0
         0
         0
    0.0131
         0
         0
         0
         0
         0
    0.0148
         0
    0.0000
    0.0194
    0.0122
    1.0000

  -1.0000e+09

    3.1871

End of this iteration
x-value
         0
    2.4711
    2.1718
    2.4425
    2.8520
    0.5024
    0.0000
    0.1072
    0.0000
         0
    0.0000
    0.3587
    0.0618
         0
    0.0321
         0
         0
         0
         0
    0.0000
    0.0120
    0.0430
         0
         0
         0
    0.0000
         0
         0
         0
         0
         0
    0.0364
    0.0000
    0.0000
    0.0189
    0.0120
    1.0000

  -1.0000e+09

    3.1908

End of this iteration
x-value
         0
    2.4673
    2.1749
    2.4188
    2.8808
    0.2954
         0
    0.1102
         0
    0.0000
         0
    0.4301
    0.0611
         0
    0.0333
    0.0094
    0.0000
         0
    0.0000
         0
    0.0164
    0.0477
    0.0000
         0
         0
    0.0221
         0
    0.0000
         0
    0.0000
         0
         0
         0
         0
    0.0205
    0.0121
    1.0000

  -1.0000e+09

    3.1920

End of this iteration
x-value
         0
    2.4635
    2.1715
    2.4274
    2.8651
    0.3134
         0
    0.1128
    0.0000
         0
    0.0000
    0.4226
    0.0602
    0.0000
    0.0319
    0.0023
         0
         0
         0
    0.0000
    0.0169
    0.0566
         0
         0
         0
    0.0231
    0.0000
         0
    0.0085
         0
         0
         0
         0
    0.0000
    0.0059
    0.0410
    1.0000

  -1.0000e+09

    3.1938

End of this iteration
x-value
         0
    2.4815
    2.1759
    2.4382
    2.8682
    0.4479
    0.0000
    0.0983
         0
    0.0000
    0.0000
    0.3779
    0.0606
    0.0000
    0.0308
         0
         0
         0
    0.0000
    0.0000
    0.0147
    0.0465
         0
         0
    0.0000
    0.0131
    0.0000
    0.0000
         0
         0
    0.0000
    0.0148
    0.0000
         0
    0.0194
    0.0122
    1.0000

  -1.0000e+09

    3.1871

End of this iteration
x-value
         0
    2.4711
    2.1718
    2.4425
    2.8520
    0.5024
         0
    0.1072
         0
         0
         0
    0.3587
    0.0618
    0.0000
    0.0321
         0
    0.0000
         0
         0
         0
    0.0120
    0.0430
         0
         0
    0.0000
         0
         0
         0
    0.0000
         0
         0
    0.0364
         0
    0.0000
    0.0189
    0.0120
    1.0000

  -1.0000e+09

    3.1908

End of this iteration
x-value
         0
    2.4815
    2.1759
    2.4382
    2.8682
    0.4479
         0
    0.0983
    0.0000
         0
    0.0000
    0.3779
    0.0606
    0.0000
    0.0308
    0.0000
    0.0000
         0
    0.0000
    0.0000
    0.0147
    0.0465
    0.0000
         0
         0
    0.0131
         0
         0
    0.0000
    0.0000
    0.0000
    0.0148
         0
         0
    0.0194
    0.0122
    1.0000

  -1.0000e+09

    3.1871

End of this iteration
x-value
    0.0000
    2.3334
    2.1666
    2.4775
    2.7007
    1.1600
    0.0000
    0.2880
    0.0000
         0
         0
    0.0000
    0.0169
    0.0000
    0.0235
         0
    0.0000
    0.1737
    0.0365
         0
    0.0381
    0.1714
    0.0000
         0
    0.0052
    0.0271
    0.0290
         0
         0
    0.0307
    0.0000
    0.0399
         0
    0.0000
    0.0000
    0.0047
    1.0000

  -1.0000e+09

    3.2208

End of this iteration
x-value
    0.0000
    2.2168
    2.2077
    2.3798
    2.8498
    1.0638
    0.0965
    0.3351
    0.0000
    0.0000
         0
    0.1705
    0.0621
         0
    0.0841
    0.1088
    0.0000
    0.0000
         0
         0
    0.0104
    0.0358
         0
    0.0000
         0
    0.0000
    0.0000
    0.0000
    0.0114
    0.0163
         0
    0.0411
    0.0029
    0.0000
    0.0078
    0.0000
    1.0000

  -1.0000e+09

    3.2194

End of this iteration
x-value
         0
    2.4815
    2.1759
    2.4382
    2.8682
    0.4479
    0.0000
    0.0983
         0
    0.0000
         0
    0.3779
    0.0606
         0
    0.0308
         0
    0.0000
         0
    0.0000
         0
    0.0147
    0.0465
    0.0000
    0.0000
         0
    0.0131
    0.0000
         0
    0.0000
         0
    0.0000
    0.0148
         0
    0.0000
    0.0194
    0.0122
    1.0000

  -1.0000e+09

    3.1871

End of this iteration
x-value
    0.0000
    2.4972
    2.1860
    2.4431
    2.8892
    0.4164
    0.0000
    0.0921
         0
         0
         0
    0.3908
    0.0598
    0.0000
    0.0298
         0
         0
         0
         0
    0.0000
    0.0165
    0.0489
    0.0000
         0
         0
    0.0221
         0
    0.0000
         0
    0.0000
         0
         0
    0.0000
    0.0000
    0.0198
    0.0123
    1.0000

  -1.0000e+09

    3.1788

End of this iteration
x-value
         0
    2.5749
    2.2389
    2.2461
    3.1355
    0.7031
    0.0000
    0.0000
    0.0000
         0
         0
    0.2417
    0.1099
    0.0000
    0.0382
    0.1047
         0
    0.0920
         0
    0.0036
    0.0311
    0.0310
         0
         0
         0
    0.0236
         0
         0
         0
    0.0000
         0
    0.0000
    0.0000
    0.0000
    0.0211
    0.0046
    1.0000

  -1.0000e+09

    3.1531

End of this iteration
x-value
         0
    2.5150
    2.2279
    2.2774
    3.2074
         0
    0.0641
         0
         0
         0
         0
    0.5255
    0.0972
         0
    0.0871
    0.0858
         0
    0.0390
    0.0000
    0.0000
    0.0099
    0.0411
         0
    0.0000
    0.0000
    0.0226
         0
    0.0000
    0.0059
         0
         0
    0.0000
         0
    0.0000
    0.0134
    0.0123
    1.0000

  -1.0000e+09

    3.1573

End of this iteration
x-value
         0
    2.4972
    2.1860
    2.4431
    2.8892
    0.4164
    0.0000
    0.0921
    0.0000
         0
    0.0000
    0.3908
    0.0598
    0.0000
    0.0298
         0
         0
         0
         0
         0
    0.0165
    0.0489
    0.0000
         0
    0.0000
    0.0221
    0.0000
    0.0000
    0.0000
         0
    0.0000
         0
         0
         0
    0.0198
    0.0123
    1.0000

  -1.0000e+09

    3.1788

End of this iteration
x-value
         0
    2.4815
    2.1759
    2.4382
    2.8682
    0.4479
         0
    0.0983
         0
         0
    0.0000
    0.3779
    0.0606
         0
    0.0308
         0
         0
         0
         0
         0
    0.0147
    0.0465
         0
    0.0000
    0.0000
    0.0131
    0.0000
    0.0000
         0
         0
    0.0000
    0.0148
    0.0000
         0
    0.0194
    0.0122
    1.0000

  -1.0000e+09

    3.1871

End of this iteration
x-value
         0
    2.4627
    2.1649
    2.4385
    2.8364
    0.5901
    0.0000
    0.1087
    0.0000
    0.0000
    0.0000
    0.3223
    0.0611
         0
    0.0320
         0
         0
    0.0066
    0.0000
         0
    0.0116
    0.0434
    0.0000
    0.0000
    0.0000
    0.0000
    0.0000
         0
    0.0000
    0.0000
         0
    0.0363
    0.0000
         0
    0.0189
    0.0120
    1.0000

  -1.0000e+09

    3.1960

End of this iteration
x-value
         0
    2.4815
    2.1759
    2.4382
    2.8682
    0.4479
         0
    0.0983
    0.0000
         0
         0
    0.3779
    0.0606
         0
    0.0308
         0
    0.0000
         0
         0
         0
    0.0147
    0.0465
    0.0000
         0
    0.0000
    0.0131
    0.0000
    0.0000
         0
         0
    0.0000
    0.0148
    0.0000
         0
    0.0194
    0.0122
    1.0000

  -1.0000e+09

    3.1871

End of this iteration
x-value
         0
    2.4815
    2.1759
    2.4382
    2.8682
    0.4479
         0
    0.0983
         0
         0
    0.0000
    0.3779
    0.0606
         0
    0.0308
         0
    0.0000
    0.0000
         0
    0.0000
    0.0147
    0.0465
    0.0000
         0
         0
    0.0131
    0.0000
         0
         0
    0.0000
    0.0000
    0.0148
         0
         0
    0.0194
    0.0122
    1.0000

  -1.0000e+09

    3.1871

End of this iteration
x-value
    0.0000
    2.4815
    2.1759
    2.4382
    2.8682
    0.4479
    0.0000
    0.0983
    0.0000
    0.0000
         0
    0.3779
    0.0606
    0.0000
    0.0308
    0.0000
         0
         0
         0
         0
    0.0147
    0.0465
         0
    0.0000
         0
    0.0131
    0.0000
         0
         0
    0.0000
    0.0000
    0.0148
         0
         0
    0.0194
    0.0122
    1.0000

  -1.0000e+09

    3.1871

End of this iteration
x-value
         0
    2.3577
    2.1894
    2.5027
    2.7323
    1.1702
         0
    0.2900
         0
         0
         0
    0.0000
    0.0208
    0.0000
    0.0250
         0
         0
    0.1765
    0.0306
    0.0000
    0.0367
    0.1747
         0
    0.0000
    0.0111
    0.0317
    0.0313
    0.0000
    0.0000
    0.0312
    0.0000
    0.0319
    0.0000
    0.0000
         0
    0.0047
    1.0000

  -1.0000e+09

    3.2033

End of this iteration
x-value
         0
    2.4689
    2.1731
    2.4462
    2.8521
    0.4874
    0.0000
    0.1136
         0
         0
         0
    0.3643
    0.0573
         0
    0.0330
    0.0000
    0.0000
         0
    0.0000
         0
    0.0074
    0.0450
    0.0000
    0.0000
    0.0000
    0.0000
    0.0000
    0.0000
         0
         0
         0
    0.0348
         0
         0
    0.0188
    0.0121
    1.0000

  -1.0000e+09

    3.1903

End of this iteration
x-value
         0
    2.4527
    2.1611
    2.4477
    2.8067
    0.8400
    0.0000
    0.1190
    0.0000
         0
         0
    0.2424
    0.0599
    0.0000
    0.0317
    0.0000
    0.0000
         0
    0.0000
    0.0000
    0.0114
    0.0476
         0
         0
         0
    0.0000
         0
         0
    0.0046
    0.0000
    0.0000
    0.0370
         0
    0.0000
    0.0103
    0.0320
    1.0000

  -1.0000e+09

    3.1992

End of this iteration
x-value
    0.0000
    2.4131
    2.4589
    2.1827
    2.1949
    0.9533
         0
    0.4451
         0
         0
         0
    0.1504
         0
    0.0000
         0
    0.1171
         0
    0.0000
    0.0000
    0.0000
    0.0069
    0.0441
    0.0344
    0.0472
    0.0000
         0
    0.0155
         0
         0
    0.0000
    0.0013
    0.0467
         0
    0.0000
    0.0000
         0
    1.0000

  -1.0000e+09

   22.2925

End of this iteration
x-value
         0
    2.4711
    2.1718
    2.4425
    2.8520
    0.5024
    0.0000
    0.1072
    0.0000
    0.0000
    0.0000
    0.3587
    0.0618
    0.0000
    0.0321
    0.0000
         0
         0
         0
         0
    0.0120
    0.0430
    0.0000
         0
         0
         0
         0
    0.0000
    0.0000
    0.0000
         0
    0.0364
    0.0000
         0
    0.0189
    0.0120
    1.0000

  -1.0000e+09

    3.1908

End of this iteration
x-value
    0.0000
    2.4815
    2.1759
    2.4382
    2.8682
    0.4479
         0
    0.0983
    0.0000
    0.0000
    0.0000
    0.3779
    0.0606
    0.0000
    0.0308
         0
         0
         0
         0
    0.0000
    0.0147
    0.0465
         0
    0.0000
         0
    0.0131
    0.0000
    0.0000
         0
    0.0000
    0.0000
    0.0148
    0.0000
    0.0000
    0.0194
    0.0122
    1.0000

  -1.0000e+09

    3.1871

End of this iteration
x-value
         0
    2.4777
    2.1788
    2.3654
    3.0155
    0.3912
         0
    0.0000
    0.0000
         0
         0
    0.3995
    0.0246
         0
    0.0138
         0
    0.0000
         0
    0.0214
    0.0240
    0.0297
    0.0547
         0
    0.0000
    0.0000
    0.0123
    0.0000
         0
    0.0054
         0
         0
         0
    0.0000
    0.0000
    0.0157
    0.0131
    1.0000

  -1.0000e+09

    3.2217

End of this iteration
x-value
    0.0000
    2.4815
    2.1759
    2.4382
    2.8682
    0.4479
         0
    0.0983
         0
    0.0000
         0
    0.3779
    0.0606
         0
    0.0308
    0.0000
         0
         0
    0.0000
         0
    0.0147
    0.0465
    0.0000
         0
         0
    0.0131
         0
    0.0000
    0.0000
         0
         0
    0.0148
         0
         0
    0.0194
    0.0122
    1.0000

  -1.0000e+09

    3.1871

End of this iteration
x-value
         0
    2.4815
    2.1759
    2.4382
    2.8682
    0.4479
    0.0000
    0.0983
    0.0000
    0.0000
         0
    0.3779
    0.0606
         0
    0.0308
    0.0000
    0.0000
         0
         0
    0.0000
    0.0147
    0.0465
    0.0000
         0
    0.0000
    0.0131
         0
    0.0000
         0
    0.0000
         0
    0.0148
    0.0000
         0
    0.0194
    0.0122
    1.0000

  -1.0000e+09

    3.1871

End of this iteration
x-value
         0
    2.3537
    2.4351
    1.7386
    3.6330
    0.3443
    0.0000
    0.3854
         0
         0
         0
    0.3471
    0.0506
    0.0000
    0.0493
    0.1704
    0.0000
    0.1056
         0
         0
    0.0261
    0.0192
         0
         0
    0.0000
    0.0035
    0.0000
         0
    0.0050
         0
    0.0000
    0.0371
         0
    0.0000
    0.0136
    0.0105
    1.0000

  -1.0000e+09

    3.4910

End of this iteration
x-value
    0.5190
    1.8166
    2.2681
    2.3190
    3.3284
    0.3966
    0.1567
         0
         0
         0
         0
    0.4179
    0.0799
    0.0000
    0.0953
         0
    0.0000
         0
    0.0000
    0.0094
         0
    0.0575
         0
    0.0000
    0.0000
    0.0166
         0
    0.0000
    0.0002
    0.0138
         0
    0.0000
         0
    0.0000
    0.0197
    0.0019
    1.0000

  -1.0000e+09

    3.0057

End of this iteration
x-value
         0
    2.4909
    2.1956
    2.4715
    2.8804
    0.4808
    0.0000
    0.1185
    0.0000
    0.0000
    0.0000
    0.3719
    0.0592
         0
    0.0333
         0
         0
         0
    0.0000
    0.0000
    0.0091
    0.0478
         0
    0.0000
         0
    0.0000
    0.0000
         0
    0.0046
    0.0000
         0
    0.0361
    0.0000
    0.0000
    0.0144
    0.0127
    1.0000

  -1.0000e+09

    3.1735

End of this iteration
x-value
         0
    2.4815
    2.1759
    2.4382
    2.8682
    0.4479
         0
    0.0983
         0
    0.0000
         0
    0.3779
    0.0606
         0
    0.0308
         0
         0
         0
         0
         0
    0.0147
    0.0465
    0.0000
    0.0000
         0
    0.0131
    0.0000
    0.0000
         0
    0.0000
    0.0000
    0.0148
         0
    0.0000
    0.0194
    0.0122
    1.0000

  -1.0000e+09

    3.1871

End of this iteration
x-value
    0.0000
    2.4711
    2.1718
    2.4425
    2.8520
    0.5024
         0
    0.1072
         0
         0
    0.0000
    0.3587
    0.0618
    0.0000
    0.0321
         0
    0.0000
         0
         0
         0
    0.0120
    0.0430
    0.0000
    0.0000
    0.0000
         0
    0.0000
         0
         0
    0.0000
         0
    0.0364
    0.0000
    0.0000
    0.0189
    0.0120
    1.0000

  -1.0000e+09

    3.1908

End of this iteration
x-value
    0.6724
    1.6522
    2.2867
    2.2928
    3.4115
    0.4268
    0.1425
    0.0000
         0
         0
    0.0000
    0.4108
    0.0660
    0.0000
    0.0906
    0.0000
    0.0000
    0.0000
    0.0036
    0.0155
    0.0000
    0.0513
         0
    0.0000
    0.0000
    0.0125
    0.0000
    0.0000
         0
    0.0000
         0
         0
    0.0000
    0.0000
    0.0113
    0.0145
    1.0000

  -1.0000e+09

    2.9573

End of this iteration
x-value
    0.0000
    2.4715
    2.1721
    2.4426
    2.8526
    0.4992
         0
    0.1070
    0.0000
         0
    0.0000
    0.3598
    0.0626
    0.0000
    0.0321
    0.0000
         0
         0
    0.0000
    0.0000
    0.0128
    0.0431
    0.0000
         0
         0
         0
         0
    0.0000
    0.0000
    0.0000
         0
    0.0368
    0.0000
    0.0000
    0.0198
    0.0118
    1.0000

  -1.0000e+09

    3.1906

End of this iteration
x-value
    0.0000
    2.4815
    2.1759
    2.4382
    2.8682
    0.4479
         0
    0.0983
    0.0000
         0
         0
    0.3779
    0.0606
         0
    0.0308
         0
         0
         0
    0.0000
         0
    0.0147
    0.0465
         0
    0.0000
         0
    0.0131
    0.0000
    0.0000
         0
         0
    0.0000
    0.0148
    0.0000
         0
    0.0194
    0.0122
    1.0000

  -1.0000e+09

    3.1871

End of this iteration
x-value
    0.0000
    2.5489
    2.1592
    2.4098
    2.8288
    0.8818
    0.0000
    0.0000
         0
         0
    0.0000
    0.3486
    0.0000
         0
    0.0006
    0.0000
         0
    0.0000
    0.0269
    0.0097
    0.0322
    0.0473
    0.0000
    0.0000
    0.0000
    0.0180
         0
         0
    0.0013
    0.0000
    0.0000
         0
    0.0000
         0
    0.0199
    0.0090
    1.0000

  -1.0000e+09

    3.1830

End of this iteration
x-value
         0
    2.4764
    2.2836
    2.1658
    3.2110
    0.0000
         0
    0.1613
    0.0000
         0
         0
    0.5341
    0.0589
    0.0000
    0.0315
    0.0468
    0.0000
         0
    0.0000
    0.0000
    0.0231
    0.0393
         0
    0.0000
         0
    0.0234
         0
    0.0000
         0
    0.0000
         0
         0
    0.0000
    0.0000
    0.0204
    0.0083
    1.0000

  -1.0000e+09

    3.1621

End of this iteration
x-value
         0
    2.4815
    2.1759
    2.4382
    2.8682
    0.4479
         0
    0.0983
         0
    0.0000
    0.0000
    0.3779
    0.0606
    0.0000
    0.0308
         0
         0
    0.0000
    0.0000
    0.0000
    0.0147
    0.0465
    0.0000
         0
    0.0000
    0.0131
    0.0000
    0.0000
    0.0000
         0
    0.0000
    0.0148
         0
         0
    0.0194
    0.0122
    1.0000

  -1.0000e+09

    3.1871

End of this iteration
x-value
         0
    2.5565
    2.1760
    2.3693
    2.9161
    0.9677
    0.0000
         0
    0.0000
    0.0000
    0.0000
         0
         0
         0
         0
         0
         0
    0.2535
    0.0262
    0.0037
    0.0319
    0.0392
         0
         0
         0
    0.0203
    0.0000
    0.0026
         0
         0
         0
         0
         0
    0.0000
         0
    0.0000
    1.0000

  -1.0000e+09

    3.1771

End of this iteration
x-value
         0
    2.4986
    2.1951
    2.4697
    2.8806
    0.5675
    0.0000
    0.1074
         0
    0.0000
    0.0000
    0.3397
    0.0617
    0.0000
    0.0321
         0
    0.0000
    0.0034
         0
    0.0000
    0.0118
    0.0432
         0
    0.0000
    0.0000
    0.0000
    0.0000
         0
         0
         0
         0
    0.0364
    0.0000
         0
    0.0189
    0.0120
    1.0000

  -1.0000e+09

    3.1723

End of this iteration
x-value
    0.0000
    2.4711
    2.1718
    2.4425
    2.8520
    0.5024
         0
    0.1072
         0
    0.0000
         0
    0.3587
    0.0618
    0.0000
    0.0321
         0
    0.0000
         0
    0.0000
         0
    0.0120
    0.0430
         0
         0
    0.0000
         0
    0.0000
    0.0000
         0
    0.0000
         0
    0.0364
    0.0000
         0
    0.0189
    0.0120
    1.0000

  -1.0000e+09

    3.1908

End of this iteration
x-value
    0.0000
    2.4896
    2.1786
    2.4341
    2.8800
    0.4120
    0.0000
    0.0907
    0.0000
         0
    0.0000
    0.3905
    0.0589
         0
    0.0295
         0
    0.0000
         0
         0
    0.0000
    0.0166
    0.0489
         0
    0.0000
    0.0000
    0.0221
    0.0000
         0
         0
    0.0000
    0.0000
         0
    0.0000
    0.0000
    0.0198
    0.0123
    1.0000

  -1.0000e+09

    3.1845

End of this iteration
x-value
         0
    2.4815
    2.1759
    2.4382
    2.8682
    0.4479
         0
    0.0983
    0.0000
    0.0000
         0
    0.3779
    0.0606
         0
    0.0308
         0
    0.0000
         0
    0.0000
    0.0000
    0.0147
    0.0465
         0
    0.0000
         0
    0.0131
    0.0000
         0
         0
         0
    0.0000
    0.0148
         0
         0
    0.0194
    0.0122
    1.0000

  -1.0000e+09

    3.1871

End of this iteration
x-value
    0.5986
    1.7307
    2.2731
    2.3021
    3.3692
    0.4054
    0.1435
    0.0000
         0
         0
         0
    0.4161
    0.0806
         0
    0.0948
    0.0002
    0.0000
         0
    0.0000
    0.0105
         0
    0.0567
    0.0000
         0
    0.0000
    0.0159
    0.0000
    0.0000
    0.0000
    0.0119
         0
         0
         0
    0.0000
    0.0190
    0.0036
    1.0000

  -1.0000e+09

    2.9838

End of this iteration
x-value
    0.0000
    2.4815
    2.1759
    2.4382
    2.8682
    0.4479
    0.0000
    0.0983
    0.0000
         0
    0.0000
    0.3779
    0.0606
         0
    0.0308
    0.0000
         0
         0
    0.0000
         0
    0.0147
    0.0465
         0
    0.0000
    0.0000
    0.0131
    0.0000
    0.0000
    0.0000
    0.0000
    0.0000
    0.0148
         0
         0
    0.0194
    0.0122
    1.0000

  -1.0000e+09

    3.1871

End of this iteration
x-value
         0
    2.2726
    2.1902
    2.3598
    2.8274
    1.1086
         0
    0.3531
         0
         0
         0
    0.1079
    0.0830
    0.0000
    0.0661
    0.1097
    0.0000
    0.0282
         0
         0
    0.0240
    0.0456
    0.0000
    0.0432
         0
    0.0000
         0
         0
    0.0236
    0.0000
    0.0000
    0.0501
    0.0078
         0
    0.0000
    0.0000
    1.0000

  -1.0000e+09

    7.6062

End of this iteration
x-value
    0.0000
    2.4972
    2.1860
    2.4431
    2.8892
    0.4164
    0.0000
    0.0921
         0
         0
         0
    0.3908
    0.0598
    0.0000
    0.0298
         0
         0
         0
    0.0000
         0
    0.0165
    0.0489
         0
         0
    0.0000
    0.0221
         0
    0.0000
    0.0000
         0
    0.0000
         0
         0
    0.0000
    0.0198
    0.0123
    1.0000

  -1.0000e+09

    3.1788

End of this iteration
x-value
    0.0000
    2.4644
    2.1661
    2.4363
    2.8442
    0.4980
         0
    0.1073
         0
         0
    0.0000
    0.3588
    0.0618
         0
    0.0321
    0.0000
    0.0000
         0
    0.0000
    0.0000
    0.0120
    0.0430
         0
    0.0000
    0.0000
         0
    0.0000
         0
         0
         0
         0
    0.0364
         0
         0
    0.0189
    0.0120
    1.0000

  -1.0000e+09

    3.1953

End of this iteration
x-value
         0
    2.4798
    2.1331
    2.6050
    2.6878
    0.9308
    0.0000
    0.0926
         0
    0.0000
         0
    0.1903
    0.0670
    0.0000
    0.0360
         0
         0
    0.0394
         0
    0.0000
    0.0188
    0.0490
    0.0000
    0.0000
         0
    0.0228
         0
    0.0000
         0
         0
         0
    0.0000
         0
         0
    0.0207
    0.0090
    1.0000

  -1.0000e+09

    3.1927

End of this iteration
x-value
         0
    2.4291
    2.1650
    2.4394
    2.7986
    1.1026
         0
    0.1493
    0.0000
    0.0000
         0
    0.1288
    0.0685
         0
    0.0363
    0.0188
    0.0000
    0.0360
    0.0000
         0
    0.0190
    0.0446
         0
    0.0000
    0.0000
    0.0020
         0
         0
    0.0077
         0
    0.0000
    0.0370
         0
    0.0000
    0.0118
    0.0125
    1.0000

  -1.0000e+09

    3.2030

End of this iteration
x-value
         0
    2.4815
    2.1759
    2.4382
    2.8682
    0.4479
         0
    0.0983
    0.0000
    0.0000
    0.0000
    0.3779
    0.0606
    0.0000
    0.0308
    0.0000
         0
         0
         0
    0.0000
    0.0147
    0.0465
    0.0000
    0.0000
    0.0000
    0.0131
         0
         0
    0.0000
    0.0000
         0
    0.0148
         0
    0.0000
    0.0194
    0.0122
    1.0000

  -1.0000e+09

    3.1871

End of this iteration
x-value
    0.0000
    2.4815
    2.1759
    2.4382
    2.8682
    0.4479
    0.0000
    0.0983
         0
         0
    0.0000
    0.3779
    0.0606
    0.0000
    0.0308
         0
         0
         0
    0.0000
         0
    0.0147
    0.0465
         0
    0.0000
         0
    0.0131
    0.0000
    0.0000
         0
    0.0000
    0.0000
    0.0148
         0
    0.0000
    0.0194
    0.0122
    1.0000

  -1.0000e+09

    3.1871

End of this iteration
x-value
    0.0000
    2.4829
    2.1904
    2.4457
    2.8920
    0.3079
    0.0000
    0.1154
    0.0000
    0.0000
         0
    0.4291
    0.0611
    0.0000
    0.0324
    0.0038
         0
    0.0000
         0
    0.0000
    0.0173
    0.0566
    0.0000
         0
         0
    0.0232
         0
         0
    0.0090
    0.0000
         0
         0
         0
         0
    0.0054
    0.0411
    1.0000

  -1.0000e+09

    3.1796

End of this iteration
x-value
         0
    2.4815
    2.1759
    2.4382
    2.8682
    0.4479
         0
    0.0983
         0
         0
         0
    0.3779
    0.0606
    0.0000
    0.0308
    0.0000
         0
         0
         0
         0
    0.0147
    0.0465
         0
         0
    0.0000
    0.0131
         0
         0
         0
    0.0000
    0.0000
    0.0148
         0
    0.0000
    0.0194
    0.0122
    1.0000

  -1.0000e+09

    3.1871

End of this iteration
x-value
    0.9002
    1.2378
    2.2882
    2.2011
    3.6304
    0.2918
    0.1385
    0.0000
    0.0013
    0.0000
    0.0000
    0.4621
    0.0591
         0
    0.0951
         0
         0
         0
    0.0066
    0.0245
         0
    0.0551
    0.0000
    0.0000
         0
    0.0086
    0.0000
         0
         0
    0.0038
         0
         0
         0
         0
    0.0134
    0.0113
    1.0000

  -1.0000e+09

    3.3029

End of this iteration
x-value
         0
    2.4815
    2.1759
    2.4382
    2.8682
    0.4479
         0
    0.0983
    0.0000
         0
    0.0000
    0.3779
    0.0606
    0.0000
    0.0308
         0
    0.0000
    0.0000
    0.0000
         0
    0.0147
    0.0465
    0.0000
    0.0000
         0
    0.0131
    0.0000
         0
         0
         0
    0.0000
    0.0148
    0.0000
         0
    0.0194
    0.0122
    1.0000

  -1.0000e+09

    3.1871

End of this iteration
x-value
         0
    2.4853
    2.1838
    2.4556
    2.8684
    0.5117
         0
    0.1069
    0.0000
    0.0000
         0
    0.3584
    0.0619
         0
    0.0321
         0
    0.0000
         0
    0.0000
    0.0000
    0.0120
    0.0430
         0
         0
    0.0000
         0
         0
         0
    0.0000
         0
         0
    0.0364
         0
         0
    0.0189
    0.0120
    1.0000

  -1.0000e+09

    3.1813

End of this iteration
x-value
    0.8662
    1.5594
    2.4813
    2.1831
    3.3440
    0.4315
    0.1502
         0
         0
         0
         0
    0.3928
    0.0000
    0.0306
    0.0437
    0.0000
         0
         0
    0.0104
    0.0171
    0.0167
    0.0529
         0
    0.0000
    0.0060
    0.0111
         0
         0
         0
         0
         0
         0
    0.0000
         0
    0.0204
    0.0126
    1.0000

  -1.0000e+09

    2.8020

End of this iteration
x-value
         0
    2.4609
    2.1692
    2.4132
    2.8727
    0.2964
         0
    0.1103
    0.0000
         0
    0.0000
    0.4284
    0.0604
    0.0000
    0.0333
    0.0092
         0
         0
         0
    0.0000
    0.0158
    0.0476
    0.0000
         0
    0.0000
    0.0220
         0
         0
         0
         0
    0.0000
         0
         0
         0
    0.0197
    0.0123
    1.0000

  -1.0000e+09

    3.1963

End of this iteration
x-value
         0
    2.4935
    2.1788
    2.4308
    2.8810
    0.4200
    0.0000
    0.0873
    0.0000
         0
         0
    0.3874
    0.0491
         0
    0.0264
    0.0000
         0
         0
    0.0071
    0.0000
    0.0173
    0.0488
         0
         0
         0
    0.0214
         0
    0.0000
    0.0000
         0
         0
         0
         0
         0
    0.0198
    0.0123
    1.0000

  -1.0000e+09

    3.1839

End of this iteration
x-value
    0.0000
    2.4815
    2.1759
    2.4382
    2.8682
    0.4479
         0
    0.0983
    0.0000
         0
    0.0000
    0.3779
    0.0606
         0
    0.0308
    0.0000
         0
         0
         0
    0.0000
    0.0147
    0.0465
         0
    0.0000
         0
    0.0131
    0.0000
         0
         0
    0.0000
         0
    0.0148
         0
    0.0000
    0.0194
    0.0122
    1.0000

  -1.0000e+09

    3.1871

End of this iteration
x-value
         0
    2.4711
    2.1718
    2.4425
    2.8520
    0.5024
    0.0000
    0.1072
    0.0000
         0
    0.0000
    0.3587
    0.0618
         0
    0.0321
         0
    0.0000
         0
    0.0000
    0.0000
    0.0120
    0.0430
    0.0000
         0
    0.0000
    0.0000
    0.0000
         0
         0
         0
         0
    0.0364
    0.0000
         0
    0.0189
    0.0120
    1.0000

  -1.0000e+09

    3.1908

End of this iteration
x-value
         0
    2.4518
    2.1580
    2.4503
    2.7901
    1.1171
         0
    0.1167
         0
    0.0000
    0.0000
    0.1130
    0.0610
    0.0000
    0.0310
         0
    0.0000
    0.0451
         0
    0.0000
    0.0131
    0.0465
         0
         0
         0
    0.0002
    0.0000
         0
    0.0031
         0
         0
    0.0371
         0
         0
    0.0162
    0.0121
    1.0000

  -1.0000e+09

    3.2007

End of this iteration
x-value
         0
    2.4815
    2.1759
    2.4382
    2.8682
    0.4479
    0.0000
    0.0983
         0
    0.0000
         0
    0.3779
    0.0606
         0
    0.0308
         0
         0
         0
         0
         0
    0.0147
    0.0465
    0.0000
    0.0000
         0
    0.0131
         0
    0.0000
         0
         0
    0.0000
    0.0148
         0
         0
    0.0194
    0.0122
    1.0000

  -1.0000e+09

    3.1871

End of this iteration
x-value
    0.0000
    2.4815
    2.1759
    2.4382
    2.8682
    0.4479
    0.0000
    0.0983
    0.0000
         0
         0
    0.3779
    0.0606
    0.0000
    0.0308
    0.0000
         0
         0
    0.0000
         0
    0.0147
    0.0465
         0
         0
    0.0000
    0.0131
    0.0000
         0
         0
    0.0000
         0
    0.0148
    0.0000
    0.0000
    0.0194
    0.0122
    1.0000

  -1.0000e+09

    3.1871

End of this iteration
x-value
    0.0000
    2.4831
    2.1908
    2.4341
    2.9035
    0.2903
         0
    0.1131
    0.0000
    0.0000
    0.0000
    0.4358
    0.0613
         0
    0.0339
    0.0111
         0
         0
    0.0000
         0
    0.0162
    0.0474
         0
         0
         0
    0.0219
         0
    0.0000
         0
         0
    0.0011
         0
    0.0000
         0
    0.0204
    0.0121
    1.0000

  -1.0000e+09

    3.1802

End of this iteration
x-value
    0.0000
    2.4815
    2.1759
    2.4382
    2.8682
    0.4479
    0.0000
    0.0983
         0
    0.0000
    0.0000
    0.3779
    0.0606
    0.0000
    0.0308
         0
    0.0000
         0
         0
         0
    0.0147
    0.0465
    0.0000
    0.0000
    0.0000
    0.0131
    0.0000
         0
    0.0000
         0
         0
    0.0148
         0
    0.0000
    0.0194
    0.0122
    1.0000

  -1.0000e+09

    3.1871

End of this iteration
x-value
    0.0000
    2.4838
    2.1919
    2.4351
    2.9051
    0.2889
         0
    0.1140
         0
    0.0000
    0.0000
    0.4366
    0.0608
         0
    0.0341
    0.0114
         0
         0
    0.0000
    0.0000
    0.0156
    0.0473
    0.0000
         0
         0
    0.0219
    0.0000
         0
         0
         0
    0.0000
         0
         0
    0.0000
    0.0197
    0.0123
    1.0000

  -1.0000e+09

    3.1795

End of this iteration
x-value
    0.0000
    2.4815
    2.1759
    2.4382
    2.8682
    0.4479
         0
    0.0983
    0.0000
    0.0000
         0
    0.3779
    0.0606
         0
    0.0308
    0.0000
    0.0000
         0
         0
         0
    0.0147
    0.0465
    0.0000
    0.0000
         0
    0.0131
         0
         0
         0
         0
    0.0000
    0.0148
    0.0000
    0.0000
    0.0194
    0.0122
    1.0000

  -1.0000e+09

    3.1871

End of this iteration
x-value
    0.0000
    2.4821
    2.1904
    2.4370
    2.8979
    0.3134
    0.0000
    0.1130
         0
         0
    0.0000
    0.4277
    0.0671
    0.0000
    0.0334
    0.0097
         0
         0
         0
    0.0000
    0.0211
    0.0478
    0.0000
         0
         0
    0.0182
         0
         0
    0.0050
    0.0000
         0
    0.0092
         0
    0.0000
    0.0149
    0.0127
    1.0000

  -1.0000e+09

    3.1804

End of this iteration
x-value
         0
    2.4667
    2.1750
    2.4187
    2.8809
    0.2945
         0
    0.1113
         0
    0.0000
    0.0000
    0.4305
    0.0605
         0
    0.0335
    0.0098
         0
         0
    0.0000
    0.0000
    0.0157
    0.0476
         0
    0.0000
    0.0000
    0.0219
    0.0000
    0.0000
         0
         0
         0
         0
         0
         0
    0.0197
    0.0123
    1.0000

  -1.0000e+09

    3.1921

End of this iteration
x-value
    0.0000
    2.5022
    2.1899
    2.4317
    2.8629
    0.4827
         0
    0.0977
    0.0000
         0
         0
    0.3647
    0.0048
    0.0000
    0.0046
    0.0000
    0.0000
         0
    0.0000
    0.0000
    0.0227
    0.0471
         0
         0
         0
    0.0232
         0
    0.0000
         0
    0.0000
         0
         0
    0.0000
    0.0000
    0.0205
    0.0094
    1.0000

  -1.0000e+09

    3.1778

End of this iteration
x-value
    0.0000
    2.4815
    2.1759
    2.4382
    2.8682
    0.4479
    0.0000
    0.0983
    0.0000
         0
         0
    0.3779
    0.0606
         0
    0.0308
    0.0000
         0
         0
    0.0000
         0
    0.0147
    0.0465
    0.0000
    0.0000
    0.0000
    0.0131
    0.0000
         0
         0
         0
         0
    0.0148
         0
         0
    0.0194
    0.0122
    1.0000

  -1.0000e+09

    3.1871

End of this iteration
x-value
    0.0000
    2.4815
    2.1759
    2.4382
    2.8682
    0.4479
    0.0000
    0.0983
         0
    0.0000
         0
    0.3779
    0.0606
    0.0000
    0.0308
         0
         0
         0
         0
         0
    0.0147
    0.0465
    0.0000
    0.0000
         0
    0.0131
         0
    0.0000
         0
         0
         0
    0.0148
    0.0000
    0.0000
    0.0194
    0.0122
    1.0000

  -1.0000e+09

    3.1871

End of this iteration
x-value
         0
    2.4845
    2.1861
    2.4418
    2.8843
    0.3638
    0.0000
    0.1061
    0.0000
         0
    0.0000
    0.3992
    0.0647
    0.0000
    0.0298
         0
         0
    0.0120
         0
         0
    0.0241
    0.0618
    0.0000
    0.0000
    0.0003
    0.0273
         0
         0
    0.0000
         0
         0
    0.0251
         0
         0
    0.0202
    0.0135
    1.0000

  -1.0000e+09

    3.1817

End of this iteration
x-value
         0
    2.4815
    2.1759
    2.4382
    2.8682
    0.4479
    0.0000
    0.0983
    0.0000
         0
    0.0000
    0.3779
    0.0606
    0.0000
    0.0308
         0
         0
         0
    0.0000
    0.0000
    0.0147
    0.0465
         0
         0
         0
    0.0131
    0.0000
         0
         0
    0.0000
    0.0000
    0.0148
         0
    0.0000
    0.0194
    0.0122
    1.0000

  -1.0000e+09

    3.1871

End of this iteration
x-value
         0
    2.3687
    2.8832
    1.1382
    2.9805
    0.7907
         0
    0.7234
         0
         0
         0
    0.0000
    0.0000
         0
         0
    0.3158
    0.0000
    0.2531
    0.0000
    0.0000
    0.0402
    0.0071
         0
    0.0049
    0.0000
    0.0000
         0
    0.0000
    0.0201
    0.0026
    0.0000
    0.0408
         0
    0.0000
         0
         0
    1.0000

  -1.0000e+09

   29.2721

End of this iteration
x-value
         0
    2.2049
    2.2772
    2.4073
    2.4842
    1.1466
    0.0000
    0.5567
         0
         0
    0.0000
    0.0221
    0.0000
         0
    0.0028
    0.1389
         0
    0.1545
    0.0000
    0.0000
    0.0250
    0.0425
         0
         0
         0
    0.0000
         0
    0.0000
    0.0215
    0.0135
    0.0000
    0.0464
    0.0050
    0.0000
    0.0000
         0
    1.0000

  -1.0000e+09

   13.6081

End of this iteration
x-value
    0.0000
    2.4815
    2.1759
    2.4382
    2.8682
    0.4479
    0.0000
    0.0983
         0
    0.0000
         0
    0.3779
    0.0606
         0
    0.0308
         0
         0
         0
         0
    0.0000
    0.0147
    0.0465
         0
         0
    0.0000
    0.0131
    0.0000
    0.0000
         0
    0.0000
    0.0000
    0.0148
    0.0000
         0
    0.0194
    0.0122
    1.0000

  -1.0000e+09

    3.1871

End of this iteration
x-value
         0
    2.3439
    2.1708
    2.4657
    2.7189
    1.0940
    0.0000
    0.2800
         0
         0
    0.0000
    0.0161
    0.0016
    0.0000
    0.0184
         0
         0
    0.1820
    0.0456
         0
    0.0423
    0.1848
         0
    0.0000
         0
    0.0515
    0.0324
         0
         0
    0.0332
    0.0136
    0.0000
         0
    0.0000
    0.0000
    0.0042
    1.0000

  -1.0000e+09

    3.2177

End of this iteration
x-value
         0
    2.4857
    2.1545
    2.4204
    2.8338
    0.8272
         0
    0.0629
         0
         0
         0
    0.2444
    0.0628
    0.0000
    0.0279
    0.0002
    0.0000
    0.0000
         0
    0.0000
    0.0141
    0.0215
         0
    0.0000
         0
         0
         0
         0
         0
         0
         0
    0.0329
    0.0000
         0
    0.0160
    0.0107
    1.0000

  -1.0000e+09

    3.1972

End of this iteration
x-value
    0.0000
    2.4627
    2.1649
    2.4385
    2.8364
    0.5901
         0
    0.1087
         0
         0
         0
    0.3223
    0.0611
    0.0000
    0.0320
    0.0000
    0.0000
    0.0066
         0
         0
    0.0116
    0.0434
         0
    0.0000
         0
         0
         0
         0
    0.0000
         0
         0
    0.0363
         0
         0
    0.0189
    0.0120
    1.0000

  -1.0000e+09

    3.1960

End of this iteration
x-value
    0.0000
    3.3818
    2.0144
    2.3060
    1.2221
    1.0127
    0.0000
    0.0378
    0.0000
         0
    0.1242
         0
    0.0000
         0
    0.0000
    0.0000
         0
    0.0542
    0.0000
    0.0000
    0.0031
    0.0470
         0
    0.0000
    0.0129
    0.0142
         0
         0
         0
         0
    0.0000
         0
    0.0000
         0
    0.0012
    0.0161
    1.0000

  -1.0000e+09

   47.6687

End of this iteration
x-value
         0
    2.4735
    2.1676
    2.4310
    2.8524
    0.5502
         0
    0.0974
         0
    0.0000
         0
    0.3346
    0.0572
         0
    0.0302
    0.0000
    0.0000
    0.0088
    0.0000
    0.0000
    0.0133
    0.0482
    0.0000
         0
    0.0000
    0.0184
    0.0000
    0.0000
         0
    0.0000
    0.0000
    0.0050
    0.0000
         0
    0.0173
    0.0128
    1.0000

  -1.0000e+09

    3.1931

End of this iteration
x-value
    0.0000
    2.4717
    2.1665
    2.4340
    2.8473
    0.5404
    0.0000
    0.0968
    0.0000
    0.0000
         0
    0.3443
    0.0669
         0
    0.0309
    0.0000
         0
         0
         0
         0
    0.0173
    0.0393
         0
         0
         0
         0
         0
    0.0000
         0
         0
    0.0000
    0.0381
    0.0003
    0.0000
    0.0157
    0.0126
    1.0000

  -1.0000e+09

    3.1938

End of this iteration
x-value
         0
    2.4815
    2.1759
    2.4382
    2.8682
    0.4479
         0
    0.0983
    0.0000
         0
    0.0000
    0.3779
    0.0606
    0.0000
    0.0308
    0.0000
    0.0000
         0
         0
    0.0000
    0.0147
    0.0465
    0.0000
    0.0000
    0.0000
    0.0131
    0.0000
    0.0000
         0
    0.0000
         0
    0.0148
         0
    0.0000
    0.0194
    0.0122
    1.0000

  -1.0000e+09

    3.1871

End of this iteration
x-value
         0
    2.5054
    2.1966
    2.4614
    2.8955
    0.4690
         0
    0.0986
    0.0000
    0.0000
         0
    0.3757
    0.0609
         0
    0.0309
         0
    0.0000
         0
    0.0000
    0.0000
    0.0144
    0.0462
    0.0000
         0
         0
    0.0120
         0
    0.0000
    0.0000
    0.0000
         0
    0.0167
    0.0000
         0
    0.0194
    0.0122
    1.0000

  -1.0000e+09

    3.2578

End of this iteration
x-value
    0.0000
    2.5901
    2.2308
    2.2399
    3.2030
         0
    0.0000
         0
         0
    0.0000
         0
    0.5268
         0
         0
    0.0422
    0.0977
         0
    0.0333
         0
         0
         0
    0.0336
    0.0000
         0
    0.0000
    0.0188
         0
         0
    0.0000
    0.0000
         0
    0.0000
    0.0000
         0
    0.0067
    0.0142
    1.0000

  -1.0000e+09

    3.1525

End of this iteration
x-value
    0.0000
    2.4604
    2.1627
    2.4327
    2.8396
    0.4954
    0.0000
    0.1074
         0
    0.0000
         0
    0.3589
    0.0618
         0
    0.0321
         0
    0.0000
         0
         0
         0
    0.0120
    0.0430
         0
         0
    0.0000
         0
         0
    0.0000
         0
         0
    0.0000
    0.0364
    0.0000
         0
    0.0189
    0.0120
    1.0000

  -1.0000e+09

    3.1980

End of this iteration
x-value
    0.0000
    2.4711
    2.1718
    2.4425
    2.8520
    0.5024
    0.0000
    0.1072
    0.0000
         0
         0
    0.3587
    0.0618
    0.0000
    0.0321
    0.0000
         0
         0
         0
    0.0000
    0.0120
    0.0430
         0
         0
         0
    0.0000
    0.0000
         0
         0
    0.0000
    0.0000
    0.0364
    0.0000
    0.0000
    0.0189
    0.0120
    1.0000

  -1.0000e+09

    3.1908

End of this iteration
x-value
         0
    2.4644
    2.1661
    2.4363
    2.8442
    0.4980
         0
    0.1073
    0.0000
    0.0000
         0
    0.3588
    0.0618
         0
    0.0321
         0
         0
         0
    0.0000
    0.0000
    0.0120
    0.0430
    0.0000
         0
         0
    0.0000
         0
    0.0000
         0
    0.0000
    0.0000
    0.0364
         0
         0
    0.0189
    0.0120
    1.0000

  -1.0000e+09

    3.1953

End of this iteration
x-value
    0.0000
    2.4815
    2.1759
    2.4382
    2.8682
    0.4479
         0
    0.0983
    0.0000
         0
         0
    0.3779
    0.0606
         0
    0.0308
    0.0000
    0.0000
         0
         0
         0
    0.0147
    0.0465
         0
         0
    0.0000
    0.0131
    0.0000
    0.0000
    0.0000
    0.0000
         0
    0.0148
    0.0000
         0
    0.0194
    0.0122
    1.0000

  -1.0000e+09

    3.1871

End of this iteration
x-value
         0
    2.4667
    2.1750
    2.4187
    2.8809
    0.2945
    0.0000
    0.1113
    0.0000
         0
         0
    0.4305
    0.0605
    0.0000
    0.0335
    0.0098
         0
         0
    0.0000
         0
    0.0157
    0.0476
         0
         0
    0.0000
    0.0219
         0
    0.0000
         0
         0
         0
         0
    0.0000
         0
    0.0197
    0.0123
    1.0000

  -1.0000e+09

    3.1921

End of this iteration
x-value
         0
    2.5318
    2.1492
    2.4096
    2.9929
    0.4244
    0.0000
         0
         0
         0
         0
    0.3888
    0.0883
         0
    0.0780
         0
         0
    0.0046
         0
    0.0000
    0.0000
    0.0494
    0.0000
         0
    0.0000
    0.0223
    0.0042
    0.0000
         0
    0.0000
    0.0000
    0.0000
    0.0035
         0
    0.0207
    0.0124
    1.0000

  -1.0000e+09

    3.1876

End of this iteration
x-value
    0.0000
    2.4815
    2.1759
    2.4382
    2.8682
    0.4479
         0
    0.0983
         0
    0.0000
         0
    0.3779
    0.0606
         0
    0.0308
         0
         0
         0
         0
    0.0000
    0.0147
    0.0465
    0.0000
    0.0000
    0.0000
    0.0131
    0.0000
         0
         0
    0.0000
    0.0000
    0.0148
    0.0000
    0.0000
    0.0194
    0.0122
    1.0000

  -1.0000e+09

    3.1871

End of this iteration
x-value
         0
    2.2085
    2.2094
    2.3333
    2.8719
    1.1997
    0.0698
    0.3643
         0
    0.0000
    0.0000
         0
    0.0751
         0
    0.0794
    0.1085
         0
    0.0805
    0.0000
    0.0000
    0.0193
    0.0478
         0
    0.0373
         0
         0
    0.0000
    0.0000
    0.0237
         0
         0
    0.0491
    0.0075
         0
    0.0000
         0
    1.0000

  -1.0000e+09

    4.0822

End of this iteration
x-value
    0.0000
    2.4815
    2.1759
    2.4382
    2.8682
    0.4479
    0.0000
    0.0983
    0.0000
    0.0000
         0
    0.3779
    0.0606
         0
    0.0308
    0.0000
    0.0000
         0
    0.0000
         0
    0.0147
    0.0465
         0
         0
         0
    0.0131
         0
    0.0000
         0
         0
         0
    0.0148
         0
    0.0000
    0.0194
    0.0122
    1.0000

  -1.0000e+09

    3.1871

End of this iteration
x-value
    0.0000
    2.4815
    2.1759
    2.4382
    2.8682
    0.4479
         0
    0.0983
         0
         0
    0.0000
    0.3779
    0.0606
         0
    0.0308
         0
         0
         0
    0.0000
    0.0000
    0.0147
    0.0465
    0.0000
    0.0000
         0
    0.0131
         0
         0
         0
    0.0000
         0
    0.0148
    0.0000
    0.0000
    0.0194
    0.0122
    1.0000

  -1.0000e+09

    3.1871

End of this iteration
x-value
         0
    2.4885
    2.1787
    2.4352
    2.8793
    0.4107
    0.0000
    0.0923
    0.0000
         0
         0
    0.3910
    0.0598
         0
    0.0298
         0
    0.0000
         0
    0.0000
         0
    0.0165
    0.0489
    0.0000
    0.0000
    0.0000
    0.0221
    0.0000
         0
         0
         0
         0
    0.0000
         0
    0.0000
    0.0198
    0.0123
    1.0000

  -1.0000e+09

    3.1846

End of this iteration
x-value
    0.0000
    2.4807
    2.1657
    2.4326
    2.8481
    0.6304
    0.0000
    0.0848
    0.0000
         0
         0
    0.3137
    0.0652
    0.0000
    0.0299
         0
         0
         0
    0.0000
         0
    0.0158
    0.0331
         0
         0
         0
    0.0000
    0.0000
         0
    0.0000
         0
         0
    0.0359
         0
         0
    0.0051
    0.0000
    1.0000

  -1.0000e+09

    3.1923

End of this iteration
x-value
    0.0000
    2.5913
    2.2350
    2.2269
    3.1916
    0.5162
    0.0000
    0.0000
    0.0000
    0.0031
    0.0000
    0.3175
         0
    0.0000
    0.0377
    0.1094
    0.0000
    0.0804
    0.0285
    0.0000
    0.0243
    0.0305
         0
         0
         0
    0.0215
    0.0000
         0
         0
         0
         0
         0
    0.0000
    0.0000
    0.0204
    0.0056
    1.0000

  -1.0000e+09

    3.1514

End of this iteration
x-value
         0
    2.5397
    2.1980
    2.4397
    2.9305
    0.4405
         0
    0.0506
         0
    0.0000
    0.0000
    0.3854
    0.0610
    0.0087
    0.0272
         0
    0.0000
         0
         0
    0.0000
    0.0214
    0.0476
    0.0000
    0.0000
    0.0000
    0.0227
         0
         0
    0.0000
    0.0000
    0.0000
    0.0000
    0.0000
    0.0000
    0.0206
    0.0095
    1.0000

  -1.0000e+09

    3.1647

End of this iteration
x-value
    0.0000
    2.4638
    2.1862
    2.3611
    2.9012
    1.1180
    0.0000
    0.1218
    0.0000
         0
    0.0000
    0.0858
    0.0289
         0
    0.0299
    0.0580
         0
    0.0939
    0.0225
    0.0156
    0.0302
    0.0419
    0.0000
    0.0000
    0.0000
    0.0160
    0.0000
    0.0000
         0
         0
         0
         0
         0
         0
    0.0216
    0.0063
    1.0000

  -1.0000e+09

    3.1919

End of this iteration
x-value
         0
    2.5504
    2.1508
    2.4522
    2.7920
    0.8985
         0
         0
    0.0000
    0.0000
         0
    0.3425
    0.0000
         0
    0.0025
         0
         0
    0.0000
    0.0050
    0.0000
    0.0231
    0.0467
         0
    0.0000
         0
    0.0228
    0.0000
    0.0000
         0
    0.0000
    0.0000
         0
         0
         0
    0.0205
    0.0094
    1.0000

  -1.0000e+09

    3.1828

End of this iteration
x-value
    0.9652
    1.2241
    2.2719
    2.2513
    3.4177
    0.2887
         0
    0.1851
    0.0000
         0
    0.0000
    0.4563
    0.0770
         0
    0.0747
    0.0177
    0.0000
         0
         0
         0
    0.0061
    0.0468
    0.0000
    0.0000
         0
    0.0207
    0.0000
    0.0000
    0.0000
    0.0000
         0
         0
         0
    0.0000
    0.0168
    0.0129
    1.0000

  -1.0000e+09

    2.9373

End of this iteration
x-value
         0
    2.4909
    2.1956
    2.4715
    2.8804
    0.4808
    0.0000
    0.1185
    0.0000
    0.0000
         0
    0.3719
    0.0592
         0
    0.0333
         0
    0.0000
         0
    0.0000
    0.0000
    0.0091
    0.0478
         0
    0.0000
    0.0000
         0
         0
    0.0000
    0.0046
         0
         0
    0.0361
         0
         0
    0.0144
    0.0127
    1.0000

  -1.0000e+09

    3.1735

End of this iteration
x-value
    0.0000
    2.4627
    2.1649
    2.4385
    2.8364
    0.5901
    0.0000
    0.1087
         0
    0.0000
         0
    0.3223
    0.0611
         0
    0.0320
    0.0000
    0.0000
    0.0066
    0.0000
    0.0000
    0.0116
    0.0434
    0.0000
    0.0000
         0
    0.0000
    0.0000
    0.0000
    0.0000
         0
         0
    0.0363
         0
    0.0000
    0.0189
    0.0120
    1.0000

  -1.0000e+09

    3.1960

End of this iteration
x-value
    0.0000
    2.4711
    2.1718
    2.4425
    2.8520
    0.5024
    0.0000
    0.1072
    0.0000
    0.0000
    0.0000
    0.3587
    0.0618
         0
    0.0321
         0
         0
    0.0000
         0
    0.0000
    0.0120
    0.0430
    0.0000
         0
         0
    0.0000
         0
         0
    0.0000
    0.0000
         0
    0.0364
         0
    0.0000
    0.0189
    0.0120
    1.0000

  -1.0000e+09

    3.1908

End of this iteration
x-value
         0
    2.4775
    2.1375
    2.5918
    2.7125
    0.6809
         0
    0.0986
         0
         0
         0
    0.2880
    0.0624
    0.0000
    0.0371
    0.0000
    0.0000
    0.0225
         0
         0
    0.0136
    0.0504
         0
    0.0000
         0
    0.0217
         0
    0.0000
    0.0000
         0
         0
    0.0000
         0
         0
    0.0198
    0.0122
    1.0000

  -1.0000e+09

    3.1922

End of this iteration
x-value
         0
    2.3526
    2.1857
    2.4059
    2.8252
    1.0342
         0
    0.2634
    0.0000
    0.0000
    0.0000
    0.2037
    0.0687
    0.0000
    0.0565
    0.0876
         0
         0
    0.0000
         0
    0.0166
    0.0305
    0.0000
         0
         0
         0
    0.0000
    0.0000
    0.0067
         0
         0
    0.0402
    0.0019
         0
    0.0121
    0.0122
    1.0000

  -1.0000e+09

    3.2117

End of this iteration
x-value
    0.0000
    2.1897
    2.0685
    2.4412
    3.2592
    0.4407
    0.1776
    0.1280
    0.0000
         0
         0
    0.4098
    0.0563
         0
    0.0885
         0
         0
         0
         0
         0
         0
    0.0555
    0.0000
         0
         0
    0.0206
    0.0000
    0.0000
    0.0000
    0.0133
         0
         0
    0.0000
         0
    0.0197
    0.0022
    1.0000

  -1.0000e+09

    3.2700

End of this iteration
x-value
         0
    2.4815
    2.1759
    2.4382
    2.8682
    0.4479
    0.0000
    0.0983
         0
    0.0000
    0.0000
    0.3779
    0.0606
    0.0000
    0.0308
         0
         0
         0
         0
         0
    0.0147
    0.0465
    0.0000
         0
    0.0000
    0.0131
    0.0000
         0
         0
    0.0000
         0
    0.0148
    0.0000
    0.0000
    0.0194
    0.0122
    1.0000

  -1.0000e+09

    3.1871

End of this iteration
x-value
    0.0000
    2.4585
    2.1616
    2.4366
    2.8288
    0.6328
         0
    0.1095
         0
         0
         0
    0.3046
    0.0608
         0
    0.0320
         0
         0
    0.0099
         0
    0.0000
    0.0114
    0.0436
         0
    0.0000
         0
         0
    0.0000
         0
         0
    0.0000
    0.0000
    0.0362
    0.0000
         0
    0.0189
    0.0120
    1.0000

  -1.0000e+09

    3.1986

End of this iteration
x-value
         0
    2.1594
    2.2623
    2.4113
    2.5119
    1.1525
    0.0000
    0.5976
         0
    0.0000
    0.0000
    0.0189
         0
    0.0000
    0.0066
    0.1470
         0
    0.1616
    0.0000
         0
    0.0274
    0.0425
         0
    0.0000
         0
    0.0000
    0.0000
         0
    0.0237
    0.0134
    0.0000
    0.0484
    0.0061
         0
    0.0000
         0
    1.0000

  -1.0000e+09

   12.6106

End of this iteration
x-value
    0.0000
    2.4815
    2.1759
    2.4382
    2.8682
    0.4479
    0.0000
    0.0983
    0.0000
         0
         0
    0.3779
    0.0606
         0
    0.0308
         0
         0
         0
    0.0000
         0
    0.0147
    0.0465
    0.0000
         0
    0.0000
    0.0131
         0
    0.0000
         0
    0.0000
         0
    0.0148
         0
         0
    0.0194
    0.0122
    1.0000

  -1.0000e+09

    3.1871

End of this iteration
x-value
         0
    2.4561
    2.1604
    2.4470
    2.8062
    0.9433
    0.0000
    0.1142
         0
    0.0000
    0.0000
    0.1824
    0.0586
    0.0000
    0.0315
         0
    0.0000
    0.0320
         0
         0
    0.0100
    0.0449
         0
         0
    0.0000
         0
    0.0000
         0
         0
    0.0000
         0
    0.0359
    0.0000
         0
    0.0190
    0.0119
    1.0000

  -1.0000e+09

    3.1988

End of this iteration
x-value
         0
    2.4815
    2.1759
    2.4382
    2.8682
    0.4479
         0
    0.0983
         0
         0
         0
    0.3779
    0.0606
    0.0000
    0.0308
    0.0000
    0.0000
         0
    0.0000
         0
    0.0147
    0.0465
         0
         0
         0
    0.0131
    0.0000
    0.0000
    0.0000
    0.0000
    0.0000
    0.0148
    0.0000
    0.0000
    0.0194
    0.0122
    1.0000

  -1.0000e+09

    3.1871

End of this iteration
x-value
    0.0000
    2.2087
    1.8983
    2.3797
    3.5998
    0.2019
    0.0000
    0.1321
    0.0285
    0.0000
         0
    0.5140
    0.0952
    0.0000
    0.0794
    0.0321
         0
    0.0000
    0.0000
    0.0000
    0.0060
    0.0451
    0.0000
         0
    0.0000
    0.0212
    0.0009
         0
         0
         0
         0
    0.0000
         0
         0
    0.0194
    0.0122
    1.0000

  -1.0000e+09

    3.7462

End of this iteration
x-value
         0
    2.4815
    2.1759
    2.4382
    2.8682
    0.4479
         0
    0.0983
    0.0000
         0
    0.0000
    0.3779
    0.0606
    0.0000
    0.0308
    0.0000
    0.0000
         0
    0.0000
         0
    0.0147
    0.0465
    0.0000
    0.0000
         0
    0.0131
    0.0000
         0
         0
         0
         0
    0.0148
    0.0000
    0.0000
    0.0194
    0.0122
    1.0000

  -1.0000e+09

    3.1871

End of this iteration
x-value
    0.0000
    2.5191
    2.1381
    2.3983
    2.9780
    0.4359
    0.0000
         0
    0.0000
    0.0000
    0.0000
    0.3813
    0.0883
         0
    0.0785
         0
    0.0000
    0.0062
    0.0000
    0.0000
    0.0000
    0.0502
    0.0000
    0.0000
         0
    0.0218
    0.0047
         0
         0
    0.0016
    0.0000
         0
         0
    0.0000
    0.0202
    0.0111
    1.0000

  -1.0000e+09

    3.1961

End of this iteration
x-value
         0
    2.5655
    2.1838
    2.3774
    2.9271
    0.9701
    0.0000
    0.0000
    0.0000
    0.0000
         0
         0
         0
    0.0000
    0.0000
    0.0000
    0.0000
    0.2549
    0.0263
    0.0040
    0.0321
    0.0398
    0.0000
    0.0000
    0.0000
    0.0202
    0.0000
    0.0022
         0
         0
         0
         0
    0.0000
         0
         0
         0
    1.0000

  -1.0000e+09

    3.1710

End of this iteration
x-value
         0
    2.4815
    2.1759
    2.4382
    2.8682
    0.4479
         0
    0.0983
         0
         0
    0.0000
    0.3779
    0.0606
         0
    0.0308
    0.0000
         0
         0
    0.0000
    0.0000
    0.0147
    0.0465
         0
         0
         0
    0.0131
    0.0000
         0
         0
         0
    0.0000
    0.0148
         0
         0
    0.0194
    0.0122
    1.0000

  -1.0000e+09

    3.1871

End of this iteration
x-value
    0.0000
    2.4986
    2.1951
    2.4697
    2.8806
    0.5675
         0
    0.1074
    0.0000
    0.0000
    0.0000
    0.3397
    0.0617
         0
    0.0321
         0
         0
    0.0034
         0
    0.0000
    0.0118
    0.0432
         0
         0
    0.0000
    0.0000
         0
    0.0000
         0
         0
         0
    0.0364
         0
         0
    0.0189
    0.0120
    1.0000

  -1.0000e+09

    3.1723

End of this iteration
x-value
    0.0000
    2.4711
    2.1718
    2.4425
    2.8520
    0.5024
         0
    0.1072
    0.0000
    0.0000
    0.0000
    0.3587
    0.0618
         0
    0.0321
         0
         0
         0
    0.0000
         0
    0.0120
    0.0430
    0.0000
         0
         0
         0
    0.0000
         0
         0
    0.0000
         0
    0.0364
    0.0000
    0.0000
    0.0189
    0.0120
    1.0000

  -1.0000e+09

    3.1908

End of this iteration
x-value
    0.0000
    2.4723
    2.1766
    2.4427
    2.8602
    0.4630
         0
    0.1095
         0
    0.0000
    0.0000
    0.3732
    0.0692
    0.0000
    0.0321
    0.0019
    0.0000
         0
    0.0000
         0
    0.0196
    0.0447
         0
         0
    0.0000
    0.0017
         0
         0
    0.0060
         0
         0
    0.0372
    0.0000
         0
    0.0133
    0.0126
    1.0000

  -1.0000e+09

    3.1884

End of this iteration
x-value
    0.0000
    2.4815
    2.1759
    2.4382
    2.8682
    0.4479
         0
    0.0983
         0
         0
    0.0000
    0.3779
    0.0606
    0.0000
    0.0308
         0
         0
         0
    0.0000
         0
    0.0147
    0.0465
         0
         0
         0
    0.0131
         0
    0.0000
         0
         0
         0
    0.0148
    0.0000
         0
    0.0194
    0.0122
    1.0000

  -1.0000e+09

    3.1871

End of this iteration
x-value
         0
    2.4821
    2.1904
    2.4370
    2.8979
    0.3134
    0.0000
    0.1130
    0.0000
    0.0000
    0.0000
    0.4277
    0.0671
         0
    0.0334
    0.0097
         0
         0
         0
    0.0000
    0.0211
    0.0478
         0
    0.0000
    0.0000
    0.0182
         0
    0.0000
    0.0050
         0
         0
    0.0092
         0
    0.0000
    0.0149
    0.0127
    1.0000

  -1.0000e+09

    3.1804

End of this iteration
x-value
    0.0000
    2.4723
    2.1766
    2.4427
    2.8602
    0.4630
         0
    0.1095
         0
         0
         0
    0.3732
    0.0692
         0
    0.0321
    0.0019
         0
         0
         0
         0
    0.0196
    0.0447
    0.0000
         0
         0
    0.0017
         0
         0
    0.0060
         0
         0
    0.0372
    0.0000
    0.0000
    0.0133
    0.0126
    1.0000

  -1.0000e+09

    3.1884

End of this iteration
x-value
    0.0000
    2.2019
    2.2164
    2.3267
    3.4115
    0.2040
    0.0000
    0.0000
    0.0000
    0.0000
    0.0000
    0.4940
    0.0885
         0
    0.0510
    0.0260
         0
    0.0000
         0
    0.0154
    0.0197
    0.0496
         0
         0
         0
    0.0168
    0.0000
         0
    0.0041
         0
    0.0000
    0.0000
         0
         0
    0.0163
    0.0128
    1.0000

  -1.0000e+09

    3.3768

End of this iteration
x-value
    0.0000
    2.4821
    2.1904
    2.4370
    2.8979
    0.3134
         0
    0.1130
    0.0000
    0.0000
         0
    0.4277
    0.0671
         0
    0.0334
    0.0097
         0
         0
    0.0000
         0
    0.0211
    0.0478
    0.0000
         0
         0
    0.0182
         0
         0
    0.0050
         0
         0
    0.0092
         0
    0.0000
    0.0149
    0.0127
    1.0000

  -1.0000e+09

    3.1804

End of this iteration
x-value
         0
    2.4815
    2.1759
    2.4382
    2.8682
    0.4479
         0
    0.0983
    0.0000
         0
    0.0000
    0.3779
    0.0606
    0.0000
    0.0308
         0
         0
         0
         0
         0
    0.0147
    0.0465
    0.0000
    0.0000
         0
    0.0131
    0.0000
         0
    0.0000
         0
    0.0000
    0.0148
         0
    0.0000
    0.0194
    0.0122
    1.0000

  -1.0000e+09

    3.1871

End of this iteration
x-value
    0.0000
    2.4815
    2.1759
    2.4382
    2.8682
    0.4479
    0.0000
    0.0983
    0.0000
         0
         0
    0.3779
    0.0606
         0
    0.0308
    0.0000
    0.0000
         0
    0.0000
    0.0000
    0.0147
    0.0465
         0
    0.0000
    0.0000
    0.0131
    0.0000
    0.0000
         0
    0.0000
         0
    0.0148
         0
    0.0000
    0.0194
    0.0122
    1.0000

  -1.0000e+09

    3.1871

End of this iteration
x-value
         0
    2.6441
    2.3443
    2.4085
    2.4707
    1.1053
    0.0000
    0.0762
    0.0000
         0
    0.0000
    0.0788
    0.0535
         0
         0
    0.0146
    0.0000
    0.0635
    0.0000
         0
    0.0323
    0.0444
    0.0000
         0
    0.0000
    0.0249
    0.0000
    0.0000
         0
    0.0000
    0.0000
         0
    0.0000
         0
    0.0210
    0.0089
    1.0000

  -1.0000e+09

    3.1950

End of this iteration
x-value
    0.0000
    2.4815
    2.1759
    2.4382
    2.8682
    0.4479
         0
    0.0983
    0.0000
    0.0000
    0.0000
    0.3779
    0.0606
         0
    0.0308
         0
    0.0000
         0
    0.0000
    0.0000
    0.0147
    0.0465
         0
    0.0000
         0
    0.0131
         0
    0.0000
    0.0000
         0
    0.0000
    0.0148
         0
    0.0000
    0.0194
    0.0122
    1.0000

  -1.0000e+09

    3.1871

End of this iteration
x-value
    0.0000
    2.4526
    2.1585
    2.4510
    2.7913
    1.1131
    0.0000
    0.1168
    0.0000
    0.0000
    0.0000
    0.1149
    0.0603
    0.0000
    0.0311
         0
    0.0000
    0.0446
         0
         0
    0.0122
    0.0463
         0
    0.0000
         0
         0
    0.0000
         0
    0.0024
    0.0000
         0
    0.0371
         0
    0.0000
    0.0168
    0.0121
    1.0000

  -1.0000e+09

    3.2002

End of this iteration
x-value
         0
    2.4526
    2.1586
    2.4510
    2.7910
    1.1175
    0.0000
    0.1167
         0
    0.0000
         0
    0.1130
    0.0611
    0.0000
    0.0310
         0
         0
    0.0451
         0
    0.0000
    0.0132
    0.0466
    0.0000
    0.0000
    0.0000
    0.0003
         0
         0
    0.0032
         0
         0
    0.0371
    0.0000
    0.0000
    0.0161
    0.0121
    1.0000

  -1.0000e+09

    3.2001

End of this iteration
x-value
         0
    2.4605
    2.1692
    2.4303
    2.8356
    0.8914
         0
    0.1139
    0.0000
    0.0000
         0
    0.1797
    0.0608
         0
    0.0304
         0
    0.0000
    0.0329
         0
    0.0000
    0.0131
    0.0456
         0
    0.0000
         0
    0.0001
    0.0000
         0
    0.0024
         0
    0.0000
    0.0372
    0.0000
         0
    0.0168
    0.0121
    1.0000

  -1.0000e+09

    3.1954

End of this iteration
x-value
    0.0000
    2.4815
    2.1759
    2.4382
    2.8682
    0.4479
    0.0000
    0.0983
    0.0000
    0.0000
    0.0000
    0.3779
    0.0606
    0.0000
    0.0308
         0
         0
         0
    0.0000
         0
    0.0147
    0.0465
         0
         0
         0
    0.0131
         0
         0
    0.0000
         0
    0.0000
    0.0148
    0.0000
    0.0000
    0.0194
    0.0122
    1.0000

  -1.0000e+09

    3.1871

End of this iteration
x-value
         0
    2.4653
    2.1852
    2.4609
    2.8609
    0.3856
         0
    0.1339
    0.0000
         0
         0
    0.4016
    0.0649
         0
    0.0340
    0.0000
    0.0000
         0
         0
    0.0000
    0.0155
    0.0574
         0
         0
         0
    0.0025
         0
         0
    0.0197
         0
    0.0000
    0.0365
         0
    0.0000
    0.0003
    0.0147
    1.0000

  -1.0000e+09

    3.1846

End of this iteration
x-value
    0.0000
    2.4694
    2.1750
    2.4469
    2.8532
    0.4785
    0.0000
    0.1115
    0.0000
    0.0000
         0
    0.3675
    0.0724
         0
    0.0328
         0
    0.0000
         0
    0.0000
         0
    0.0197
    0.0451
         0
    0.0000
    0.0000
    0.0017
         0
    0.0000
    0.0061
         0
    0.0000
    0.0372
    0.0000
         0
    0.0133
    0.0127
    1.0000

  -1.0000e+09

    3.1895

End of this iteration
x-value
         0
    2.4972
    2.1860
    2.4431
    2.8892
    0.4164
    0.0000
    0.0921
    0.0000
         0
    0.0000
    0.3908
    0.0598
    0.0000
    0.0298
         0
         0
         0
    0.0000
         0
    0.0165
    0.0489
         0
         0
    0.0000
    0.0221
    0.0000
    0.0000
         0
         0
         0
    0.0000
    0.0000
    0.0000
    0.0198
    0.0123
    1.0000

  -1.0000e+09

    2.7997

End of this iteration
x-value
         0
    2.4815
    2.1759
    2.4382
    2.8682
    0.4479
         0
    0.0983
    0.0000
    0.0000
    0.0000
    0.3779
    0.0606
    0.0000
    0.0308
    0.0000
    0.0000
    0.0000
    0.0000
    0.0000
    0.0147
    0.0465
         0
         0
    0.0000
    0.0131
         0
    0.0000
         0
         0
    0.0000
    0.0148
         0
         0
    0.0194
    0.0122
    1.0000

  -1.0000e+09

    3.1871

End of this iteration
x-value
    0.0000
    2.3334
    2.1666
    2.4775
    2.7007
    1.1600
    0.0000
    0.2880
         0
    0.0000
         0
         0
    0.0169
    0.0000
    0.0235
         0
    0.0000
    0.1737
    0.0365
         0
    0.0381
    0.1714
    0.0000
    0.0000
    0.0052
    0.0271
    0.0290
    0.0000
         0
    0.0307
    0.0000
    0.0399
         0
         0
    0.0000
    0.0047
    1.0000

  -1.0000e+09

    3.2208

End of this iteration
x-value
    0.0000
    2.4885
    2.1787
    2.4352
    2.8793
    0.4107
    0.0000
    0.0923
         0
    0.0000
    0.0000
    0.3910
    0.0598
    0.0000
    0.0298
         0
         0
         0
         0
    0.0000
    0.0165
    0.0489
         0
         0
         0
    0.0221
    0.0000
    0.0000
    0.0000
         0
         0
         0
         0
         0
    0.0198
    0.0123
    1.0000

  -1.0000e+09

    3.2079

End of this iteration
x-value
    0.1569
    2.1863
    2.2600
    2.2588
    3.4609
    0.1677
    0.2529
    0.0000
    0.0383
    0.0000
         0
    0.4711
    0.0891
    0.0000
    0.1253
    0.1098
         0
    0.0677
         0
    0.0000
         0
    0.0499
    0.0000
         0
    0.0000
    0.0229
    0.0000
    0.0000
    0.0151
    0.0184
    0.0000
         0
         0
    0.0000
         0
    0.0000
    1.0000

  -1.0000e+09

    3.0955

End of this iteration
x-value
    0.0000
    2.4694
    2.1750
    2.4469
    2.8532
    0.4785
    0.0000
    0.1115
    0.0000
    0.0000
         0
    0.3675
    0.0724
    0.0000
    0.0328
         0
         0
         0
    0.0000
         0
    0.0197
    0.0451
    0.0000
    0.0000
    0.0000
    0.0017
         0
         0
    0.0061
    0.0000
         0
    0.0372
    0.0000
         0
    0.0133
    0.0127
    1.0000

  -1.0000e+09

    3.1895

End of this iteration
x-value
         0
    2.4820
    2.1793
    2.4411
    2.8723
    0.4171
    0.0000
    0.1003
         0
    0.0000
         0
    0.3891
    0.0689
         0
    0.0311
    0.0000
    0.0000
         0
         0
    0.0000
    0.0213
    0.0489
         0
         0
         0
    0.0172
    0.0000
         0
    0.0049
    0.0000
         0
    0.0109
         0
         0
    0.0151
    0.0128
    1.0000

  -1.0000e+09

    3.1853

End of this iteration
x-value
    0.0000
    2.4815
    2.1759
    2.4382
    2.8682
    0.4479
         0
    0.0983
         0
         0
         0
    0.3779
    0.0606
    0.0000
    0.0308
    0.0000
         0
         0
    0.0000
    0.0000
    0.0147
    0.0465
    0.0000
    0.0000
    0.0000
    0.0131
    0.0000
    0.0000
         0
    0.0000
    0.0000
    0.0148
         0
    0.0000
    0.0194
    0.0122
    1.0000

  -1.0000e+09

    3.1871

End of this iteration
x-value
    0.0000
    2.5789
    2.2039
    2.3379
    3.0339
    0.1025
         0
    0.0000
    0.0000
         0
    0.0000
    0.4971
         0
    0.0000
    0.0116
    0.0239
    0.0000
    0.0045
    0.0110
    0.0000
    0.0263
    0.0572
         0
    0.0000
    0.0000
    0.0285
         0
         0
         0
    0.0000
    0.0000
    0.0232
         0
         0
    0.0180
    0.0138
    1.0000

  -1.0000e+09

    3.1614

End of this iteration
x-value
         0
    2.4542
    2.1589
    2.4460
    2.8029
    0.9600
         0
    0.1145
    0.0000
    0.0000
    0.0000
    0.1755
    0.0584
         0
    0.0315
    0.0000
    0.0000
    0.0333
         0
         0
    0.0099
    0.0450
    0.0000
         0
    0.0000
         0
    0.0000
         0
         0
         0
    0.0000
    0.0359
         0
         0
    0.0190
    0.0119
    1.0000

  -1.0000e+09

    3.2000

End of this iteration
x-value
         0
    2.4518
    2.1580
    2.4503
    2.7901
    1.1171
    0.0000
    0.1167
         0
    0.0000
    0.0000
    0.1130
    0.0610
    0.0000
    0.0310
         0
         0
    0.0451
         0
         0
    0.0131
    0.0465
         0
    0.0000
         0
    0.0002
         0
         0
    0.0031
         0
         0
    0.0371
         0
    0.0000
    0.0162
    0.0121
    1.0000

  -1.0000e+09

    3.2007

End of this iteration
x-value
    1.0470
    1.2281
    2.3289
    2.2948
    3.5079
    0.3943
         0
    0.1635
    0.0000
         0
         0
    0.4316
    0.0719
    0.0000
    0.0722
    0.0111
    0.0000
         0
    0.0000
    0.0059
    0.0066
    0.0487
         0
    0.0000
    0.0000
    0.0181
         0
         0
         0
         0
         0
    0.0000
         0
         0
    0.0162
    0.0132
    1.0000

  -1.0000e+09

    2.9885

End of this iteration
x-value
    0.0000
    2.4414
    2.1468
    2.4374
    2.9427
    0.4643
    0.0000
    0.1085
    0.0000
         0
         0
    0.3777
    0.0846
    0.0000
    0.0286
         0
         0
         0
         0
    0.0000
    0.0392
    0.0500
         0
         0
    0.0000
    0.0071
    0.0000
         0
    0.0207
         0
    0.0000
    0.0373
         0
         0
    0.0000
    0.0142
    1.0000

  -1.0000e+09

    3.2088

End of this iteration
x-value
         0
    2.4815
    2.1759
    2.4382
    2.8682
    0.4479
    0.0000
    0.0983
    0.0000
         0
         0
    0.3779
    0.0606
    0.0000
    0.0308
         0
         0
    0.0000
    0.0000
    0.0000
    0.0147
    0.0465
    0.0000
    0.0000
    0.0000
    0.0131
    0.0000
         0
    0.0000
         0
         0
    0.0148
         0
    0.0000
    0.0194
    0.0122
    1.0000

  -1.0000e+09

    3.1871

End of this iteration
x-value
         0
    2.5648
    2.1932
    2.3953
    2.9480
    0.4671
         0
         0
    0.0000
         0
         0
    0.3724
    0.0741
    0.0000
    0.0170
         0
    0.0000
         0
    0.0000
    0.0000
    0.0265
    0.0476
    0.0000
         0
    0.0000
    0.0241
    0.0000
    0.0000
    0.0023
         0
         0
    0.0000
    0.0000
    0.0000
    0.0178
    0.0125
    1.0000

  -1.0000e+09

    3.1654

End of this iteration
x-value
         0
    2.4815
    2.1759
    2.4382
    2.8682
    0.4479
         0
    0.0983
         0
    0.0000
         0
    0.3779
    0.0606
         0
    0.0308
         0
         0
         0
         0
         0
    0.0147
    0.0465
    0.0000
         0
    0.0000
    0.0131
         0
    0.0000
         0
    0.0000
    0.0000
    0.0148
         0
         0
    0.0194
    0.0122
    1.0000

  -1.0000e+09

    3.1871

End of this iteration
x-value
         0
    2.4815
    2.1759
    2.4382
    2.8682
    0.4479
    0.0000
    0.0983
    0.0000
         0
    0.0000
    0.3779
    0.0606
         0
    0.0308
         0
    0.0000
         0
    0.0000
    0.0000
    0.0147
    0.0465
         0
         0
         0
    0.0131
    0.0000
    0.0000
    0.0000
    0.0000
    0.0000
    0.0148
         0
         0
    0.0194
    0.0122
    1.0000

  -1.0000e+09

    3.1871

End of this iteration
x-value
         0
    2.4528
    2.1585
    2.4509
    2.7918
    1.1083
         0
    0.1167
         0
         0
         0
    0.1169
    0.0594
         0
    0.0312
         0
    0.0000
    0.0442
         0
         0
    0.0113
    0.0461
         0
         0
         0
         0
    0.0000
    0.0000
    0.0017
         0
         0
    0.0367
    0.0000
         0
    0.0175
    0.0120
    1.0000

  -1.0000e+09

    3.2001

End of this iteration
x-value
         0
    2.5318
    2.1492
    2.4096
    2.9929
    0.4244
    0.0000
         0
         0
    0.0000
         0
    0.3888
    0.0883
    0.0000
    0.0780
    0.0000
    0.0000
    0.0046
    0.0000
    0.0000
         0
    0.0494
    0.0000
         0
    0.0000
    0.0223
    0.0042
    0.0000
         0
    0.0000
         0
    0.0000
    0.0035
         0
    0.0207
    0.0124
    1.0000

  -1.0000e+09

    3.1876

End of this iteration
x-value
    0.0000
    2.5318
    2.1492
    2.4096
    2.9929
    0.4244
    0.0000
         0
         0
         0
         0
    0.3888
    0.0883
         0
    0.0780
         0
         0
    0.0046
    0.0000
    0.0000
         0
    0.0494
    0.0000
    0.0000
    0.0000
    0.0223
    0.0042
         0
         0
    0.0000
    0.0000
         0
    0.0035
    0.0000
    0.0207
    0.0124
    1.0000

  -1.0000e+09

    3.1876

End of this iteration
x-value
         0
    2.4815
    2.1759
    2.4382
    2.8682
    0.4479
    0.0000
    0.0983
    0.0000
    0.0000
         0
    0.3779
    0.0606
         0
    0.0308
    0.0000
    0.0000
         0
    0.0000
    0.0000
    0.0147
    0.0465
         0
    0.0000
    0.0000
    0.0131
         0
    0.0000
         0
    0.0000
    0.0000
    0.0148
    0.0000
    0.0000
    0.0194
    0.0122
    1.0000

  -1.0000e+09

    3.1871

End of this iteration
x-value
    0.0000
    2.4815
    2.1759
    2.4382
    2.8682
    0.4479
         0
    0.0983
    0.0000
         0
    0.0000
    0.3779
    0.0606
         0
    0.0308
    0.0000
         0
         0
         0
    0.0000
    0.0147
    0.0465
    0.0000
         0
    0.0000
    0.0131
    0.0000
         0
         0
    0.0000
         0
    0.0148
    0.0000
         0
    0.0194
    0.0122
    1.0000

  -1.0000e+09

    3.1871

End of this iteration
x-value
    0.0000
    2.4700
    2.1764
    2.4155
    2.8864
    0.2925
    0.0000
    0.1069
         0
    0.0000
         0
    0.4315
    0.0647
         0
    0.0331
    0.0113
    0.0000
    0.0000
    0.0000
    0.0000
    0.0200
    0.0456
    0.0000
         0
         0
    0.0231
    0.0000
    0.0000
         0
         0
         0
         0
    0.0010
         0
    0.0200
    0.0122
    1.0000

  -1.0000e+09

    3.1910

End of this iteration
x-value
    0.0000
    2.4815
    2.1759
    2.4382
    2.8682
    0.4479
         0
    0.0983
    0.0000
    0.0000
         0
    0.3779
    0.0606
         0
    0.0308
    0.0000
         0
         0
    0.0000
    0.0000
    0.0147
    0.0465
    0.0000
         0
    0.0000
    0.0131
    0.0000
         0
    0.0000
         0
         0
    0.0148
    0.0000
         0
    0.0194
    0.0122
    1.0000

  -1.0000e+09

    3.1871

End of this iteration
x-value
         0
    2.4815
    2.1759
    2.4382
    2.8682
    0.4479
         0
    0.0983
    0.0000
         0
         0
    0.3779
    0.0606
    0.0000
    0.0308
    0.0000
    0.0000
         0
    0.0000
         0
    0.0147
    0.0465
    0.0000
    0.0000
    0.0000
    0.0131
    0.0000
    0.0000
         0
         0
    0.0000
    0.0148
         0
         0
    0.0194
    0.0122
    1.0000

  -1.0000e+09

    3.1871

End of this iteration
x-value
    0.8833
    1.0065
    2.0426
    2.2907
    3.5530
    0.3867
    0.0897
    0.2166
    0.1514
    0.0000
         0
    0.4345
    0.0362
    0.0000
         0
         0
         0
    0.0000
         0
    0.0000
    0.0269
    0.0508
    0.0000
         0
         0
    0.0242
         0
    0.0000
    0.0050
    0.0000
         0
    0.0000
         0
    0.0000
    0.0154
    0.0129
    1.0000

  -1.0000e+09

    3.1092

End of this iteration
x-value
         0
    2.4815
    2.1759
    2.4382
    2.8682
    0.4479
    0.0000
    0.0983
         0
         0
         0
    0.3779
    0.0606
    0.0000
    0.0308
         0
    0.0000
         0
         0
         0
    0.0147
    0.0465
    0.0000
    0.0000
    0.0000
    0.0131
    0.0000
         0
         0
         0
         0
    0.0148
    0.0000
    0.0000
    0.0194
    0.0122
    1.0000

  -1.0000e+09

    3.1871

End of this iteration
x-value
    0.0000
    2.4305
    2.2028
    2.3451
    2.9154
    1.2233
         0
    0.1669
    0.0000
         0
         0
         0
    0.0660
    0.0000
    0.0299
    0.0238
    0.0000
    0.0000
    0.0000
    0.0000
    0.0244
    0.0492
    0.0000
         0
         0
         0
    0.0000
    0.0000
    0.0161
    0.0176
         0
    0.0460
    0.0049
         0
    0.0048
         0
    1.0000

  -1.0000e+09

    4.7218

End of this iteration
x-value
    0.0000
    2.5473
    2.1780
    2.3801
    2.9891
    0.3075
         0
         0
    0.0000
         0
         0
    0.4299
    0.0939
         0
    0.0449
    0.0096
    0.0000
         0
         0
         0
    0.0188
    0.0481
         0
         0
         0
    0.0193
    0.0000
    0.0000
    0.0046
    0.0000
         0
    0.0068
         0
         0
    0.0153
    0.0127
    1.0000

  -1.0000e+09

    3.1756

End of this iteration
x-value
    0.0000
    2.3182
    2.2017
    2.4904
    2.7689
    0.0000
    0.0000
    0.3512
    0.0000
         0
    0.0000
         0
         0
         0
    0.0000
    0.0000
         0
    0.3477
    0.0000
         0
    0.0095
    0.0858
    0.0000
    0.0000
    0.0000
    0.0000
         0
    0.0000
    0.0016
         0
    0.0000
    0.0441
    0.0042
         0
    0.0242
    0.0069
    1.0000

  -1.0000e+09

    8.3967

End of this iteration
x-value
         0
    2.4667
    2.1750
    2.4187
    2.8809
    0.2945
    0.0000
    0.1113
    0.0000
    0.0000
         0
    0.4305
    0.0605
         0
    0.0335
    0.0098
    0.0000
         0
    0.0000
         0
    0.0157
    0.0476
         0
    0.0000
         0
    0.0219
         0
    0.0000
         0
         0
    0.0000
         0
    0.0000
    0.0000
    0.0197
    0.0123
    1.0000

  -1.0000e+09

    3.1921

End of this iteration
x-value
    1.0143
    1.0304
    2.2912
    2.2382
    3.5835
    0.3029
         0
    0.1996
    0.0000
    0.0000
    0.0000
    0.4633
    0.0798
         0
    0.0803
    0.0212
         0
         0
         0
    0.0000
    0.0046
    0.0463
    0.0000
    0.0000
    0.0000
    0.0204
         0
         0
    0.0000
         0
         0
    0.0000
    0.0000
         0
    0.0160
    0.0130
    1.0000

  -1.0000e+09

    3.2543

End of this iteration
x-value
    0.0000
    2.4638
    2.1862
    2.3611
    2.9012
    1.1180
         0
    0.1218
         0
         0
         0
    0.0858
    0.0289
         0
    0.0299
    0.0580
    0.0000
    0.0939
    0.0225
    0.0156
    0.0302
    0.0419
    0.0000
    0.0000
    0.0000
    0.0160
         0
    0.0000
    0.0000
         0
         0
    0.0000
         0
    0.0000
    0.0216
    0.0063
    1.0000

  -1.0000e+09

    3.1919

End of this iteration
x-value
         0
    2.4637
    2.1862
    2.3611
    2.9011
    1.1181
         0
    0.1220
         0
         0
    0.0000
    0.0858
    0.0288
         0
    0.0298
    0.0580
         0
    0.0939
    0.0225
    0.0156
    0.0303
    0.0421
         0
    0.0000
         0
    0.0160
         0
         0
         0
    0.0000
         0
         0
         0
         0
    0.0206
    0.0110
    1.0000

  -1.0000e+09

    3.1919

End of this iteration
x-value
    0.0000
    2.4815
    2.1759
    2.4382
    2.8682
    0.4479
         0
    0.0983
         0
         0
    0.0000
    0.3779
    0.0606
    0.0000
    0.0308
    0.0000
         0
    0.0000
    0.0000
    0.0000
    0.0147
    0.0465
    0.0000
         0
    0.0000
    0.0131
    0.0000
    0.0000
    0.0000
    0.0000
         0
    0.0148
         0
    0.0000
    0.0194
    0.0122
    1.0000

  -1.0000e+09

    3.1871

End of this iteration
x-value
    0.0000
    2.3171
    2.2152
    2.3909
    2.8778
    1.0023
    0.0000
    0.3388
    0.0000
    0.0000
    0.0000
    0.1096
    0.0717
    0.0000
    0.0672
    0.1178
    0.0000
    0.1342
         0
    0.0000
    0.0207
    0.0412
    0.0000
         0
         0
    0.0049
    0.0000
         0
    0.0197
         0
    0.0000
    0.0359
         0
    0.0000
    0.0002
    0.0128
    1.0000

  -1.0000e+09

    3.2068

End of this iteration
x-value
         0
    1.9537
    2.1714
    2.2160
    3.5593
    0.0000
         0
         0
    0.0000
         0
    0.0000
    0.5652
    0.1030
    0.0108
    0.0663
    0.0466
    0.0000
    0.0000
    0.0000
    0.0065
    0.0165
    0.0458
         0
    0.0000
         0
    0.0198
         0
    0.0000
    0.0044
    0.0000
    0.0000
         0
         0
         0
    0.0155
    0.0127
    1.0000

  -1.0000e+09

    3.5917

End of this iteration
x-value
         0
    2.6436
    2.3388
    2.4078
    2.4702
    1.1039
    0.0000
    0.0702
    0.0000
         0
         0
    0.0801
    0.0547
    0.0000
         0
    0.0120
         0
    0.0615
    0.0000
    0.0000
    0.0321
    0.0447
    0.0000
    0.0000
         0
    0.0249
    0.0000
    0.0000
    0.0000
    0.0000
         0
         0
    0.0000
         0
    0.0214
    0.0070
    1.0000

  -1.0000e+09

    3.0854

End of this iteration
x-value
         0
    2.4815
    2.1759
    2.4382
    2.8682
    0.4479
    0.0000
    0.0983
         0
    0.0000
         0
    0.3779
    0.0606
         0
    0.0308
         0
    0.0000
         0
    0.0000
    0.0000
    0.0147
    0.0465
         0
    0.0000
         0
    0.0131
         0
         0
    0.0000
    0.0000
    0.0000
    0.0148
         0
         0
    0.0194
    0.0122
    1.0000

  -1.0000e+09

    3.1871

End of this iteration
x-value
         0
    2.4815
    2.1759
    2.4382
    2.8682
    0.4479
    0.0000
    0.0983
    0.0000
    0.0000
         0
    0.3779
    0.0606
         0
    0.0308
    0.0000
    0.0000
         0
         0
         0
    0.0147
    0.0465
         0
    0.0000
    0.0000
    0.0131
    0.0000
         0
    0.0000
    0.0000
    0.0000
    0.0148
         0
    0.0000
    0.0194
    0.0122
    1.0000

  -1.0000e+09

    3.1871

End of this iteration
x-value
    0.0000
    2.4511
    2.1682
    2.4653
    2.7936
    1.1272
         0
    0.1321
         0
         0
         0
    0.1074
    0.0654
    0.0000
    0.0315
    0.0000
    0.0000
    0.0512
    0.0000
         0
    0.0184
    0.0561
    0.0000
    0.0000
    0.0000
    0.0029
         0
    0.0000
    0.0170
         0
    0.0000
    0.0367
    0.0000
         0
    0.0032
    0.0139
    1.0000

  -1.0000e+09

    3.1951

End of this iteration
x-value
    0.5626
    1.8166
    2.3314
    2.3708
    3.4540
         0
    0.1883
         0
         0
    0.0624
    0.0000
    0.5920
    0.0623
    0.0000
    0.1196
    0.0200
         0
         0
    0.0089
    0.0356
         0
    0.0649
    0.0000
         0
         0
    0.0055
         0
    0.0000
    0.0109
    0.0211
         0
         0
    0.0000
         0
         0
         0
    1.0000

  -1.0000e+09

    2.9411

End of this iteration
x-value
         0
    2.4959
    2.1334
    2.5955
    2.7122
    0.7263
         0
    0.0710
         0
    0.0000
         0
    0.2895
    0.0672
    0.0000
    0.0367
         0
         0
         0
         0
         0
    0.0115
    0.0254
    0.0000
         0
    0.0000
    0.0000
    0.0000
    0.0000
    0.0000
    0.0000
         0
    0.0328
         0
         0
    0.0000
         0
    1.0000

  -1.0000e+09

    3.1897

End of this iteration
x-value
    0.0000
    2.4824
    2.1372
    2.5912
    2.7141
    0.6816
         0
    0.0909
         0
    0.0000
    0.0000
    0.2884
    0.0671
         0
    0.0363
         0
    0.0000
    0.0217
    0.0000
         0
    0.0185
    0.0485
         0
         0
         0
    0.0227
    0.0000
    0.0000
    0.0000
    0.0000
         0
    0.0000
         0
         0
    0.0206
    0.0093
    1.0000

  -1.0000e+09

    3.1914

End of this iteration
x-value
         0
    2.3334
    2.1666
    2.4775
    2.7007
    1.1600
    0.0000
    0.2880
    0.0000
    0.0000
         0
         0
    0.0169
         0
    0.0235
    0.0000
         0
    0.1737
    0.0365
    0.0000
    0.0381
    0.1714
         0
    0.0000
    0.0052
    0.0271
    0.0290
    0.0000
         0
    0.0307
         0
    0.0399
         0
    0.0000
    0.0000
    0.0047
    1.0000

  -1.0000e+09

    3.2208

End of this iteration
x-value
    0.0000
    2.3578
    2.1865
    2.5140
    2.7223
    1.2180
         0
    0.2823
    0.0000
    0.0000
         0
         0
    0.0518
    0.0000
    0.0301
         0
    0.0000
    0.1553
    0.0151
         0
    0.0418
    0.1485
    0.0000
    0.0000
    0.0122
    0.0042
    0.0027
    0.0000
         0
    0.0259
         0
    0.0702
    0.0335
         0
    0.0000
    0.0075
    1.0000

  -1.0000e+09

    3.2036

End of this iteration
x-value
         0
    2.1314
    2.2313
    2.3959
    2.6377
    1.1780
         0
    0.5947
    0.0000
    0.0000
    0.0000
         0
         0
    0.0000
    0.0112
    0.1468
         0
    0.1641
    0.0000
         0
    0.0232
    0.0419
         0
    0.0000
    0.0000
         0
         0
         0
    0.0215
    0.0130
    0.0000
    0.0461
    0.0049
    0.0000
    0.0000
    0.0000
    1.0000

  -1.0000e+09

   14.3566

End of this iteration
x-value
         0
    2.3450
    2.2104
    2.3418
    2.9098
    1.1085
         0
    0.2837
    0.0000
    0.0000
         0
    0.0000
    0.0719
         0
    0.0539
    0.0864
    0.0000
    0.1293
         0
    0.0000
    0.0238
    0.0432
         0
         0
         0
    0.0000
         0
    0.0000
    0.0219
         0
    0.0000
    0.0479
    0.0063
    0.0000
    0.0000
    0.0099
    1.0000

  -1.0000e+09

    3.2599

End of this iteration
x-value
    0.0000
    2.4669
    2.1883
    2.4361
    2.8888
    0.3535
         0
    0.1293
         0
    0.0000
         0
    0.4146
    0.0690
         0
    0.0373
    0.0169
         0
         0
         0
    0.0000
    0.0165
    0.0375
         0
         0
         0
         0
    0.0000
    0.0000
    0.0000
         0
         0
    0.0395
    0.0035
         0
    0.0194
    0.0118
    1.0000

  -1.0000e+09

    3.1845

End of this iteration
x-value
         0
    2.4821
    2.1904
    2.4370
    2.8979
    0.3134
    0.0000
    0.1130
    0.0000
    0.0000
         0
    0.4277
    0.0671
    0.0000
    0.0334
    0.0097
         0
    0.0000
    0.0000
         0
    0.0211
    0.0478
         0
         0
    0.0000
    0.0182
    0.0000
    0.0000
    0.0050
         0
    0.0000
    0.0092
    0.0000
    0.0000
    0.0149
    0.0127
    1.0000

  -1.0000e+09

    3.1804

End of this iteration
x-value
    0.0000
    2.4942
    2.1664
    2.4247
    2.8608
    0.7527
    0.0000
    0.0723
         0
         0
    0.0000
    0.2733
    0.0452
         0
    0.0301
    0.0050
    0.0000
    0.0000
         0
         0
         0
    0.0255
    0.0000
         0
         0
    0.0147
    0.0000
    0.0000
         0
    0.0000
         0
    0.0014
         0
         0
    0.0156
         0
    1.0000

  -1.0000e+09

    3.1894

End of this iteration
x-value
    0.0000
    2.4815
    2.1759
    2.4382
    2.8682
    0.4479
         0
    0.0983
         0
         0
    0.0000
    0.3779
    0.0606
    0.0000
    0.0308
    0.0000
    0.0000
         0
    0.0000
         0
    0.0147
    0.0465
         0
         0
         0
    0.0131
    0.0000
    0.0000
    0.0000
         0
         0
    0.0148
         0
    0.0000
    0.0194
    0.0122
    1.0000

  -1.0000e+09

    3.1871

End of this iteration
x-value
         0
    2.4876
    2.1779
    2.4350
    2.8772
    0.4209
         0
    0.0924
    0.0000
    0.0000
    0.0000
    0.3873
    0.0595
         0
    0.0298
    0.0000
         0
         0
    0.0000
    0.0000
    0.0161
    0.0483
    0.0000
         0
    0.0000
    0.0208
         0
    0.0000
         0
    0.0000
    0.0059
         0
    0.0000
         0
    0.0197
    0.0123
    1.0000

  -1.0000e+09

    3.1852

End of this iteration
x-value
    0.0000
    2.4815
    2.1759
    2.4382
    2.8682
    0.4479
    0.0000
    0.0983
         0
    0.0000
    0.0000
    0.3779
    0.0606
         0
    0.0308
         0
         0
         0
    0.0000
         0
    0.0147
    0.0465
         0
         0
    0.0000
    0.0131
         0
    0.0000
    0.0000
    0.0000
         0
    0.0148
         0
    0.0000
    0.0194
    0.0122
    1.0000

  -1.0000e+09

    3.1871

End of this iteration
x-value
         0
    2.4607
    2.1656
    2.4581
    2.8005
    1.1208
         0
    0.1162
    0.0000
         0
         0
    0.1134
    0.0627
    0.0000
    0.0308
         0
    0.0000
    0.0453
    0.0000
         0
    0.0148
    0.0470
    0.0000
         0
    0.0000
    0.0007
         0
         0
    0.0045
         0
         0
    0.0371
    0.0000
    0.0000
    0.0149
    0.0123
    1.0000

  -1.0000e+09

    3.1947

End of this iteration
x-value
    0.3366
    2.2247
    2.3091
    2.1425
    3.5354
         0
    0.0000
    0.0000
    0.0000
         0
    0.0000
    0.5262
         0
         0
    0.0684
    0.1415
         0
    0.0653
    0.0232
    0.0000
         0
    0.0305
    0.0000
    0.0000
    0.0000
    0.0174
         0
         0
    0.0000
         0
    0.0000
    0.0000
         0
         0
    0.0142
    0.0120
    1.0000

  -1.0000e+09

    3.5853

End of this iteration
x-value
    0.0000
    2.4784
    2.1552
    2.4216
    2.8342
    0.7382
         0
    0.0732
         0
    0.0000
    0.0000
    0.2747
    0.0625
    0.0000
    0.0289
    0.0000
    0.0000
         0
    0.0000
         0
    0.0135
    0.0269
         0
    0.0000
    0.0000
         0
         0
    0.0000
    0.0000
    0.0000
    0.0054
    0.0361
    0.0100
    0.0000
    0.0000
    0.0159
    1.0000

  -1.0000e+09

    3.1984

End of this iteration
x-value
    0.0000
    2.4518
    2.1579
    2.4503
    2.7903
    1.1135
    0.0000
    0.1168
    0.0000
    0.0000
         0
    0.1146
    0.0603
         0
    0.0311
    0.0000
    0.0000
    0.0447
         0
         0
    0.0122
    0.0463
         0
    0.0000
         0
         0
    0.0000
    0.0000
    0.0024
    0.0000
    0.0000
    0.0371
         0
         0
    0.0168
    0.0121
    1.0000

  -1.0000e+09

    3.2007

End of this iteration
x-value
         0
    2.4699
    2.1771
    2.4427
    2.8618
    0.4555
    0.0000
    0.1143
         0
         0
    0.0000
    0.3762
    0.0648
         0
    0.0334
    0.0039
    0.0000
         0
    0.0000
    0.0000
    0.0144
    0.0431
    0.0000
         0
    0.0000
    0.0002
         0
    0.0000
    0.0021
    0.0000
         0
    0.0372
         0
    0.0000
    0.0169
    0.0122
    1.0000

  -1.0000e+09

    3.1886

End of this iteration
x-value
         0
    2.4723
    2.1766
    2.4427
    2.8602
    0.4630
         0
    0.1095
         0
    0.0000
    0.0000
    0.3732
    0.0692
         0
    0.0321
    0.0019
    0.0000
         0
         0
    0.0000
    0.0196
    0.0447
         0
         0
         0
    0.0017
    0.0000
    0.0000
    0.0060
    0.0000
         0
    0.0372
         0
         0
    0.0133
    0.0126
    1.0000

  -1.0000e+09

    3.1884

End of this iteration
x-value
    0.0000
    2.5681
    2.1844
    2.3861
    2.8970
    0.8652
    0.0000
    0.0000
    0.0000
         0
         0
    0.3654
    0.0000
         0
    0.0028
    0.0019
         0
         0
    0.0279
    0.0092
    0.0338
    0.0521
    0.0000
         0
         0
    0.0192
         0
         0
    0.0085
         0
    0.0000
         0
    0.0000
         0
    0.0124
    0.0133
    1.0000

  -1.0000e+09

    3.1694

End of this iteration
x-value
         0
    2.5681
    2.1844
    2.3861
    2.8970
    0.8652
         0
    0.0000
    0.0000
    0.0000
    0.0000
    0.3654
    0.0000
         0
    0.0028
    0.0019
         0
         0
    0.0279
    0.0092
    0.0338
    0.0521
         0
         0
         0
    0.0192
    0.0000
    0.0000
    0.0085
    0.0000
         0
         0
         0
         0
    0.0124
    0.0133
    1.0000

  -1.0000e+09

    3.1694

End of this iteration
x-value
    0.0000
    2.4636
    2.1655
    2.4374
    2.8406
    0.5408
         0
    0.1080
         0
    0.0000
    0.0000
    0.3419
    0.0615
    0.0000
    0.0321
         0
    0.0000
    0.0031
         0
    0.0000
    0.0118
    0.0432
         0
    0.0000
         0
    0.0000
         0
    0.0000
         0
    0.0000
         0
    0.0364
    0.0000
    0.0000
    0.0189
    0.0120
    1.0000

  -1.0000e+09

    3.1956

End of this iteration
x-value
    0.0000
    2.4518
    2.1580
    2.4503
    2.7901
    1.1171
    0.0000
    0.1167
         0
    0.0000
         0
    0.1130
    0.0610
    0.0000
    0.0310
         0
         0
    0.0451
    0.0000
    0.0000
    0.0131
    0.0465
    0.0000
    0.0000
    0.0000
    0.0002
    0.0000
         0
    0.0031
         0
         0
    0.0371
         0
         0
    0.0162
    0.0121
    1.0000

  -1.0000e+09

    3.2007

End of this iteration
x-value
    0.0000
    2.4870
    2.3223
    2.0495
    3.3396
         0
         0
    0.1635
    0.0000
         0
         0
    0.5314
    0.0547
    0.0000
    0.0261
    0.0508
    0.0000
         0
         0
    0.0000
    0.0250
    0.0383
         0
         0
         0
    0.0236
         0
         0
         0
         0
    0.0000
         0
         0
         0
    0.0204
    0.0080
    1.0000

  -1.0000e+09

    3.1523

End of this iteration
x-value
    0.0000
    1.9974
    2.2904
    2.3618
    2.9765
    0.9121
    0.6687
    0.0000
         0
    0.0000
         0
    0.1911
         0
         0
    0.1053
    0.0002
    0.0000
    0.0423
         0
    0.0000
         0
    0.0620
         0
         0
    0.0141
    0.0186
    0.0000
         0
    0.0129
    0.0198
    0.0000
         0
         0
    0.0000
    0.0000
         0
    1.0000

  -1.0000e+09

    3.1560

End of this iteration
x-value
         0
    3.0998
    2.0573
    2.3908
    2.5962
    1.1146
    0.0000
         0
    0.0954
         0
         0
    0.0640
    0.0261
    0.0000
    0.0000
    0.0726
    0.0000
    0.1040
    0.0109
         0
         0
    0.0422
    0.0000
    0.0000
         0
    0.0238
         0
         0
    0.0000
         0
    0.0000
         0
    0.0311
         0
    0.0249
    0.0119
    1.0000

  -1.0000e+09

    2.8606

End of this iteration
x-value
    0.0000
    2.4815
    2.1759
    2.4382
    2.8682
    0.4479
         0
    0.0983
         0
    0.0000
    0.0000
    0.3779
    0.0606
         0
    0.0308
         0
         0
         0
         0
    0.0000
    0.0147
    0.0465
    0.0000
         0
         0
    0.0131
         0
         0
    0.0000
         0
    0.0000
    0.0148
    0.0000
    0.0000
    0.0194
    0.0122
    1.0000

  -1.0000e+09

    3.1871

End of this iteration
x-value
    0.0000
    2.4851
    2.1840
    2.4554
    2.8684
    0.5088
         0
    0.1069
    0.0000
         0
         0
    0.3594
    0.0636
         0
    0.0320
    0.0000
    0.0000
         0
    0.0000
         0
    0.0137
    0.0434
    0.0000
         0
    0.0000
         0
         0
         0
    0.0014
         0
    0.0000
    0.0373
    0.0000
    0.0000
    0.0176
    0.0122
    1.0000

  -1.0000e+09

    3.1813

End of this iteration
x-value
    0.0000
    2.5127
    2.1403
    2.3916
    2.9900
    0.4717
         0
    0.0096
    0.0000
         0
         0
    0.3635
    0.0891
         0
    0.0835
    0.0091
         0
    0.0165
    0.0000
         0
    0.0000
    0.0500
    0.0000
    0.0000
         0
    0.0213
    0.0032
    0.0000
         0
    0.0024
    0.0000
         0
    0.0000
         0
    0.0199
    0.0104
    1.0000

  -1.0000e+09

    3.1967

End of this iteration
x-value
    0.0000
    2.3098
    2.1669
    2.3655
    2.9206
    1.0812
    0.0000
    0.2832
    0.0000
    0.0000
    0.0000
    0.1546
    0.1110
         0
    0.1147
    0.1064
         0
    0.0000
    0.0000
    0.0000
         0
    0.0384
    0.0000
         0
         0
         0
    0.0036
         0
    0.0199
    0.0188
         0
    0.0479
    0.0187
    0.0000
         0
    0.0000
    1.0000

  -1.0000e+09

    3.2295

End of this iteration
x-value
    0.0000
    2.4815
    2.1759
    2.4382
    2.8682
    0.4479
    0.0000
    0.0983
    0.0000
         0
    0.0000
    0.3779
    0.0606
         0
    0.0308
         0
    0.0000
         0
    0.0000
         0
    0.0147
    0.0465
    0.0000
         0
         0
    0.0131
         0
    0.0000
         0
    0.0000
         0
    0.0148
    0.0000
         0
    0.0194
    0.0122
    1.0000

  -1.0000e+09

    3.1871

End of this iteration
x-value
    0.0000
    2.4723
    2.1766
    2.4427
    2.8602
    0.4630
         0
    0.1095
         0
    0.0000
    0.0000
    0.3732
    0.0692
    0.0000
    0.0321
    0.0019
    0.0000
         0
    0.0000
    0.0000
    0.0196
    0.0447
         0
         0
         0
    0.0017
         0
         0
    0.0060
    0.0000
    0.0000
    0.0372
    0.0000
    0.0000
    0.0133
    0.0126
    1.0000

  -1.0000e+09

    3.1884

End of this iteration
x-value
         0
    2.3165
    1.8171
    2.3121
    3.6526
         0
    0.0000
    0.0000
    0.1785
    0.0000
    0.0000
    0.5864
    0.0914
    0.0099
         0
    0.0616
    0.0000
         0
    0.0000
         0
    0.0246
    0.0410
         0
         0
         0
    0.0226
         0
    0.0000
    0.0031
         0
         0
         0
    0.0000
    0.0000
    0.0166
    0.0123
    1.0000

  -1.0000e+09

    3.4078

End of this iteration
x-value
         0
    2.5127
    2.1687
    2.4002
    2.8844
    0.5280
         0
    0.0336
    0.0000
         0
    0.0000
    0.3471
    0.0888
         0
    0.0203
         0
    0.0000
         0
         0
    0.0000
    0.0536
    0.0340
    0.0000
         0
    0.0107
    0.0255
         0
         0
    0.0000
         0
    0.0048
         0
    0.0000
    0.0000
    0.0220
    0.0042
    1.0000

  -1.0000e+09

    3.1872

End of this iteration
x-value
    0.0000
    2.5636
    2.2132
    2.2659
    3.1902
         0
         0
         0
    0.0000
         0
    0.0000
    0.5244
    0.0898
    0.0000
    0.0728
    0.0880
         0
    0.0370
    0.0000
         0
    0.0052
    0.0383
         0
    0.0000
    0.0000
    0.0206
    0.0000
    0.0000
         0
         0
    0.0000
    0.0000
    0.0000
         0
    0.0188
    0.0116
    1.0000

  -1.0000e+09

    3.1633

End of this iteration
x-value
         0
    2.4564
    2.1590
    2.4487
    2.7997
    1.0408
         0
    0.1143
    0.0000
    0.0000
         0
    0.1452
    0.0515
    0.0000
    0.0313
         0
    0.0000
    0.0372
         0
    0.0000
    0.0047
    0.0446
         0
         0
         0
    0.0000
         0
    0.0000
         0
         0
         0
    0.0334
    0.0000
         0
    0.0128
    0.0133
    1.0000

  -1.0000e+09

    3.1992

End of this iteration
x-value
    0.0000
    2.4776
    2.1621
    2.4409
    2.8286
    0.8697
         0
    0.0905
    0.0000
    0.0000
    0.0000
    0.2243
    0.0499
    0.0000
    0.0307
         0
    0.0000
    0.0105
    0.0000
    0.0000
    0.0012
    0.0316
    0.0000
    0.0000
         0
    0.0000
    0.0000
         0
         0
         0
         0
    0.0293
    0.0000
         0
    0.0171
    0.0082
    1.0000

  -1.0000e+09

    3.1938

End of this iteration
x-value
    0.0000
    2.3232
    2.1899
    2.4210
    2.8191
    1.0585
    0.0429
    0.2553
         0
    0.0000
    0.0000
    0.1829
    0.0670
    0.0000
    0.0607
    0.0687
         0
         0
    0.0000
         0
    0.0167
    0.0427
         0
         0
    0.0000
         0
         0
    0.0000
    0.0141
    0.0170
         0
    0.0435
    0.0039
    0.0000
    0.0059
         0
    1.0000

  -1.0000e+09

    3.2093

End of this iteration
x-value
    0.0000
    2.4526
    2.1586
    2.4510
    2.7910
    1.1175
         0
    0.1167
         0
    0.0000
    0.0000
    0.1130
    0.0611
         0
    0.0310
         0
         0
    0.0451
    0.0000
         0
    0.0132
    0.0466
         0
    0.0000
    0.0000
    0.0003
         0
         0
    0.0032
    0.0000
         0
    0.0371
    0.0000
         0
    0.0161
    0.0121
    1.0000

  -1.0000e+09

    3.2001

End of this iteration
x-value
    0.0000
    2.4649
    2.1645
    2.4378
    2.8409
    0.5511
         0
    0.1084
    0.0000
         0
         0
    0.3408
    0.0492
    0.0000
    0.0325
         0
    0.0000
    0.0000
         0
         0
    0.0008
    0.0417
    0.0000
    0.0000
    0.0000
         0
         0
         0
    0.0000
         0
         0
    0.0311
    0.0000
         0
    0.0051
    0.0152
    1.0000

  -1.0000e+09

    3.1957

End of this iteration
x-value
    0.0000
    2.4593
    2.1665
    2.4377
    2.8416
    0.4720
         0
    0.1117
         0
    0.0000
         0
    0.3677
    0.0723
         0
    0.0328
    0.0000
         0
         0
         0
         0
    0.0197
    0.0451
    0.0000
    0.0000
         0
    0.0017
         0
         0
    0.0061
         0
    0.0000
    0.0372
         0
    0.0000
    0.0133
    0.0127
    1.0000

  -1.0000e+09

    3.1962

End of this iteration
x-value
         0
    2.4827
    2.1908
    2.4341
    2.9036
    0.2892
    0.0000
    0.1138
         0
         0
    0.0000
    0.4362
    0.0608
    0.0000
    0.0341
    0.0113
         0
         0
    0.0000
    0.0000
    0.0156
    0.0473
         0
         0
    0.0000
    0.0219
    0.0000
         0
         0
         0
         0
         0
    0.0000
    0.0000
    0.0197
    0.0123
    1.0000

  -1.0000e+09

    3.1803

End of this iteration
x-value
         0
    2.4815
    2.1759
    2.4382
    2.8682
    0.4479
    0.0000
    0.0983
         0
         0
         0
    0.3779
    0.0606
    0.0000
    0.0308
    0.0000
         0
         0
         0
         0
    0.0147
    0.0465
         0
    0.0000
    0.0000
    0.0131
         0
         0
         0
         0
         0
    0.0148
         0
    0.0000
    0.0194
    0.0122
    1.0000

  -1.0000e+09

    3.1871

End of this iteration
x-value
    0.0000
    2.4711
    2.1718
    2.4425
    2.8520
    0.5024
         0
    0.1072
         0
         0
    0.0000
    0.3587
    0.0618
    0.0000
    0.0321
    0.0000
         0
         0
    0.0000
    0.0000
    0.0120
    0.0430
    0.0000
    0.0000
    0.0000
         0
    0.0000
    0.0000
    0.0000
         0
         0
    0.0364
         0
    0.0000
    0.0189
    0.0120
    1.0000

  -1.0000e+09

    2.8143

End of this iteration
x-value
    0.0000
    2.4868
    2.1608
    2.4277
    2.8419
    0.7614
         0
    0.0708
    0.0000
         0
    0.0000
    0.2682
    0.0627
         0
    0.0287
         0
    0.0000
         0
         0
    0.0000
    0.0136
    0.0258
    0.0000
         0
         0
         0
         0
    0.0000
    0.0000
    0.0000
         0
    0.0360
    0.0062
         0
         0
    0.0156
    1.0000

  -1.0000e+09

    2.8180

End of this iteration
x-value
         0
    2.4815
    2.1759
    2.4382
    2.8682
    0.4479
         0
    0.0983
    0.0000
    0.0000
    0.0000
    0.3779
    0.0606
    0.0000
    0.0308
    0.0000
    0.0000
         0
    0.0000
         0
    0.0147
    0.0465
    0.0000
         0
         0
    0.0131
         0
         0
         0
         0
    0.0000
    0.0148
    0.0000
    0.0000
    0.0194
    0.0122
    1.0000

  -1.0000e+09

    3.1871

End of this iteration
x-value
    0.0000
    2.4815
    2.1759
    2.4382
    2.8682
    0.4479
    0.0000
    0.0983
         0
    0.0000
    0.0000
    0.3779
    0.0606
    0.0000
    0.0308
         0
         0
    0.0000
    0.0000
    0.0000
    0.0147
    0.0465
    0.0000
    0.0000
         0
    0.0131
         0
    0.0000
         0
    0.0000
         0
    0.0148
         0
         0
    0.0194
    0.0122
    1.0000

  -1.0000e+09

    3.1871

End of this iteration
x-value
    0.7946
    1.4716
    2.2617
    2.2198
    3.4226
    0.3915
    0.1348
         0
    0.0000
    0.0000
         0
    0.4147
    0.0418
         0
    0.0820
    0.0000
         0
    0.0000
    0.0119
    0.0266
    0.0045
    0.0534
    0.0000
         0
         0
    0.0078
         0
         0
    0.0000
         0
         0
    0.0000
         0
    0.0000
    0.0134
    0.0142
    1.0000

  -1.0000e+09

    2.9512

End of this iteration
x-value
         0
    2.4815
    2.1759
    2.4382
    2.8682
    0.4479
         0
    0.0983
         0
    0.0000
    0.0000
    0.3779
    0.0606
    0.0000
    0.0308
         0
         0
         0
    0.0000
    0.0000
    0.0147
    0.0465
         0
         0
         0
    0.0131
    0.0000
    0.0000
         0
    0.0000
         0
    0.0148
    0.0000
         0
    0.0194
    0.0122
    1.0000

  -1.0000e+09

    3.1871

End of this iteration
x-value
    0.0000
    2.5054
    2.1966
    2.4614
    2.8955
    0.4690
    0.0000
    0.0986
         0
         0
    0.0000
    0.3757
    0.0609
         0
    0.0309
         0
    0.0000
         0
    0.0000
         0
    0.0144
    0.0462
         0
         0
    0.0000
    0.0120
    0.0000
    0.0000
         0
    0.0000
         0
    0.0167
         0
    0.0000
    0.0194
    0.0122
    1.0000

  -1.0000e+09

    3.1708

End of this iteration
x-value
         0
    2.3857
    2.1643
    2.4686
    2.7049
    0.7095
         0
    0.2204
    0.0000
         0
         0
    0.2697
         0
    0.0000
    0.0022
         0
         0
    0.0139
    0.0000
         0
    0.0236
    0.0450
    0.0000
    0.0000
    0.0000
    0.0017
    0.0000
    0.0000
    0.0060
    0.0000
    0.0000
    0.0382
         0
    0.0000
    0.0135
    0.0125
    1.0000

  -1.0000e+09

    3.2120

End of this iteration
x-value
    0.0000
    2.4815
    2.1759
    2.4382
    2.8682
    0.4479
    0.0000
    0.0983
         0
         0
    0.0000
    0.3779
    0.0606
    0.0000
    0.0308
         0
         0
         0
         0
    0.0000
    0.0147
    0.0465
    0.0000
         0
    0.0000
    0.0131
    0.0000
    0.0000
         0
         0
         0
    0.0148
    0.0000
         0
    0.0194
    0.0122
    1.0000

  -1.0000e+09

    3.1871

End of this iteration
x-value
    0.0000
    2.4815
    2.1759
    2.4382
    2.8682
    0.4479
         0
    0.0983
         0
         0
    0.0000
    0.3779
    0.0606
    0.0000
    0.0308
         0
    0.0000
         0
         0
    0.0000
    0.0147
    0.0465
    0.0000
    0.0000
         0
    0.0131
    0.0000
         0
         0
         0
    0.0000
    0.0148
         0
    0.0000
    0.0194
    0.0122
    1.0000

  -1.0000e+09

    3.1871

End of this iteration
x-value
    0.7423
    1.6578
    2.2511
    2.2467
    3.4083
    0.3024
    0.0000
    0.0000
    0.0000
    0.0000
         0
    0.4467
    0.0916
    0.0000
    0.0679
    0.0000
         0
    0.0000
         0
    0.0000
    0.0101
    0.0606
    0.0000
         0
         0
    0.0259
    0.0000
         0
         0
         0
    0.0000
    0.0242
         0
    0.0000
    0.0098
    0.0159
    1.0000

  -1.0000e+09

    2.9592

End of this iteration
x-value
    0.0000
    2.4815
    2.1759
    2.4382
    2.8682
    0.4479
         0
    0.0983
    0.0000
    0.0000
    0.0000
    0.3779
    0.0606
    0.0000
    0.0308
         0
         0
         0
         0
         0
    0.0147
    0.0465
    0.0000
    0.0000
    0.0000
    0.0131
         0
         0
         0
    0.0000
    0.0000
    0.0148
    0.0000
         0
    0.0194
    0.0122
    1.0000

  -1.0000e+09

    3.1871

End of this iteration
x-value
         0
    2.5549
    2.1890
    2.3637
    2.9989
    0.4479
         0
    0.0000
    0.0000
         0
    0.0000
    0.3788
    0.0834
         0
    0.0359
         0
    0.0000
    0.0006
    0.0000
    0.0000
    0.0195
    0.0473
    0.0000
         0
    0.0000
    0.0228
    0.0000
    0.0000
    0.0000
         0
         0
    0.0000
    0.0000
    0.0000
    0.0205
    0.0095
    1.0000

  -1.0000e+09

    3.1710

End of this iteration
x-value
    0.0000
    2.4642
    2.1659
    2.4365
    2.8438
    0.5022
         0
    0.1076
    0.0000
         0
    0.0000
    0.3574
    0.0609
         0
    0.0322
    0.0000
         0
         0
         0
    0.0000
    0.0111
    0.0429
    0.0000
    0.0000
         0
         0
    0.0000
         0
         0
    0.0000
         0
    0.0360
         0
    0.0000
    0.0177
    0.0123
    1.0000

  -1.0000e+09

    3.1954

End of this iteration
x-value
    0.0000
    2.4627
    2.1649
    2.4385
    2.8364
    0.5901
    0.0000
    0.1087
    0.0000
         0
         0
    0.3223
    0.0611
    0.0000
    0.0320
    0.0000
    0.0000
    0.0066
         0
    0.0000
    0.0116
    0.0434
    0.0000
         0
    0.0000
    0.0000
    0.0000
         0
         0
         0
         0
    0.0363
    0.0000
    0.0000
    0.0189
    0.0120
    1.0000

  -1.0000e+09

    3.1960

End of this iteration
x-value
    0.0000
    2.4978
    2.1500
    2.6060
    2.7320
    0.6742
    0.0000
    0.0904
    0.0000
    0.0000
         0
    0.2949
    0.0673
         0
    0.0364
         0
    0.0000
    0.0205
    0.0000
         0
    0.0185
    0.0485
    0.0000
    0.0000
         0
    0.0227
    0.0000
    0.0000
    0.0000
         0
    0.0000
    0.0000
         0
         0
    0.0206
    0.0094
    1.0000

  -1.0000e+09

    3.1814

End of this iteration
x-value
         0
    2.4815
    2.1759
    2.4382
    2.8682
    0.4479
    0.0000
    0.0983
         0
    0.0000
         0
    0.3779
    0.0606
         0
    0.0308
         0
         0
         0
         0
    0.0000
    0.0147
    0.0465
    0.0000
         0
    0.0000
    0.0131
    0.0000
         0
    0.0000
         0
    0.0000
    0.0148
         0
    0.0000
    0.0194
    0.0122
    1.0000

  -1.0000e+09

    3.1871

End of this iteration
x-value
         0
    2.4808
    2.1911
    2.4338
    2.9035
    0.2908
         0
    0.1166
    0.0000
         0
         0
    0.4359
    0.0605
    0.0000
    0.0346
    0.0126
         0
         0
    0.0000
         0
    0.0149
    0.0462
    0.0000
    0.0000
         0
    0.0200
         0
    0.0000
         0
    0.0000
    0.0091
         0
         0
    0.0000
    0.0195
    0.0122
    1.0000

  -1.0000e+09

    3.1805

End of this iteration
x-value
    0.0000
    2.4815
    2.1759
    2.4382
    2.8682
    0.4479
         0
    0.0983
    0.0000
         0
         0
    0.3779
    0.0606
         0
    0.0308
         0
    0.0000
    0.0000
         0
         0
    0.0147
    0.0465
    0.0000
         0
         0
    0.0131
         0
         0
         0
         0
         0
    0.0148
    0.0000
         0
    0.0194
    0.0122
    1.0000

  -1.0000e+09

    3.1871

End of this iteration
x-value
         0
    3.5805
    1.7483
    2.4921
    2.5531
    1.1357
         0
    0.0000
    0.1496
         0
         0
    0.0650
    0.0359
         0
    0.0000
    0.0615
         0
    0.0993
    0.0085
    0.0000
    0.0000
    0.0438
    0.0000
         0
         0
    0.0240
         0
    0.0000
         0
         0
         0
         0
    0.0310
         0
    0.0250
    0.0120
    1.0000

  -1.0000e+09

    2.6015

End of this iteration
x-value
    0.0000
    4.4540
    2.4665
    0.8945
    2.6221
    0.6230
    0.0000
         0
         0
    0.4167
    0.0000
    0.1800
         0
    0.0000
    0.0250
    0.0000
    0.0000
    0.0995
    0.0000
         0
    0.0084
    0.0523
    0.0000
         0
         0
    0.0212
    0.0000
    0.0000
    0.0000
    0.0000
         0
         0
    0.0000
    0.0000
    0.0198
    0.0117
    1.0000

  -1.0000e+09

    4.2194

End of this iteration
x-value
         0
    2.1905
    2.5969
    1.3254
    4.0318
    0.9081
         0
    0.6886
    0.0000
    0.0580
    0.0000
    0.0656
    0.0476
    0.0000
    0.0923
    0.3241
    0.0000
    0.2707
         0
         0
    0.0278
    0.0059
    0.0000
    0.0000
    0.0000
    0.0066
    0.0000
    0.0000
    0.0139
    0.0000
    0.0000
    0.0359
    0.0000
    0.0000
    0.0066
    0.0006
    1.0000

  -1.0000e+09

    5.6404

End of this iteration
x-value
         0
    2.6401
    2.3388
    2.4094
    2.4726
    1.1063
    0.0000
    0.0753
         0
         0
    0.0000
    0.0780
    0.0545
    0.0000
    0.0024
    0.0155
         0
    0.0648
    0.0000
    0.0000
    0.0298
    0.0450
    0.0000
    0.0000
         0
    0.0244
         0
    0.0000
         0
    0.0000
         0
    0.0001
         0
         0
    0.0213
    0.0072
    1.0000

  -1.0000e+09

    3.0859

End of this iteration
x-value
         0
    2.6423
    2.3404
    2.4086
    2.4717
    1.1053
    0.0000
    0.0739
    0.0000
         0
    0.0000
    0.0788
    0.0553
         0
    0.0010
    0.0145
         0
    0.0635
    0.0000
    0.0000
    0.0320
    0.0444
    0.0000
    0.0000
    0.0000
    0.0249
    0.0000
         0
    0.0000
         0
         0
    0.0000
    0.0000
         0
    0.0214
    0.0069
    1.0000

  -1.0000e+09

    3.0849

End of this iteration
x-value
    0.8049
    1.4704
    2.2566
    2.2329
    3.3884
    0.4488
    0.1129
         0
         0
         0
    0.0000
    0.3942
    0.0436
    0.0428
    0.0762
         0
         0
         0
         0
    0.0000
    0.0028
    0.0504
    0.0000
         0
         0
    0.0182
         0
    0.0000
         0
         0
         0
         0
         0
         0
    0.0123
    0.0142
    1.0000

  -1.0000e+09

    2.9514

End of this iteration
x-value
    0.0000
    2.8693
    2.1202
    2.4956
    2.1690
    0.0000
         0
    0.2744
    0.0000
    0.0000
    0.0000
    0.2807
         0
    0.0000
         0
    0.0000
         0
    0.0165
    0.0000
    0.0000
    0.0051
    0.0543
         0
         0
         0
    0.0000
    0.0145
         0
    0.0174
    0.0193
         0
    0.0469
         0
    0.0000
         0
         0
    1.0000

  -1.0000e+09

   26.2325

End of this iteration
x-value
         0
    2.3954
    2.1771
    2.4161
    2.8263
    0.9351
         0
    0.2008
         0
         0
         0
    0.2199
    0.0694
    0.0000
    0.0459
    0.0515
         0
         0
    0.0000
    0.0000
    0.0178
    0.0361
         0
    0.0000
         0
    0.0000
    0.0000
    0.0000
    0.0065
    0.0000
         0
    0.0405
    0.0019
    0.0000
    0.0126
    0.0124
    1.0000

  -1.0000e+09

    3.2061

End of this iteration
x-value
         0
    2.4522
    2.1593
    2.4507
    2.7882
    1.1578
    0.0000
    0.1157
    0.0000
    0.0000
    0.0000
    0.0957
    0.0691
         0
    0.0300
         0
    0.0000
    0.0499
    0.0000
    0.0000
    0.0222
    0.0493
    0.0000
         0
         0
    0.0029
         0
    0.0000
    0.0103
    0.0000
         0
    0.0371
         0
         0
    0.0096
    0.0129
    1.0000

  -1.0000e+09

    3.2001

End of this iteration
x-value
    0.0000
    2.4815
    2.1759
    2.4382
    2.8682
    0.4479
         0
    0.0983
    0.0000
         0
    0.0000
    0.3779
    0.0606
         0
    0.0308
         0
         0
         0
         0
         0
    0.0147
    0.0465
         0
    0.0000
    0.0000
    0.0131
    0.0000
    0.0000
         0
         0
    0.0000
    0.0148
    0.0000
         0
    0.0194
    0.0122
    1.0000

  -1.0000e+09

    3.1871

End of this iteration
x-value
         0
    2.2469
    1.7884
    2.3514
    3.7027
    0.0000
    0.0000
    0.0766
    0.1903
    0.0000
         0
    0.5954
    0.0858
    0.0000
         0
    0.0655
         0
         0
    0.0000
    0.0000
    0.0202
    0.0390
    0.0000
         0
         0
    0.0218
         0
    0.0000
         0
         0
         0
    0.0000
    0.0000
         0
    0.0193
    0.0119
    1.0000

  -1.0000e+09

    3.3802

End of this iteration
x-value
         0
    2.4815
    2.1759
    2.4382
    2.8682
    0.4479
    0.0000
    0.0983
         0
         0
    0.0000
    0.3779
    0.0606
         0
    0.0308
         0
         0
         0
    0.0000
    0.0000
    0.0147
    0.0465
         0
         0
    0.0000
    0.0131
         0
         0
         0
    0.0000
         0
    0.0148
         0
         0
    0.0194
    0.0122
    1.0000

  -1.0000e+09

    3.1871

End of this iteration
x-value
         0
    2.4711
    2.1718
    2.4425
    2.8520
    0.5024
    0.0000
    0.1072
         0
         0
    0.0000
    0.3587
    0.0618
    0.0000
    0.0321
         0
    0.0000
         0
         0
    0.0000
    0.0120
    0.0430
         0
         0
         0
    0.0000
         0
    0.0000
         0
         0
         0
    0.0364
    0.0000
    0.0000
    0.0189
    0.0120
    1.0000

  -1.0000e+09

    3.1908

End of this iteration
x-value
         0
    3.6258
    1.7340
    2.4647
    2.5756
    1.1361
    0.0000
    0.0000
    0.1634
    0.0000
         0
    0.0545
    0.0328
         0
         0
    0.0857
    0.0000
    0.1179
    0.0095
    0.0000
         0
    0.0414
         0
    0.0000
         0
    0.0232
         0
    0.0000
    0.0000
         0
         0
         0
    0.0272
    0.0000
    0.0242
    0.0117
    1.0000

  -1.0000e+09

    2.5757

End of this iteration
x-value
    0.0000
    3.6114
    1.7254
    2.4720
    2.6193
    1.1415
         0
    0.0000
    0.1764
    0.0000
    0.0000
    0.0561
    0.0456
    0.0000
    0.0000
    0.0887
         0
    0.1199
    0.0059
    0.0000
         0
    0.0412
    0.0000
         0
    0.0000
    0.0233
         0
         0
         0
         0
    0.0000
    0.0000
    0.0266
    0.0000
    0.0241
    0.0116
    1.0000

  -1.0000e+09

    2.5835

End of this iteration
x-value
         0
    2.5056
    2.4715
    2.1699
    2.6084
    1.0179
    0.1503
    0.1540
         0
    0.0000
         0
    0.1077
    0.0093
    0.0000
         0
         0
    0.0000
    0.0402
    0.0000
         0
    0.0308
    0.0575
         0
    0.0000
    0.0000
    0.0000
    0.0000
    0.0000
    0.0222
    0.0184
    0.0000
    0.0501
    0.0069
    0.0000
    0.0000
         0
    1.0000

  -1.0000e+09

   16.5328

End of this iteration
x-value
    0.0000
    2.1857
    2.2676
    2.4415
    2.6059
    0.0000
         0
    0.5753
         0
         0
         0
    0.2980
    0.0000
         0
    0.0013
    0.0309
    0.0000
    0.0708
    0.0000
    0.0000
    0.0403
    0.0892
         0
    0.0000
    0.0000
    0.0000
         0
    0.0000
    0.0129
    0.0244
         0
    0.0575
    0.0105
         0
         0
    0.0000
    1.0000

  -1.0000e+09

   14.6525

End of this iteration
x-value
    0.0000
    2.1303
    2.6904
    1.3410
    4.1604
    0.0000
    0.3532
    0.4250
    0.0000
         0
         0
    0.4916
    0.0196
         0
    0.0928
    0.1326
    0.0000
    0.0547
    0.0000
    0.0000
    0.0111
    0.0402
         0
         0
         0
    0.0000
         0
    0.0000
    0.0198
    0.0171
    0.0000
    0.0451
    0.0052
         0
    0.0004
    0.0000
    1.0000

  -1.0000e+09

    3.0745

End of this iteration
x-value
         0
    2.4815
    2.1759
    2.4382
    2.8682
    0.4479
    0.0000
    0.0983
    0.0000
    0.0000
         0
    0.3779
    0.0606
    0.0000
    0.0308
         0
    0.0000
         0
    0.0000
         0
    0.0147
    0.0465
         0
         0
         0
    0.0131
    0.0000
    0.0000
         0
    0.0000
    0.0000
    0.0148
    0.0000
    0.0000
    0.0194
    0.0122
    1.0000

  -1.0000e+09

    3.1871

End of this iteration
x-value
         0
    2.3026
    2.5063
    2.2393
    1.1638
    0.9651
         0
    0.6425
    0.0000
    0.0000
    0.2203
    0.0165
         0
    0.0000
    0.0000
    0.1626
    0.0000
    0.1480
         0
         0
    0.0327
    0.0423
    0.0030
    0.0000
    0.0000
    0.0000
         0
    0.0000
    0.0217
    0.0150
    0.0000
    0.0514
    0.0076
    0.0000
    0.0000
    0.0000
    1.0000

  -1.0000e+09

   31.6725

End of this iteration
x-value
    0.0000
    2.3680
    2.1408
    2.7164
    2.5180
         0
    0.0000
    0.2693
    0.0000
         0
         0
    0.4269
    0.0327
         0
         0
         0
         0
    0.0000
         0
    0.0000
    0.0332
    0.0642
         0
    0.0000
         0
         0
    0.0000
         0
    0.0182
    0.0206
    0.0000
    0.0522
    0.0081
    0.0000
         0
    0.0000
    1.0000

  -1.0000e+09

   11.9172

End of this iteration
x-value
    0.0000
    2.4644
    2.1661
    2.4363
    2.8442
    0.4980
    0.0000
    0.1073
    0.0000
         0
         0
    0.3588
    0.0618
    0.0000
    0.0321
         0
    0.0000
         0
         0
         0
    0.0120
    0.0430
         0
    0.0000
    0.0000
         0
    0.0000
         0
         0
         0
         0
    0.0364
         0
    0.0000
    0.0189
    0.0120
    1.0000

  -1.0000e+09

    3.1953

End of this iteration
x-value
    0.0000
    2.2120
    2.2624
    2.4524
    2.4226
    1.1259
         0
    0.5411
    0.0000
    0.0000
         0
    0.0638
    0.0000
         0
    0.0000
    0.1177
    0.0000
    0.0980
         0
         0
    0.0271
    0.0504
         0
    0.0341
         0
    0.0000
         0
         0
    0.0240
    0.0010
    0.0000
    0.0489
    0.0064
    0.0000
    0.0000
    0.0000
    1.0000

  -1.0000e+09

   16.2440

End of this iteration
x-value
         0
    2.4815
    2.1759
    2.4382
    2.8682
    0.4479
    0.0000
    0.0983
         0
    0.0000
    0.0000
    0.3779
    0.0606
         0
    0.0308
    0.0000
    0.0000
         0
         0
         0
    0.0147
    0.0465
         0
         0
         0
    0.0131
         0
    0.0000
         0
    0.0000
         0
    0.0148
    0.0000
         0
    0.0194
    0.0122
    1.0000

  -1.0000e+09

    3.1871

End of this iteration
x-value
    0.0000
    2.2114
    2.2059
    2.3698
    2.8322
    1.1597
    0.0000
    0.4554
    0.0000
         0
    0.0000
    0.0272
    0.0741
         0
    0.0866
    0.1583
         0
    0.1765
    0.0000
    0.0000
    0.0089
    0.0421
         0
    0.0000
    0.0000
         0
         0
    0.0000
    0.0211
    0.0123
    0.0000
    0.0434
    0.0045
    0.0000
    0.0000
         0
    1.0000

  -1.0000e+09

   10.9453

End of this iteration
x-value
         0
    2.4587
    2.1935
    2.4200
    2.9098
    0.3161
         0
    0.1428
    0.0000
    0.0000
    0.0000
    0.4304
    0.0677
         0
    0.0420
    0.0337
         0
         0
         0
    0.0000
    0.0130
    0.0257
         0
         0
         0
    0.0000
         0
    0.0000
    0.0000
    0.0000
    0.0029
    0.0374
    0.0089
    0.0000
    0.0000
    0.0159
    1.0000

  -1.0000e+09

    3.1849

End of this iteration
x-value
    0.0000
    2.4688
    2.1872
    2.4426
    2.8809
    0.3653
         0
    0.1265
         0
    0.0000
         0
    0.4097
    0.0704
    0.0000
    0.0355
    0.0110
         0
         0
         0
         0
    0.0194
    0.0436
         0
         0
         0
    0.0018
    0.0000
         0
    0.0064
         0
         0
    0.0372
    0.0000
    0.0000
    0.0129
    0.0126
    1.0000

  -1.0000e+09

    3.1843

End of this iteration
x-value
         0
    2.4815
    2.1759
    2.4382
    2.8682
    0.4479
         0
    0.0983
    0.0000
         0
         0
    0.3779
    0.0606
         0
    0.0308
         0
    0.0000
         0
    0.0000
    0.0000
    0.0147
    0.0465
    0.0000
    0.0000
    0.0000
    0.0131
         0
         0
         0
    0.0000
         0
    0.0148
    0.0000
         0
    0.0194
    0.0122
    1.0000

  -1.0000e+09

    3.1871

End of this iteration
x-value
    0.0000
    2.4815
    2.1759
    2.4382
    2.8682
    0.4479
    0.0000
    0.0983
         0
         0
    0.0000
    0.3779
    0.0606
         0
    0.0308
         0
    0.0000
         0
    0.0000
         0
    0.0147
    0.0465
    0.0000
         0
    0.0000
    0.0131
    0.0000
         0
         0
    0.0000
         0
    0.0148
         0
    0.0000
    0.0194
    0.0122
    1.0000

  -1.0000e+09

    3.1871

End of this iteration
x-value
    0.0000
    2.4561
    2.1604
    2.4470
    2.8062
    0.9433
    0.0000
    0.1142
    0.0000
    0.0000
    0.0000
    0.1824
    0.0586
         0
    0.0315
    0.0000
         0
    0.0320
         0
    0.0000
    0.0100
    0.0449
    0.0000
    0.0000
         0
         0
    0.0000
         0
         0
    0.0000
    0.0000
    0.0359
         0
    0.0000
    0.0190
    0.0119
    1.0000

  -1.0000e+09

    3.1988

End of this iteration
x-value
         0
    2.4522
    2.1829
    2.3859
    2.8656
    1.1910
         0
    0.1264
    0.0000
         0
         0
    0.0382
    0.0660
         0
    0.0253
         0
    0.0000
    0.0000
    0.0000
         0
    0.0229
    0.0526
    0.0000
         0
         0
    0.0000
    0.0000
         0
    0.0143
    0.0176
    0.0000
    0.0448
    0.0043
    0.0000
    0.0066
    0.0000
    1.0000

  -1.0000e+09

    6.1154

End of this iteration
x-value
         0
    2.4128
    2.1873
    2.4873
    2.7482
    0.5357
         0
    0.2184
         0
         0
    0.0000
    0.3446
         0
    0.0000
    0.0025
         0
    0.0000
         0
         0
    0.0000
    0.0230
    0.0438
    0.0000
         0
         0
    0.0014
    0.0000
    0.0000
    0.0048
         0
    0.0000
    0.0382
    0.0000
    0.0000
    0.0145
    0.0125
    1.0000

  -1.0000e+09

    3.1943

End of this iteration
x-value
         0
    2.4885
    2.1787
    2.4352
    2.8793
    0.4107
         0
    0.0923
         0
    0.0000
    0.0000
    0.3910
    0.0598
         0
    0.0298
         0
         0
    0.0000
    0.0000
    0.0000
    0.0165
    0.0489
         0
         0
         0
    0.0221
         0
         0
         0
         0
    0.0000
         0
    0.0000
    0.0000
    0.0198
    0.0123
    1.0000

  -1.0000e+09

    3.1846

End of this iteration
x-value
         0
    2.4885
    2.1787
    2.4352
    2.8793
    0.4107
    0.0000
    0.0923
         0
         0
         0
    0.3910
    0.0598
    0.0000
    0.0298
    0.0000
         0
         0
    0.0000
         0
    0.0165
    0.0489
         0
    0.0000
    0.0000
    0.0221
    0.0000
         0
         0
    0.0000
         0
         0
         0
    0.0000
    0.0198
    0.0123
    1.0000

  -1.0000e+09

    3.1846

End of this iteration
x-value
    0.0000
    2.4526
    2.1586
    2.4510
    2.7910
    1.1175
    0.0000
    0.1167
         0
    0.0000
    0.0000
    0.1130
    0.0611
    0.0000
    0.0310
         0
         0
    0.0451
         0
    0.0000
    0.0132
    0.0466
         0
    0.0000
         0
    0.0003
    0.0000
         0
    0.0032
         0
         0
    0.0371
    0.0000
         0
    0.0161
    0.0121
    1.0000

  -1.0000e+09

    3.2001

End of this iteration
x-value
    0.0000
    2.4128
    2.1873
    2.4873
    2.7482
    0.5357
         0
    0.2184
    0.0000
         0
    0.0000
    0.3446
         0
         0
    0.0025
         0
    0.0000
         0
         0
         0
    0.0230
    0.0438
    0.0000
         0
         0
    0.0014
         0
         0
    0.0048
    0.0000
         0
    0.0382
         0
         0
    0.0145
    0.0125
    1.0000

  -1.0000e+09

    3.1943

End of this iteration
x-value
         0
    2.5617
    2.1794
    2.3764
    2.9263
    0.9761
    0.0000
    0.0000
    0.0000
         0
    0.0000
         0
         0
         0
    0.0033
         0
         0
    0.2521
    0.0256
         0
    0.0298
    0.0393
         0
         0
         0
    0.0217
    0.0000
    0.0023
    0.0000
         0
         0
         0
         0
    0.0000
         0
    0.0000
    1.0000

  -1.0000e+09

    3.1737

End of this iteration
x-value
    0.0000
    2.5617
    2.1794
    2.3764
    2.9263
    0.9761
         0
         0
         0
    0.0000
         0
    0.0000
         0
         0
    0.0033
         0
    0.0000
    0.2521
    0.0256
         0
    0.0298
    0.0393
    0.0000
         0
    0.0000
    0.0217
         0
    0.0023
    0.0000
         0
         0
         0
         0
         0
         0
    0.0000
    1.0000

  -1.0000e+09

    3.1737

End of this iteration
x-value
    0.0000
    2.3898
    2.1678
    2.4730
    2.7086
    0.7292
    0.0000
    0.2205
    0.0000
         0
         0
    0.2630
    0.0000
         0
    0.0021
    0.0000
    0.0000
    0.0151
    0.0000
    0.0000
    0.0237
    0.0451
         0
    0.0000
    0.0000
    0.0018
         0
         0
    0.0061
    0.0000
    0.0000
    0.0382
    0.0000
    0.0000
    0.0134
    0.0125
    1.0000

  -1.0000e+09

    3.2092

End of this iteration
x-value
    0.0000
    2.2973
    2.1873
    2.4518
    2.6969
    1.0913
         0
    0.3551
         0
         0
         0
    0.1381
         0
    0.0000
    0.0197
    0.0633
         0
    0.0338
    0.0000
         0
    0.0262
    0.0466
         0
    0.0000
         0
         0
         0
         0
    0.0196
    0.0176
         0
    0.0479
    0.0058
         0
    0.0014
         0
    1.0000

  -1.0000e+09

    3.2212

End of this iteration
x-value
    0.0000
    2.6395
    2.3862
    2.3294
    2.5200
    1.0795
         0
    0.1095
    0.0000
         0
    0.0000
    0.0849
    0.0546
    0.0000
         0
    0.0294
         0
    0.0642
    0.0000
         0
    0.0311
    0.0351
    0.0000
    0.0000
         0
    0.0024
         0
    0.0000
    0.0000
    0.0000
    0.0000
    0.0382
         0
         0
    0.0194
    0.0110
    1.0000

  -1.0000e+09

    3.0718

End of this iteration
x-value
         0
    2.3654
    2.6225
    2.0941
    2.0956
    1.0307
    0.0000
    0.6676
         0
    0.0000
         0
         0
    0.0000
         0
    0.0000
    0.1906
         0
    0.1698
         0
         0
    0.0349
    0.0361
    0.0294
         0
         0
    0.0000
    0.0057
    0.0000
    0.0095
    0.0139
         0
    0.0456
         0
         0
    0.0048
    0.0000
    1.0000

  -1.0000e+09

   21.7400

End of this iteration
x-value
         0
    2.4815
    2.1759
    2.4382
    2.8682
    0.4479
         0
    0.0983
         0
         0
    0.0000
    0.3779
    0.0606
         0
    0.0308
         0
         0
         0
    0.0000
         0
    0.0147
    0.0465
    0.0000
    0.0000
         0
    0.0131
    0.0000
         0
         0
    0.0000
         0
    0.0148
    0.0000
         0
    0.0194
    0.0122
    1.0000

  -1.0000e+09

    3.1871

End of this iteration
x-value
    0.0000
    2.4863
    2.1764
    2.4344
    2.8744
    0.4359
         0
    0.0923
    0.0000
    0.0000
    0.0000
    0.3820
    0.0592
    0.0000
    0.0300
         0
    0.0000
    0.0000
    0.0000
         0
    0.0153
    0.0474
         0
         0
    0.0000
    0.0201
         0
    0.0000
    0.0000
         0
         0
    0.0000
         0
    0.0000
    0.0195
    0.0123
    1.0000

  -1.0000e+09

    3.1861

End of this iteration
x-value
         0
    2.4815
    2.1759
    2.4382
    2.8682
    0.4479
    0.0000
    0.0983
         0
         0
         0
    0.3779
    0.0606
         0
    0.0308
    0.0000
    0.0000
         0
    0.0000
         0
    0.0147
    0.0465
    0.0000
    0.0000
         0
    0.0131
         0
         0
    0.0000
    0.0000
         0
    0.0148
         0
    0.0000
    0.0194
    0.0122
    1.0000

  -1.0000e+09

    3.1871

End of this iteration
x-value
         0
    2.3044
    2.0986
    2.5516
    2.5819
    1.1675
    0.0000
    0.2564
         0
    0.0000
    0.0000
    0.0643
    0.0760
    0.0000
    0.0574
    0.0524
         0
    0.0963
         0
         0
    0.0173
    0.0545
         0
         0
    0.0000
    0.0000
         0
    0.0000
    0.0215
    0.0172
    0.0000
    0.0461
    0.0056
    0.0000
    0.0000
         0
    1.0000

  -1.0000e+09

   25.0252

End of this iteration
x-value
    0.0000
    2.4815
    2.1759
    2.4382
    2.8682
    0.4479
         0
    0.0983
    0.0000
         0
         0
    0.3779
    0.0606
    0.0000
    0.0308
         0
    0.0000
         0
         0
    0.0000
    0.0147
    0.0465
         0
         0
         0
    0.0131
    0.0000
         0
         0
    0.0000
    0.0000
    0.0148
    0.0000
         0
    0.0194
    0.0122
    1.0000

  -1.0000e+09

    3.1871

End of this iteration
x-value
    0.0000
    2.4815
    2.1759
    2.4382
    2.8682
    0.4479
         0
    0.0983
         0
    0.0000
    0.0000
    0.3779
    0.0606
         0
    0.0308
         0
    0.0000
         0
    0.0000
         0
    0.0147
    0.0465
         0
         0
    0.0000
    0.0131
    0.0000
         0
         0
    0.0000
         0
    0.0148
         0
    0.0000
    0.0194
    0.0122
    1.0000

  -1.0000e+09

    3.1871

End of this iteration
x-value
         0
    2.4845
    2.1861
    2.4418
    2.8843
    0.3638
         0
    0.1061
         0
         0
         0
    0.3992
    0.0647
    0.0000
    0.0298
    0.0000
    0.0000
    0.0120
         0
    0.0000
    0.0241
    0.0618
    0.0000
    0.0000
    0.0003
    0.0273
         0
         0
         0
    0.0000
         0
    0.0251
         0
    0.0000
    0.0202
    0.0135
    1.0000

  -1.0000e+09

    3.1817

End of this iteration
x-value
         0
    2.4614
    2.1694
    2.4127
    2.8734
    0.2964
         0
    0.1096
         0
    0.0000
    0.0000
    0.4285
    0.0611
         0
    0.0332
    0.0094
    0.0000
         0
         0
    0.0000
    0.0165
    0.0474
    0.0000
    0.0000
         0
    0.0221
         0
    0.0000
         0
         0
         0
    0.0000
         0
         0
    0.0197
    0.0123
    1.0000

  -1.0000e+09

    3.1962

End of this iteration
x-value
         0
    2.4581
    2.1649
    2.4291
    2.8355
    0.6385
         0
    0.1107
    0.0000
         0
         0
    0.2846
    0.0645
    0.0000
    0.0292
    0.0000
         0
    0.0338
    0.0000
         0
    0.0250
    0.0638
    0.0000
         0
    0.0001
    0.0280
         0
         0
    0.0000
    0.0003
    0.0000
    0.0253
         0
         0
    0.0228
    0.0126
    1.0000

  -1.0000e+09

    3.1980

End of this iteration
{Operation terminated by user during parallel.internal.parfor.ParforEngine/getCompleteIntervals


In parallel_function>distributed_execution (line 746)
        [tags, out] = P.getCompleteIntervals(chunkSize);

In parallel_function (line 578)
    R = distributed_execution(...

In ws3 (line 83)
    parfor i = 1:numVars

In out_max2>@(x,y)ws3(x,y,k,h,p,f,q,false) (line 34)
options6 = optimoptions('simulannealbnd','PlotFcns',{@saplotbestf,@saplottemperature,@saplotf,@saplotstopping},'AnnealingFcn', {@(x,y)ws3(x,y,k,h,p,f,q,false)},'InitialTemperature',initialTemp,'MaxIterations', 10);

In globaloptim.simulannealbnd.sanewpoint (line 17)
     newx(:) = options.AnnealingFcn(optimvalues,problem);

In globaloptim.simulannealbnd.saengine (line 29)
    solverData = globaloptim.simulannealbnd.sanewpoint(solverData,problem,options);

In globaloptim.simulannealbnd.driver (line 28)
solverData = globaloptim.simulannealbnd.saengine(solverData,problem,options);

In simulannealbnd (line 197)
    globaloptim.simulannealbnd.driver(FUN, x0, [], [], [], [], lb, ub, options, defaultopt);

In out_max2/globopt2 (line 82)
        [opt,fval,~,out] = simulannealbnd(opt_fxn, initialGuess, lb, ub,options);

In out_max2 (line 39)
[opt, fval] = globopt2(newey,options6,n,f_name,opt_fxn);

In CSIP_Solver_PDE/solve (line 71)
            [opt,fval] = out_max2(@(u) -1*obj.inner_minimization(u),f_name,obj.domain_dim,obj.constraint_dim,h,k,obj.constraint_bounds);

In solverPDE (line 88)
x_opt = obj.solve(h1,k1);
} 
solverPDE
Enter the number of dimensions (for x): 37
Do you want to enter separate bounds for each dimension? (Y/N): N
Enter lower bound : 0
Enter higher bound : 1000
Enter the number of dimensions (for u): 2
Do you want to enter separate bounds for each dimension? (Y/N): N
Enter lower bound : 0
Enter higher bound : 1
