Enter step-size : 0.2
Enter exploration-variable : 4
     1

x-value
    0.0000
    2.5800
    3.0726
    1.0374
    4.1752
         0
    0.0000
    0.0000
    0.0000
         0
         0
    0.0000
    0.0000
    0.0000
    0.0000
    0.0000
    0.0000
    0.0000
    0.0000
    0.0000
    0.0000
    0.0000
    0.0000
         0
    0.0000
    0.0000
    0.0000
         0
         0
    0.0000
    0.0000
         0
         0
    0.0000
    0.0000
         0
  274.1859

  -1.0000e+09

    3.1083

End of this iteration
x-value
         0
    2.5800
    3.0726
    1.0374
    4.1752
    0.0000
    0.0000
         0
    0.0000
         0
         0
         0
    0.0000
         0
         0
    0.0000
    0.0000
    0.0000
    0.0000
   -0.0000
         0
         0
    0.0000
         0
    0.0000
    0.0000
    0.0000
    0.0000
    0.0000
    0.0000
         0
    0.0000
    0.0000
    0.0000
    0.0000
    0.0000
  274.1859

  -1.0000e+09

    3.1083

End of this iteration
x-value
         0
    2.6344
    2.9929
    1.1207
    4.1165
    0.0000
    0.0000
    0.0000
    0.0000
    0.0000
    0.0000
         0
    0.0000
    0.0000
    0.0000
    0.0000
         0
    0.0000
         0
   -0.0000
    0.0000
         0
         0
    0.0000
    0.0000
    0.0000
         0
         0
    0.0000
    0.0000
         0
    0.0000
         0
    0.0000
    0.0000
    0.0000
  270.2893

  -1.0000e+09

    3.0827

End of this iteration
x-value
    0.0000
    2.5784
    3.0558
    1.1188
    4.1317
         0
    0.0000
         0
    0.0000
         0
    0.0000
    0.0000
         0
         0
    0.0000
         0
         0
         0
         0
         0
    0.0000
    0.0000
    0.0000
    0.0000
    0.0000
    0.0000
    0.0000
    0.0000
    0.0000
         0
    0.0000
         0
         0
    0.0000
    0.0000
         0
  231.2987

  -1.0000e+09

    3.1106

End of this iteration
x-value
    0.0000
    2.5800
    3.0726
    1.0374
    4.1752
         0
    0.0000
    0.0000
    0.0000
    0.0000
         0
    0.0000
         0
    0.0000
         0
    0.0000
    0.0000
    0.0000
         0
    0.0000
    0.0000
    0.0000
    0.0000
         0
         0
    0.0000
    0.0000
         0
         0
    0.0000
    0.0000
         0
         0
    0.0000
    0.0000
    0.0000
  274.1859

  -1.0000e+09

    3.1083

End of this iteration
x-value
    0.0000
    2.5776
    3.0570
    1.1175
    4.1331
    0.0000
         0
    0.0000
    0.0000
         0
    0.0000
    0.0000
    0.0000
         0
    0.0000
         0
         0
         0
         0
    0.0000
    0.0000
         0
         0
         0
         0
    0.0000
   -0.0000
         0
         0
    0.0000
   -0.0000
    0.0000
         0
    0.0000
    0.0000
         0
  270.0214

  -1.0000e+09

    3.1110

End of this iteration
x-value
    0.0000
    2.5800
    3.0726
    1.0374
    4.1752
    0.0000
         0
    0.0000
         0
    0.0000
    0.0000
         0
    0.0000
         0
    0.0000
         0
    0.0000
         0
    0.0000
    0.0000
    0.0000
    0.0000
    0.0000
         0
         0
         0
         0
    0.0000
   -0.0000
    0.0000
         0
    0.0000
    0.0000
         0
   -0.0000
    0.0000
  274.1859

  -1.0000e+09

    3.1083

End of this iteration
x-value
    0.0000
    2.8075
    2.7936
    1.2690
    4.0691
   -0.0000
         0
    0.0000
    0.0000
    0.0000
    0.0000
         0
    0.0000
         0
   -0.0000
    0.0000
    0.0000
    0.0000
    0.0000
         0
    0.0000
    0.0000
    0.0000
         0
    0.0000
    0.0000
    0.0000
    0.0000
         0
    0.0000
         0
   -0.0000
         0
         0
         0
    0.0000
  270.2738

  -1.0000e+09

    2.9963

End of this iteration
x-value
         0
    2.5800
    3.0726
    1.0374
    4.1752
    0.0000
    0.0000
         0
         0
    0.0000
         0
    0.0000
         0
    0.0000
         0
         0
    0.0000
         0
    0.0000
    0.0000
    0.0000
    0.0000
         0
         0
    0.0000
    0.0000
    0.0000
    0.0000
         0
         0
         0
         0
    0.0000
    0.0000
         0
         0
  274.1859

  -1.0000e+09

    3.1083

End of this iteration
x-value
    0.0000
    2.5800
    3.0726
    1.0374
    4.1752
    0.0000
         0
         0
         0
    0.0000
   -0.0000
    0.0000
         0
    0.0000
    0.0000
    0.0000
    0.0000
         0
    0.0000
    0.0000
    0.0000
         0
    0.0000
    0.0000
         0
    0.0000
    0.0000
    0.0000
         0
         0
    0.0000
    0.0000
    0.0000
         0
         0
   -0.0000
  274.1860

  -1.0000e+09

    3.1083

End of this iteration
x-value
         0
    2.7495
    2.8705
    1.2240
    4.0881
         0
         0
    0.0000
   -0.0000
    0.0000
         0
         0
    0.0000
    0.0000
    0.0000
    0.0000
    0.0000
    0.0000
         0
         0
         0
    0.0000
         0
         0
    0.0000
         0
    0.0000
         0
         0
    0.0000
   -0.0000
    0.0000
    0.0000
    0.0000
    0.0000
         0
  270.2000

  -1.0000e+09

    3.0243

End of this iteration
x-value
    0.0000
    2.7216
    2.8674
    1.2432
    4.0577
         0
         0
         0
    0.0000
    0.0000
         0
    0.0000
    0.0000
         0
    0.0000
         0
         0
    0.0000
         0
         0
    0.0000
         0
         0
    0.0000
    0.0000
         0
         0
    0.0000
    0.0000
    0.0000
    0.0000
    0.0000
         0
    0.0000
    0.0000
         0
  267.3720

  -1.0000e+09

    3.0415

End of this iteration
x-value
         0
    2.5800
    3.0726
    1.0374
    4.1752
    0.0000
         0
    0.0000
    0.0000
    0.0000
         0
         0
    0.0000
         0
         0
    0.0000
    0.0000
    0.0000
         0
    0.0000
         0
         0
    0.0000
    0.0000
   -0.0000
    0.0000
         0
    0.0000
    0.0000
         0
         0
    0.0000
    0.0000
    0.0000
         0
    0.0000
  274.1859

  -1.0000e+09

    3.1083

End of this iteration
x-value
         0
    2.8118
    2.7290
    1.4156
    3.8491
         0
    0.0000
    0.0000
    0.0000
         0
    0.0000
    0.0000
    0.0000
    0.0000
    0.0000
         0
    0.0000
    0.0000
         0
    0.0000
         0
         0
    0.0000
    0.0000
         0
    0.0000
         0
         0
    0.0000
         0
         0
    0.0000
    0.0000
    0.0000
    0.0000
    0.0000
  250.3989

  -1.0000e+09

    2.9995

End of this iteration
x-value
         0
    2.5127
    3.0591
    1.0489
    4.1701
    0.0000
         0
    0.0000
    0.0000
         0
    0.0000
    0.0000
         0
         0
    0.0000
         0
         0
    0.0000
         0
    0.0000
         0
    0.0000
    0.0000
    0.0000
         0
    0.0000
    0.0000
         0
         0
    0.0000
   -0.0000
    0.0000
         0
    0.0000
    0.0000
    0.0000
  274.2558

  -1.0000e+09

    3.1506

End of this iteration
x-value
    0.0000
    2.5800
    3.0726
    1.0374
    4.1752
    0.0000
         0
    0.0000
         0
         0
    0.0000
         0
    0.0000
         0
         0
         0
    0.0000
         0
    0.0000
         0
    0.0000
    0.0000
    0.0000
    0.0000
    0.0000
   -0.0000
    0.0000
    0.0000
         0
    0.0000
    0.0000
         0
         0
         0
         0
    0.0000
  274.1859

  -1.0000e+09

    3.1083

End of this iteration
x-value
         0
    2.5800
    3.0726
    1.0374
    4.1752
    0.0000
    0.0000
         0
    0.0000
         0
    0.0000
    0.0000
         0
         0
         0
         0
    0.0000
         0
    0.0000
    0.0000
         0
         0
    0.0000
    0.0000
   -0.0000
         0
    0.0000
    0.0000
         0
    0.0000
    0.0000
    0.0000
    0.0000
         0
         0
    0.0000
  274.1859

  -1.0000e+09

    3.1083

End of this iteration
x-value
    0.0000
    2.5800
    3.0726
    1.0374
    4.1752
    0.0000
         0
    0.0000
         0
    0.0000
    0.0000
    0.0000
    0.0000
    0.0000
    0.0000
    0.0000
    0.0000
    0.0000
         0
         0
    0.0000
         0
    0.0000
    0.0000
         0
    0.0000
    0.0000
         0
         0
    0.0000
    0.0000
         0
    0.0000
         0
    0.0000
    0.0000
  274.1859

  -1.0000e+09

    3.1083

End of this iteration
x-value
    0.0000
    2.5800
    3.0726
    1.0374
    4.1752
    0.0000
    0.0000
    0.0000
    0.0000
         0
         0
         0
    0.0000
    0.0000
         0
         0
    0.0000
    0.0000
         0
    0.0000
         0
    0.0000
         0
    0.0000
    0.0000
         0
         0
         0
         0
    0.0000
    0.0000
         0
         0
    0.0000
    0.0000
         0
  274.1859

  -1.0000e+09

    3.1083

End of this iteration
x-value
         0
    2.4213
    3.2728
    0.9386
    4.2140
         0
         0
    0.0000
    0.0000
         0
    0.0000
    0.0000
         0
   -0.0000
    0.0000
         0
    0.0000
    0.0000
   -0.0000
    0.0000
    0.0000
         0
    0.0000
         0
    0.0000
    0.0000
    0.0000
    0.0000
         0
         0
    0.0000
    0.0000
         0
    0.0000
         0
         0
  272.8738

  -1.0000e+09

    3.1856

End of this iteration
x-value
         0
    2.5800
    3.0726
    1.0374
    4.1752
    0.0000
    0.0000
    0.0000
         0
    0.0000
    0.0000
         0
   -0.0000
    0.0000
    0.0000
         0
         0
         0
    0.0000
    0.0000
         0
         0
         0
    0.0000
    0.0000
         0
    0.0000
   -0.0000
         0
         0
    0.0000
    0.0000
    0.0000
    0.0000
    0.0000
    0.0000
  274.1859

  -1.0000e+09

    3.1083

End of this iteration
x-value
    0.0000
    2.5800
    3.0726
    1.0374
    4.1752
         0
         0
         0
    0.0000
    0.0000
    0.0000
    0.0000
    0.0000
    0.0000
         0
    0.0000
         0
    0.0000
    0.0000
    0.0000
         0
    0.0000
         0
   -0.0000
    0.0000
         0
         0
    0.0000
    0.0000
    0.0000
         0
         0
         0
    0.0000
         0
    0.0000
  274.1859

  -1.0000e+09

    3.1083

End of this iteration
x-value
         0
    2.5800
    3.0726
    1.0374
    4.1752
         0
    0.0000
    0.0000
         0
         0
         0
         0
         0
    0.0000
         0
    0.0000
         0
    0.0000
         0
         0
    0.0000
         0
    0.0000
    0.0000
    0.0000
         0
         0
    0.0000
         0
         0
         0
         0
    0.0000
    0.0000
    0.0000
    0.0000
  274.1859

  -1.0000e+09

    3.1083

End of this iteration
x-value
         0
    2.5994
    3.0434
    1.0714
    4.1401
         0
    0.0000
    0.0000
    0.0000
    0.0000
    0.0000
    0.0000
    0.0000
   -0.0000
    0.0000
         0
         0
    0.0000
         0
    0.0000
    0.0000
    0.0000
         0
         0
         0
    0.0000
         0
    0.0000
    0.0000
    0.0000
    0.0000
    0.0000
         0
         0
         0
         0
  271.4628

  -1.0000e+09

    3.0993

End of this iteration
x-value
    0.0000
    2.5800
    3.0726
    1.0374
    4.1752
   -0.0000
    0.0000
         0
    0.0000
    0.0000
         0
    0.0000
    0.0000
    0.0000
   -0.0000
    0.0000
    0.0000
    0.0000
         0
    0.0000
         0
         0
         0
         0
    0.0000
         0
         0
         0
    0.0000
         0
         0
         0
         0
    0.0000
    0.0000
         0
  274.1860

  -1.0000e+09

    3.1083

End of this iteration
x-value
         0
    2.5994
    3.0434
    1.0714
    4.1401
         0
    0.0000
         0
         0
         0
         0
         0
    0.0000
    0.0000
         0
    0.0000
    0.0000
    0.0000
    0.0000
         0
    0.0000
   -0.0000
    0.0000
    0.0000
         0
         0
         0
    0.0000
         0
    0.0000
    0.0000
         0
    0.0000
    0.0000
    0.0000
    0.0000
  271.4628

  -1.0000e+09

    3.0993

End of this iteration
x-value
         0
    2.5800
    3.0726
    1.0374
    4.1752
    0.0000
   -0.0000
         0
    0.0000
         0
         0
    0.0000
    0.0000
    0.0000
    0.0000
         0
    0.0000
         0
    0.0000
         0
         0
         0
         0
    0.0000
         0
         0
    0.0000
    0.0000
    0.0000
         0
         0
         0
         0
         0
         0
    0.0000
  274.1859

  -1.0000e+09

    3.1083

End of this iteration
x-value
         0
    2.5836
    3.0492
    1.1221
    4.1312
         0
         0
         0
         0
    0.0000
         0
         0
    0.0000
    0.0000
         0
    0.0000
         0
         0
    0.0000
    0.0000
    0.0000
         0
    0.0000
         0
    0.0000
    0.0000
         0
         0
    0.0000
         0
    0.0000
         0
         0
         0
    0.0000
    0.0000
  270.0271

  -1.0000e+09

    3.1081

End of this iteration
x-value
    0.0000
    2.8182
    2.7386
    1.3324
    4.0380
         0
    0.0000
         0
         0
    0.0000
    0.0000
    0.0000
    0.0000
    0.0000
         0
         0
         0
    0.0000
         0
         0
    0.0000
    0.0000
         0
    0.0000
    0.0000
    0.0000
    0.0000
         0
    0.0000
         0
         0
         0
    0.0000
    0.0000
         0
         0
  268.4961

  -1.0000e+09

    2.9950

End of this iteration
x-value
    0.0000
    2.4213
    3.2728
    0.9386
    4.2140
         0
         0
    0.0000
    0.0000
         0
         0
    0.0000
         0
         0
         0
         0
         0
    0.0000
         0
         0
    0.0000
         0
         0
    0.0000
    0.0000
         0
         0
         0
    0.0000
    0.0000
         0
         0
    0.0000
    0.0000
         0
         0
  283.3228

  -1.0000e+09

    3.1856

End of this iteration
x-value
    0.0000
    2.5800
    3.0726
    1.0374
    4.1752
    0.0000
         0
    0.0000
         0
         0
    0.0000
    0.0000
         0
    0.0000
    0.0000
    0.0000
    0.0000
         0
         0
    0.0000
    0.0000
    0.0000
         0
    0.0000
         0
    0.0000
    0.0000
    0.0000
    0.0000
    0.0000
         0
    0.0000
    0.0000
    0.0000
   -0.0000
         0
  274.1859

  -1.0000e+09

    3.1083

End of this iteration
x-value
         0
    2.7593
    2.8096
    1.3152
    3.9705
    0.0000
    0.0000
         0
    0.0000
    0.0000
    0.0000
         0
         0
         0
    0.0000
    0.0000
    0.0000
    0.0000
    0.0000
    0.0000
    0.0000
         0
         0
    0.0000
         0
    0.0000
    0.0000
         0
    0.0000
         0
         0
         0
    0.0000
         0
    0.0000
    0.0000
  260.2810

  -1.0000e+09

    3.0240

End of this iteration
x-value
    0.0000
    2.6303
    3.0091
    1.0687
    4.1628
    0.0000
    0.0000
         0
         0
         0
    0.0000
         0
    0.0000
   -0.0000
         0
         0
         0
    0.0000
         0
    0.0000
         0
         0
    0.0000
    0.0000
         0
    0.0000
    0.0000
    0.0000
         0
    0.0000
         0
         0
         0
         0
    0.0000
    0.0000
  274.6019

  -1.0000e+09

    3.0838

End of this iteration
x-value
         0
    2.4213
    3.2728
    0.9386
    4.2140
         0
    0.0000
    0.0000
    0.0000
         0
    0.0000
    0.0000
    0.0000
    0.0000
         0
    0.0000
    0.0000
         0
    0.0000
    0.0000
    0.0000
         0
         0
    0.0000
    0.0000
         0
    0.0000
         0
         0
    0.0000
         0
   -0.0000
    0.0000
    0.0000
    0.0000
         0
  272.8738

  -1.0000e+09

    3.1856

End of this iteration
x-value
    0.0000
    2.4534
    3.2610
    0.9430
    4.2124
    0.0000
         0
         0
         0
    0.0000
    0.0000
         0
    0.0000
         0
    0.0000
         0
    0.0000
         0
         0
         0
         0
    0.0000
    0.0000
         0
    0.0000
    0.0000
         0
         0
         0
         0
    0.0000
         0
    0.0000
    0.0000
    0.0000
         0
  272.9565

  -1.0000e+09

    3.1672

End of this iteration
x-value
    0.0000
    2.5800
    3.0726
    1.0374
    4.1752
         0
         0
         0
    0.0000
         0
    0.0000
         0
    0.0000
    0.0000
         0
         0
    0.0000
   -0.0000
         0
   -0.0000
         0
   -0.0000
    0.0000
   -0.0000
         0
    0.0000
         0
   -0.0000
    0.0000
    0.0000
         0
    0.0000
         0
         0
   -0.0000
    0.0000
  274.1859

  -1.0000e+09

    3.1083

End of this iteration
x-value
         0
    2.5800
    3.0726
    1.0374
    4.1752
         0
    0.0000
         0
         0
    0.0000
    0.0000
    0.0000
         0
    0.0000
         0
    0.0000
         0
    0.0000
    0.0000
    0.0000
         0
    0.0000
    0.0000
    0.0000
    0.0000
    0.0000
    0.0000
    0.0000
         0
    0.0000
         0
    0.0000
         0
         0
    0.0000
         0
  274.1860

  -1.0000e+09

    3.1083

End of this iteration
x-value
         0
    2.5800
    3.0726
    1.0374
    4.1752
    0.0000
    0.0000
    0.0000
    0.0000
    0.0000
         0
    0.0000
    0.0000
    0.0000
         0
   -0.0000
         0
   -0.0000
         0
    0.0000
         0
    0.0000
    0.0000
         0
    0.0000
    0.0000
         0
   -0.0000
    0.0000
         0
    0.0000
    0.0000
    0.0000
    0.0000
         0
    0.0000
  274.1860

  -1.0000e+09

    3.1083

End of this iteration
x-value
         0
    2.4213
    3.2728
    0.9386
    4.2140
         0
         0
    0.0000
    0.0000
         0
         0
         0
         0
    0.0000
    0.0000
         0
         0
    0.0000
    0.0000
    0.0000
   -0.0000
    0.0000
         0
    0.0000
         0
         0
         0
    0.0000
         0
         0
    0.0000
    0.0000
    0.0000
    0.0000
         0
    0.0000
  272.8738

  -1.0000e+09

    3.1856

End of this iteration
x-value
    0.0000
    2.5800
    3.0726
    1.0374
    4.1752
         0
    0.0000
    0.0000
         0
    0.0000
         0
         0
   -0.0000
    0.0000
    0.0000
    0.0000
         0
         0
    0.0000
    0.0000
    0.0000
    0.0000
    0.0000
    0.0000
   -0.0000
         0
    0.0000
         0
    0.0000
   -0.0000
         0
    0.0000
    0.0000
    0.0000
    0.0000
    0.0000
  274.1859

  -1.0000e+09

    3.1083

End of this iteration
x-value
         0
    2.7216
    2.8674
    1.2432
    4.0577
         0
         0
    0.0000
    0.0000
         0
    0.0000
    0.0000
    0.0000
         0
    0.0000
         0
    0.0000
    0.0000
         0
         0
    0.0000
    0.0000
    0.0000
         0
    0.0000
         0
    0.0000
    0.0000
         0
         0
         0
         0
         0
    0.0000
    0.0000
    0.0000
  267.3720

  -1.0000e+09

    3.0415

End of this iteration
x-value
         0
    2.7672
    2.8121
    1.2605
    4.0726
    0.0000
    0.0000
    0.0000
    0.0000
   -0.0000
    0.0000
    0.0000
         0
    0.0000
         0
         0
         0
   -0.0000
   -0.0000
         0
         0
    0.0000
    0.0000
    0.0000
    0.0000
    0.0000
    0.0000
    0.0000
    0.0000
   -0.0000
         0
    0.0000
    0.0000
    0.0000
    0.0000
    0.0000
  237.2862

  -1.0000e+09

    3.0191

End of this iteration
x-value
         0
    2.4213
    3.2728
    0.9386
    4.2140
         0
    0.0000
    0.0000
    0.0000
    0.0000
    0.0000
    0.0000
         0
         0
         0
    0.0000
         0
         0
         0
         0
    0.0000
    0.0000
         0
    0.0000
         0
         0
    0.0000
    0.0000
    0.0000
    0.0000
    0.0000
         0
         0
         0
    0.0000
   -0.0000
  272.8738

  -1.0000e+09

    3.1856

End of this iteration
x-value
    0.0000
    2.5776
    3.0570
    1.1175
    4.1331
    0.0000
    0.0000
         0
    0.0000
    0.0000
         0
    0.0000
         0
    0.0000
         0
         0
         0
    0.0000
    0.0000
         0
    0.0000
   -0.0000
    0.0000
         0
    0.0000
         0
    0.0000
    0.0000
         0
    0.0000
         0
    0.0000
         0
    0.0000
         0
         0
  270.0214

  -1.0000e+09

    3.1110

End of this iteration
x-value
         0
    2.7080
    2.8869
    1.2242
    4.0668
    0.0000
         0
         0
         0
         0
   -0.0000
    0.0000
    0.0000
         0
    0.0000
    0.0000
         0
    0.0000
   -0.0000
   -0.0000
         0
    0.0000
         0
    0.0000
         0
    0.0000
    0.0000
         0
    0.0000
    0.0000
    0.0000
    0.0000
         0
         0
    0.0000
    0.0000
  267.8249

  -1.0000e+09

    3.0479

End of this iteration
x-value
   -0.0000
    2.5800
    3.0726
    1.0374
    4.1752
    0.0000
    0.0000
   -0.0000
         0
    0.0000
    0.0000
         0
    0.0000
   -0.0000
         0
         0
    0.0000
    0.0000
    0.0000
    0.0000
    0.0000
    0.0000
    0.0000
    0.0000
    0.0000
    0.0000
    0.0000
    0.0000
         0
    0.0000
    0.0000
         0
   -0.0000
    0.0000
    0.0000
    0.0000
  274.1859

  -1.0000e+09

    3.1083

End of this iteration
x-value
         0
    2.7725
    2.7940
    1.3149
    4.0233
    0.0000
    0.0000
         0
    0.0000
   -0.0000
         0
    0.0000
   -0.0000
         0
    0.0000
         0
    0.0000
    0.0000
         0
         0
    0.0000
         0
         0
         0
         0
         0
         0
    0.0000
    0.0000
    0.0000
         0
         0
         0
         0
         0
         0
  265.6659

  -1.0000e+09

    3.0174

End of this iteration
x-value
    0.0000
    2.7820
    2.7894
    1.2888
    4.0383
         0
         0
         0
    0.0000
    0.0000
    0.0000
         0
    0.0000
    0.0000
         0
         0
         0
         0
         0
         0
    0.0000
    0.0000
         0
         0
         0
    0.0000
    0.0000
         0
    0.0000
         0
         0
    0.0000
    0.0000
    0.0000
    0.0000
    0.0000
  267.4296

  -1.0000e+09

    3.0122

End of this iteration
x-value
    0.0000
    2.5800
    3.0726
    1.0374
    4.1752
         0
         0
         0
    0.0000
    0.0000
    0.0000
    0.0000
         0
         0
    0.0000
    0.0000
    0.0000
    0.0000
         0
    0.0000
    0.0000
         0
    0.0000
   -0.0000
    0.0000
   -0.0000
         0
         0
    0.0000
    0.0000
         0
    0.0000
         0
    0.0000
         0
    0.0000
  274.1859

  -1.0000e+09

    3.1083

End of this iteration
x-value
         0
    2.4213
    3.2728
    0.9386
    4.2140
         0
         0
    0.0000
         0
         0
    0.0000
   -0.0000
    0.0000
         0
         0
    0.0000
    0.0000
    0.0000
         0
    0.0000
    0.0000
    0.0000
    0.0000
    0.0000
    0.0000
    0.0000
    0.0000
    0.0000
    0.0000
    0.0000
    0.0000
    0.0000
         0
         0
         0
    0.0000
  272.8738

  -1.0000e+09

    3.1856

End of this iteration
x-value
    0.0000
    2.5800
    3.0726
    1.0374
    4.1752
    0.0000
    0.0000
         0
    0.0000
    0.0000
    0.0000
         0
         0
    0.0000
         0
    0.0000
    0.0000
    0.0000
    0.0000
    0.0000
    0.0000
    0.0000
    0.0000
    0.0000
         0
         0
    0.0000
         0
         0
         0
         0
    0.0000
    0.0000
   -0.0000
         0
    0.0000
  274.1859

  -1.0000e+09

    3.1083

End of this iteration
x-value
         0
    2.7820
    2.7894
    1.2888
    4.0383
         0
    0.0000
         0
         0
         0
    0.0000
         0
    0.0000
   -0.0000
   -0.0000
    0.0000
    0.0000
    0.0000
    0.0000
    0.0000
    0.0000
         0
         0
    0.0000
    0.0000
   -0.0000
    0.0000
         0
    0.0000
    0.0000
         0
    0.0000
         0
         0
    0.0000
    0.0000
  267.4296

  -1.0000e+09

    3.0122

End of this iteration
x-value
    0.0000
    2.7422
    2.8739
    1.2223
    4.0889
         0
         0
         0
         0
         0
    0.0000
    0.0000
    0.0000
    0.0000
    0.0000
         0
         0
    0.0000
    0.0000
    0.0000
    0.0000
    0.0000
    0.0000
    0.0000
         0
    0.0000
    0.0000
         0
    0.0000
    0.0000
    0.0000
    0.0000
         0
    0.0000
         0
    0.0000
  270.2075

  -1.0000e+09

    3.0284

End of this iteration
x-value
         0
    2.6632
    2.8594
    1.2393
    4.0808
    0.0000
    0.0000
    0.0000
    0.0000
         0
    0.0000
         0
    0.0000
    0.0000
    0.0000
         0
         0
    0.0000
    0.0000
         0
         0
         0
         0
         0
    0.0000
         0
    0.0000
    0.0000
    0.0000
    0.0000
         0
         0
         0
         0
         0
         0
  270.0167

  -1.0000e+09

    3.0779

End of this iteration
x-value
         0
    2.4213
    3.2728
    0.9386
    4.2140
         0
         0
    0.0000
    0.0000
         0
         0
    0.0000
         0
         0
         0
         0
    0.0000
         0
    0.0000
    0.0000
    0.0000
    0.0000
         0
    0.0000
    0.0000
         0
    0.0000
    0.0000
    0.0000
    0.0000
    0.0000
    0.0000
    0.0000
    0.0000
         0
    0.0000
  275.6534

  -1.0000e+09

    3.1856

End of this iteration
x-value
         0
    2.5800
    3.0726
    1.0374
    4.1752
         0
         0
         0
    0.0000
         0
         0
    0.0000
    0.0000
    0.0000
    0.0000
    0.0000
    0.0000
    0.0000
    0.0000
         0
    0.0000
         0
    0.0000
    0.0000
    0.0000
    0.0000
    0.0000
    0.0000
         0
         0
         0
    0.0000
         0
         0
    0.0000
    0.0000
  274.1859

  -1.0000e+09

    3.1083

End of this iteration
x-value
         0
    2.5800
    3.0726
    1.0374
    4.1752
         0
    0.0000
         0
    0.0000
   -0.0000
    0.0000
   -0.0000
         0
    0.0000
   -0.0000
    0.0000
         0
         0
         0
    0.0000
    0.0000
   -0.0000
    0.0000
    0.0000
    0.0000
         0
    0.0000
   -0.0000
         0
         0
         0
    0.0000
         0
    0.0000
    0.0000
   -0.0000
  274.1859

  -1.0000e+09

    3.1083

End of this iteration
x-value
         0
    2.5800
    3.0726
    1.0374
    4.1752
    0.0000
         0
         0
    0.0000
         0
    0.0000
         0
    0.0000
    0.0000
    0.0000
    0.0000
    0.0000
    0.0000
         0
    0.0000
         0
         0
    0.0000
    0.0000
    0.0000
    0.0000
         0
    0.0000
    0.0000
    0.0000
         0
    0.0000
    0.0000
    0.0000
   -0.0000
   -0.0000
  274.1859

  -1.0000e+09

    3.1083

End of this iteration
x-value
         0
    2.4213
    3.2728
    0.9386
    4.2140
    0.0000
    0.0000
    0.0000
         0
    0.0000
    0.0000
         0
    0.0000
    0.0000
    0.0000
    0.0000
    0.0000
         0
    0.0000
         0
    0.0000
         0
    0.0000
         0
    0.0000
         0
    0.0000
    0.0000
         0
         0
         0
    0.0000
    0.0000
         0
         0
    0.0000
  272.8738

  -1.0000e+09

    3.1856

End of this iteration
x-value
         0
    2.0887
    3.5297
    0.7841
    4.2830
    0.0000
   -0.0000
         0
         0
         0
    0.0000
         0
    0.0000
         0
    0.0000
         0
         0
    0.0000
    0.0000
         0
         0
    0.0000
         0
         0
         0
    0.0000
    0.0000
         0
    0.0000
         0
    0.0000
         0
         0
    0.0000
         0
    0.0000
  273.6530

  -1.0000e+09

    3.3635

End of this iteration
x-value
         0
    2.5800
    3.0726
    1.0374
    4.1752
    0.0000
    0.0000
    0.0000
         0
    0.0000
    0.0000
         0
         0
   -0.0000
         0
         0
         0
    0.0000
         0
         0
         0
         0
    0.0000
    0.0000
         0
   -0.0000
    0.0000
         0
    0.0000
    0.0000
    0.0000
    0.0000
         0
         0
    0.0000
    0.0000
  274.1859

  -1.0000e+09

    3.1083

End of this iteration
x-value
    0.0000
    2.7422
    2.8739
    1.2223
    4.0889
    0.0000
         0
    0.0000
    0.0000
         0
         0
    0.0000
    0.0000
         0
    0.0000
         0
         0
    0.0000
    0.0000
    0.0000
    0.0000
   -0.0000
         0
         0
    0.0000
    0.0000
    0.0000
   -0.0000
    0.0000
         0
    0.0000
    0.0000
    0.0000
   -0.0000
    0.0000
         0
  270.2075

  -1.0000e+09

    3.0284

End of this iteration
x-value
         0
    2.3469
    3.3758
    0.8519
    4.2568
         0
    0.0000
    0.0000
         0
    0.0000
         0
    0.0000
         0
         0
    0.0000
         0
         0
         0
    0.0000
    0.0000
         0
         0
         0
    0.0000
         0
         0
   -0.0000
    0.0000
         0
         0
         0
         0
    0.0000
    0.0000
         0
         0
  274.6400

  -1.0000e+09

    3.2211

End of this iteration
x-value
   -0.0000
    2.7070
    2.8898
    1.2153
    4.0914
    0.0000
         0
         0
         0
    0.0000
    0.0000
    0.0000
         0
   -0.0000
    0.0000
    0.0000
    0.0000
    0.0000
    0.0000
         0
    0.0000
    0.0000
   -0.0000
   -0.0000
    0.0000
   -0.0000
    0.0000
         0
    0.0000
    0.0000
   -0.0000
    0.0000
    0.0000
    0.0000
    0.0000
    0.0000
  270.1177

  -1.0000e+09

    3.0483

End of this iteration
x-value
    0.0000
    2.4213
    3.2728
    0.9386
    4.2140
         0
    0.0000
         0
    0.0000
         0
         0
         0
    0.0000
   -0.0000
         0
         0
    0.0000
    0.0000
    0.0000
    0.0000
    0.0000
    0.0000
    0.0000
    0.0000
    0.0000
    0.0000
    0.0000
    0.0000
    0.0000
   -0.0000
         0
    0.0000
         0
    0.0000
    0.0000
         0
  272.8738

  -1.0000e+09

    3.1856

End of this iteration
x-value
         0
    2.5800
    3.0726
    1.0374
    4.1752
    0.0000
         0
   -0.0000
    0.0000
    0.0000
    0.0000
    0.0000
         0
    0.0000
    0.0000
    0.0000
    0.0000
    0.0000
    0.0000
    0.0000
         0
    0.0000
    0.0000
         0
    0.0000
    0.0000
    0.0000
    0.0000
         0
    0.0000
         0
         0
         0
         0
         0
         0
  274.1859

  -1.0000e+09

    3.1083

End of this iteration
x-value
    0.0000
    2.9646
    2.5855
    1.3909
    4.0174
         0
         0
         0
         0
         0
    0.0000
    0.0000
         0
         0
    0.0000
         0
    0.0000
    0.0000
    0.0000
    0.0000
    0.0000
         0
    0.0000
         0
         0
         0
         0
    0.0000
         0
    0.0000
    0.0000
    0.0000
    0.0000
         0
         0
         0
  270.4184

  -1.0000e+09

    2.9207

End of this iteration
x-value
    0.0000
    2.5800
    3.0726
    1.0374
    4.1752
         0
         0
         0
    0.0000
         0
    0.0000
    0.0000
    0.0000
         0
         0
         0
         0
    0.0000
    0.0000
   -0.0000
   -0.0000
         0
    0.0000
         0
         0
    0.0000
    0.0000
    0.0000
   -0.0000
         0
         0
         0
         0
         0
    0.0000
    0.0000
  274.1860

  -1.0000e+09

    3.1083

End of this iteration
x-value
         0
    2.5800
    3.0726
    1.0374
    4.1752
   -0.0000
         0
         0
         0
         0
   -0.0000
         0
    0.0000
         0
    0.0000
    0.0000
    0.0000
         0
         0
         0
    0.0000
    0.0000
         0
   -0.0000
         0
   -0.0000
         0
   -0.0000
    0.0000
    0.0000
    0.0000
    0.0000
         0
    0.0000
    0.0000
         0
  274.1859

  -1.0000e+09

    3.1083

End of this iteration
x-value
    0.0000
    2.7495
    2.8705
    1.2240
    4.0881
         0
         0
    0.0000
   -0.0000
    0.0000
         0
         0
         0
    0.0000
         0
    0.0000
         0
         0
    0.0000
         0
    0.0000
    0.0000
         0
         0
    0.0000
         0
    0.0000
         0
         0
         0
    0.0000
         0
    0.0000
    0.0000
    0.0000
         0
  270.2000

  -1.0000e+09

    3.0243

End of this iteration
x-value
         0
    2.7216
    2.8674
    1.2432
    4.0577
    0.0000
         0
         0
    0.0000
    0.0000
    0.0000
         0
    0.0000
         0
    0.0000
    0.0000
         0
         0
   -0.0000
    0.0000
    0.0000
   -0.0000
   -0.0000
         0
    0.0000
    0.0000
         0
         0
         0
    0.0000
    0.0000
    0.0000
         0
         0
         0
         0
  267.3720

  -1.0000e+09

    3.0415

End of this iteration
x-value
    0.0000
    2.6303
    3.0091
    1.0687
    4.1628
   -0.0000
         0
         0
         0
         0
    0.0000
         0
    0.0000
    0.0000
         0
         0
         0
    0.0000
         0
         0
    0.0000
         0
    0.0000
         0
    0.0000
    0.0000
   -0.0000
    0.0000
         0
    0.0000
    0.0000
         0
    0.0000
    0.0000
    0.0000
         0
  274.6019

  -1.0000e+09

    3.0838

End of this iteration
x-value
         0
    2.7422
    2.8739
    1.2223
    4.0889
    0.0000
    0.0000
    0.0000
         0
    0.0000
    0.0000
   -0.0000
   -0.0000
         0
         0
    0.0000
    0.0000
    0.0000
         0
    0.0000
    0.0000
    0.0000
    0.0000
    0.0000
   -0.0000
    0.0000
         0
    0.0000
         0
         0
    0.0000
    0.0000
    0.0000
    0.0000
    0.0000
    0.0000
  270.2075

  -1.0000e+09

    3.0284

End of this iteration
x-value
    0.0000
    2.7820
    2.7894
    1.2888
    4.0383
    0.0000
         0
    0.0000
         0
         0
    0.0000
    0.0000
         0
    0.0000
    0.0000
         0
    0.0000
   -0.0000
         0
    0.0000
         0
    0.0000
         0
         0
         0
         0
    0.0000
    0.0000
         0
    0.0000
    0.0000
    0.0000
    0.0000
   -0.0000
         0
    0.0000
  267.4296

  -1.0000e+09

    3.0122

End of this iteration
x-value
    0.0000
    2.7932
    2.8005
    1.2940
    4.0545
    0.0000
   -0.0000
         0
    0.0000
         0
         0
    0.0000
    0.0000
    0.0000
         0
    0.0000
         0
         0
    0.0000
    0.0000
    0.0000
         0
    0.0000
         0
    0.0000
         0
         0
    0.0000
         0
         0
         0
         0
    0.0000
         0
         0
    0.0000
  268.5014

  -1.0000e+09

    3.0043

End of this iteration
x-value
         0
    2.5800
    3.0726
    1.0374
    4.1752
    0.0000
    0.0000
         0
    0.0000
    0.0000
         0
         0
    0.0000
         0
         0
         0
    0.0000
    0.0000
         0
         0
         0
         0
    0.0000
         0
         0
         0
         0
         0
         0
    0.0000
         0
    0.0000
    0.0000
    0.0000
    0.0000
    0.0000
  274.1859

  -1.0000e+09

    3.1083

End of this iteration
x-value
    0.0000
    2.7422
    2.8739
    1.2223
    4.0889
    0.0000
    0.0000
         0
    0.0000
    0.0000
    0.0000
    0.0000
         0
         0
    0.0000
    0.0000
    0.0000
         0
    0.0000
         0
    0.0000
    0.0000
    0.0000
    0.0000
    0.0000
         0
    0.0000
    0.0000
    0.0000
         0
    0.0000
    0.0000
         0
    0.0000
         0
    0.0000
  270.2075

  -1.0000e+09

    3.0284

End of this iteration
x-value
    0.0000
    2.7007
    2.8975
    1.2139
    4.0718
         0
         0
    0.0000
    0.0000
    0.0000
         0
         0
         0
    0.0000
    0.0000
    0.0000
         0
    0.0000
    0.0000
         0
    0.0000
         0
    0.0000
    0.0000
    0.0000
         0
    0.0000
    0.0000
         0
         0
    0.0000
    0.0000
         0
    0.0000
         0
         0
  268.0712

  -1.0000e+09

    3.0514

End of this iteration
x-value
    0.0000
    2.2826
    3.3238
    0.9196
    4.2208
    0.0000
    0.0000
         0
    0.0000
    0.0000
    0.0000
    0.0000
    0.0000
    0.0000
         0
    0.0000
    0.0000
    0.0000
    0.0000
         0
         0
   -0.0000
         0
         0
    0.0000
         0
    0.0000
    0.0000
    0.0000
    0.0000
    0.0000
    0.0000
         0
   -0.0000
    0.0000
   -0.0000
  272.5167

  -1.0000e+09

    3.2652

End of this iteration
x-value
    0.0000
    2.5800
    3.0726
    1.0374
    4.1752
    0.0000
         0
    0.0000
    0.0000
         0
    0.0000
   -0.0000
    0.0000
         0
         0
         0
    0.0000
    0.0000
    0.0000
         0
    0.0000
    0.0000
         0
         0
    0.0000
         0
         0
         0
    0.0000
    0.0000
         0
    0.0000
   -0.0000
         0
    0.0000
    0.0000
  274.1859

  -1.0000e+09

    3.1083

End of this iteration
x-value
         0
    2.7423
    2.8738
    1.2226
    4.0886
    0.0000
    0.0000
    0.0000
    0.0000
    0.0000
    0.0000
    0.0000
    0.0000
    0.0000
         0
         0
    0.0000
         0
    0.0000
    0.0000
    0.0000
    0.0000
    0.0000
         0
    0.0000
         0
         0
    0.0000
    0.0000
         0
         0
   -0.0000
         0
    0.0000
    0.0000
         0
  270.1861

  -1.0000e+09

    3.0283

End of this iteration
x-value
    0.0000
    2.8026
    2.7959
    1.2680
    4.0695
         0
         0
    0.0000
         0
         0
         0
    0.0000
    0.0000
         0
    0.0000
         0
    0.0000
         0
    0.0000
    0.0000
         0
    0.0000
         0
         0
         0
         0
    0.0000
    0.0000
    0.0000
         0
         0
    0.0000
    0.0000
   -0.0000
   -0.0000
    0.0000
  270.2651

  -1.0000e+09

    2.9991

End of this iteration
x-value
    0.0000
    2.4213
    3.2728
    0.9386
    4.2140
         0
    0.0000
         0
    0.0000
    0.0000
    0.0000
         0
         0
         0
    0.0000
    0.0000
    0.0000
         0
   -0.0000
         0
    0.0000
         0
    0.0000
    0.0000
         0
         0
         0
         0
    0.0000
         0
    0.0000
         0
         0
         0
    0.0000
    0.0000
  272.8738

  -1.0000e+09

    3.1856

End of this iteration
x-value
    0.0000
    2.4213
    3.2728
    0.9386
    4.2140
    0.0000
         0
    0.0000
         0
         0
         0
         0
         0
    0.0000
         0
         0
         0
    0.0000
         0
    0.0000
   -0.0000
    0.0000
         0
    0.0000
         0
    0.0000
    0.0000
    0.0000
    0.0000
    0.0000
         0
         0
    0.0000
    0.0000
         0
    0.0000
  272.8738

  -1.0000e+09

    3.1856

End of this iteration
x-value
    0.0000
    2.5800
    3.0726
    1.0374
    4.1752
    0.0000
    0.0000
         0
    0.0000
    0.0000
    0.0000
    0.0000
    0.0000
    0.0000
    0.0000
    0.0000
    0.0000
    0.0000
         0
    0.0000
         0
         0
         0
    0.0000
    0.0000
    0.0000
         0
    0.0000
    0.0000
         0
    0.0000
    0.0000
    0.0000
    0.0000
         0
         0
  274.1859

  -1.0000e+09

    3.1083

End of this iteration
x-value
    0.0000
    2.7216
    2.8674
    1.2432
    4.0577
    0.0000
         0
    0.0000
    0.0000
    0.0000
         0
         0
         0
    0.0000
    0.0000
    0.0000
         0
         0
    0.0000
    0.0000
    0.0000
    0.0000
         0
    0.0000
         0
    0.0000
         0
    0.0000
    0.0000
   -0.0000
         0
    0.0000
    0.0000
    0.0000
    0.0000
    0.0000
  267.3720

  -1.0000e+09

    3.0415

End of this iteration
x-value
    0.0000
    2.7070
    2.8898
    1.2153
    4.0914
         0
    0.0000
         0
    0.0000
         0
    0.0000
    0.0000
    0.0000
         0
         0
    0.0000
    0.0000
    0.0000
         0
         0
         0
         0
    0.0000
    0.0000
    0.0000
    0.0000
    0.0000
         0
    0.0000
    0.0000
         0
         0
    0.0000
         0
         0
         0
  270.1177

  -1.0000e+09

    3.1926

End of this iteration
x-value
    0.0000
    2.5800
    3.0726
    1.0374
    4.1752
    0.0000
    0.0000
         0
    0.0000
         0
    0.0000
         0
   -0.0000
         0
         0
    0.0000
    0.0000
    0.0000
         0
    0.0000
         0
         0
         0
    0.0000
         0
    0.0000
    0.0000
    0.0000
         0
         0
    0.0000
    0.0000
         0
    0.0000
    0.0000
         0
  274.1859

  -1.0000e+09

    3.1083

End of this iteration
x-value
         0
    2.5934
    2.9417
    1.1918
    4.1009
    0.0000
         0
    0.0000
         0
         0
    0.0000
    0.0000
    0.0000
    0.0000
    0.0000
    0.0000
         0
         0
         0
         0
    0.0000
    0.0000
         0
   -0.0000
    0.0000
    0.0000
         0
    0.0000
    0.0000
    0.0000
         0
    0.0000
         0
         0
         0
    0.0000
  269.9425

  -1.0000e+09

    3.1124

End of this iteration
x-value
    0.0000
    2.6800
    2.9247
    1.1948
    4.1003
   -0.0000
    0.0000
         0
         0
    0.0000
         0
         0
         0
         0
    0.0000
    0.0000
         0
    0.0000
         0
    0.0000
         0
    0.0000
    0.0000
         0
   -0.0000
         0
    0.0000
    0.0000
    0.0000
         0
    0.0000
    0.0000
         0
    0.0000
         0
         0
  270.1190

  -1.0000e+09

    3.0614

End of this iteration
x-value
    0.0000
    2.7422
    2.8739
    1.2223
    4.0889
    0.0000
    0.0000
         0
    0.0000
    0.0000
         0
    0.0000
    0.0000
    0.0000
    0.0000
    0.0000
         0
         0
         0
    0.0000
         0
         0
    0.0000
         0
    0.0000
         0
    0.0000
    0.0000
         0
    0.0000
    0.0000
         0
         0
    0.0000
    0.0000
         0
  270.2075

  -1.0000e+09

    3.0284

End of this iteration
x-value
         0
    2.4213
    3.2728
    0.9386
    4.2140
         0
         0
    0.0000
    0.0000
         0
         0
    0.0000
   -0.0000
    0.0000
         0
    0.0000
         0
    0.0000
         0
         0
    0.0000
    0.0000
         0
    0.0000
    0.0000
    0.0000
         0
         0
    0.0000
    0.0000
    0.0000
         0
         0
    0.0000
         0
    0.0000
  272.8738

  -1.0000e+09

    3.1856

End of this iteration
x-value
         0
    2.2826
    3.3238
    0.9196
    4.2208
    0.0000
    0.0000
    0.0000
    0.0000
         0
         0
         0
   -0.0000
    0.0000
    0.0000
   -0.0000
    0.0000
    0.0000
         0
         0
    0.0000
         0
    0.0000
    0.0000
    0.0000
         0
         0
         0
    0.0000
    0.0000
         0
         0
         0
         0
    0.0000
         0
  272.5167

  -1.0000e+09

    3.2652

End of this iteration
x-value
    0.0000
    2.8182
    2.7386
    1.3324
    4.0380
    0.0000
    0.0000
    0.0000
    0.0000
   -0.0000
    0.0000
    0.0000
         0
    0.0000
    0.0000
    0.0000
         0
    0.0000
         0
         0
         0
         0
    0.0000
    0.0000
    0.0000
    0.0000
    0.0000
         0
    0.0000
    0.0000
    0.0000
    0.0000
    0.0000
    0.0000
    0.0000
    0.0000
  268.4961

  -1.0000e+09

    2.9950

End of this iteration
x-value
    0.0000
    2.7422
    2.8739
    1.2223
    4.0889
         0
    0.0000
         0
         0
         0
    0.0000
    0.0000
         0
         0
    0.0000
         0
    0.0000
    0.0000
         0
    0.0000
    0.0000
    0.0000
         0
         0
         0
    0.0000
    0.0000
         0
         0
    0.0000
    0.0000
    0.0000
    0.0000
    0.0000
         0
    0.0000
  270.2075

  -1.0000e+09

    3.0284

End of this iteration
x-value
         0
    2.5994
    3.0434
    1.0714
    4.1401
         0
    0.0000
         0
         0
    0.0000
         0
    0.0000
    0.0000
    0.0000
    0.0000
    0.0000
         0
    0.0000
    0.0000
         0
    0.0000
    0.0000
    0.0000
    0.0000
         0
         0
         0
   -0.0000
    0.0000
    0.0000
         0
    0.0000
    0.0000
    0.0000
    0.0000
    0.0000
  271.4628

  -1.0000e+09

    3.0993

End of this iteration
x-value
   -0.0000
    2.3143
    3.3706
    0.8921
    4.2321
    0.0000
    0.0000
    0.0000
    0.0000
         0
   -0.0000
    0.0000
         0
         0
    0.0000
         0
    0.0000
    0.0000
         0
         0
    0.0000
    0.0000
         0
    0.0000
         0
    0.0000
    0.0000
    0.0000
    0.0000
         0
         0
    0.0000
    0.0000
         0
    0.0000
    0.0000
  272.2260

  -1.0000e+09

    3.2413

End of this iteration
x-value
    0.0000
    2.2826
    3.3238
    0.9196
    4.2208
   -0.0000
    0.0000
    0.0000
    0.0000
    0.0000
         0
    0.0000
    0.0000
         0
    0.0000
         0
    0.0000
    0.0000
         0
   -0.0000
         0
         0
    0.0000
    0.0000
   -0.0000
         0
    0.0000
         0
         0
         0
    0.0000
         0
    0.0000
    0.0000
         0
    0.0000
  272.5167

  -1.0000e+09

    3.2652

End of this iteration
x-value
         0
    2.5800
    3.0726
    1.0374
    4.1752
    0.0000
         0
    0.0000
    0.0000
    0.0000
         0
    0.0000
    0.0000
    0.0000
         0
         0
    0.0000
         0
    0.0000
         0
         0
         0
    0.0000
    0.0000
    0.0000
         0
    0.0000
    0.0000
    0.0000
    0.0000
         0
    0.0000
         0
    0.0000
    0.0000
    0.0000
  274.1859

  -1.0000e+09

    3.1083

End of this iteration
x-value
         0
    2.5800
    3.0726
    1.0374
    4.1752
         0
    0.0000
    0.0000
         0
         0
         0
    0.0000
         0
    0.0000
    0.0000
         0
    0.0000
         0
    0.0000
    0.0000
         0
    0.0000
         0
   -0.0000
         0
    0.0000
    0.0000
    0.0000
         0
    0.0000
    0.0000
         0
         0
         0
    0.0000
    0.0000
  274.1859

  -1.0000e+09

    3.1083

End of this iteration
x-value
         0
    2.8174
    2.7732
    1.2961
    4.0355
         0
         0
    0.0000
         0
         0
    0.0000
    0.0000
    0.0000
    0.0000
         0
         0
         0
    0.0000
    0.0000
    0.0000
    0.0000
    0.0000
    0.0000
   -0.0000
    0.0000
         0
    0.0000
         0
         0
    0.0000
         0
         0
    0.0000
    0.0000
    0.0000
         0
  267.4926

  -1.0000e+09

    2.9922

End of this iteration
x-value
    0.0000
    2.5800
    3.0726
    1.0374
    4.1752
    0.0000
    0.0000
         0
    0.0000
    0.0000
         0
    0.0000
         0
         0
         0
    0.0000
         0
         0
    0.0000
         0
    0.0000
         0
         0
    0.0000
         0
         0
         0
         0
    0.0000
    0.0000
    0.0000
    0.0000
         0
         0
    0.0000
         0
  274.1859

  -1.0000e+09

    3.1083

End of this iteration
x-value
    0.0000
    2.5800
    3.0726
    1.0374
    4.1752
    0.0000
         0
         0
         0
    0.0000
         0
   -0.0000
    0.0000
    0.0000
         0
    0.0000
    0.0000
    0.0000
         0
   -0.0000
    0.0000
    0.0000
         0
    0.0000
    0.0000
    0.0000
    0.0000
    0.0000
    0.0000
         0
    0.0000
    0.0000
    0.0000
         0
         0
         0
  274.1859

  -1.0000e+09

    3.1083

End of this iteration
x-value
    0.0000
    2.8568
    2.7210
    1.3403
    4.0349
    0.0000
         0
         0
         0
    0.0000
    0.0000
    0.0000
    0.0000
    0.0000
    0.0000
         0
         0
    0.0000
    0.0000
    0.0000
         0
    0.0000
    0.0000
    0.0000
    0.0000
         0
         0
    0.0000
         0
    0.0000
    0.0000
    0.0000
         0
    0.0000
         0
    0.0000
  268.5648

  -1.0000e+09

    2.9732

End of this iteration
x-value
    0.0000
    2.5994
    3.0434
    1.0714
    4.1401
         0
         0
         0
    0.0000
         0
    0.0000
    0.0000
         0
    0.0000
         0
    0.0000
         0
         0
         0
    0.0000
         0
    0.0000
    0.0000
         0
    0.0000
    0.0000
    0.0000
   -0.0000
    0.0000
    0.0000
    0.0000
         0
   -0.0000
    0.0000
    0.0000
    0.0000
  271.4628

  -1.0000e+09

    3.0993

End of this iteration
x-value
    0.0000
    2.5800
    3.0726
    1.0374
    4.1752
    0.0000
         0
    0.0000
         0
         0
         0
   -0.0000
         0
         0
    0.0000
    0.0000
    0.0000
    0.0000
         0
   -0.0000
    0.0000
    0.0000
    0.0000
   -0.0000
    0.0000
    0.0000
    0.0000
    0.0000
         0
   -0.0000
         0
         0
         0
    0.0000
    0.0000
         0
  274.1859

  -1.0000e+09

    3.1083

End of this iteration
x-value
         0
    2.5564
    3.1310
    1.0071
    4.1872
    0.0000
   -0.0000
    0.0000
    0.0000
    0.0000
    0.0000
         0
         0
    0.0000
         0
    0.0000
    0.0000
         0
         0
    0.0000
         0
         0
         0
    0.0000
         0
         0
   -0.0000
    0.0000
    0.0000
    0.0000
   -0.0000
    0.0000
         0
    0.0000
   -0.0000
    0.0000
  273.8085

  -1.0000e+09

    3.1170

End of this iteration
x-value
    0.0000
    2.8530
    2.7233
    1.3385
    4.0365
    0.0000
    0.0000
    0.0000
    0.0000
    0.0000
    0.0000
         0
    0.0000
    0.0000
    0.0000
    0.0000
         0
    0.0000
         0
    0.0000
    0.0000
    0.0000
         0
    0.0000
    0.0000
    0.0000
         0
   -0.0000
         0
    0.0000
         0
         0
         0
    0.0000
    0.0000
    0.0000
  268.6669

  -1.0000e+09

    2.9753

End of this iteration
x-value
         0
    2.5800
    3.0726
    1.0374
    4.1752
         0
         0
   -0.0000
         0
         0
    0.0000
         0
    0.0000
         0
    0.0000
    0.0000
    0.0000
    0.0000
         0
    0.0000
         0
         0
    0.0000
    0.0000
    0.0000
         0
    0.0000
    0.0000
         0
    0.0000
         0
    0.0000
    0.0000
         0
    0.0000
         0
  274.1859

  -1.0000e+09

    3.1083

End of this iteration
x-value
    0.0000
    2.7725
    2.7940
    1.3149
    4.0233
         0
    0.0000
    0.0000
    0.0000
    0.0000
         0
         0
    0.0000
    0.0000
    0.0000
    0.0000
    0.0000
         0
    0.0000
         0
    0.0000
    0.0000
    0.0000
    0.0000
         0
         0
         0
   -0.0000
         0
         0
    0.0000
    0.0000
    0.0000
    0.0000
    0.0000
         0
  265.6659

  -1.0000e+09

    3.0174

End of this iteration
x-value
    0.0000
    2.5800
    3.0726
    1.0374
    4.1752
         0
    0.0000
         0
         0
         0
    0.0000
         0
         0
    0.0000
    0.0000
         0
         0
    0.0000
         0
    0.0000
         0
         0
         0
    0.0000
    0.0000
         0
         0
    0.0000
         0
         0
    0.0000
    0.0000
         0
    0.0000
    0.0000
    0.0000
  274.1859

  -1.0000e+09

    3.1083

End of this iteration
x-value
    0.0000
    2.5800
    3.0726
    1.0374
    4.1752
    0.0000
    0.0000
         0
    0.0000
    0.0000
    0.0000
    0.0000
         0
         0
         0
    0.0000
    0.0000
    0.0000
    0.0000
    0.0000
    0.0000
         0
    0.0000
    0.0000
    0.0000
         0
    0.0000
    0.0000
         0
    0.0000
         0
    0.0000
         0
    0.0000
    0.0000
    0.0000
  274.1860

  -1.0000e+09

    3.1083

End of this iteration
x-value
   -0.0000
    2.4213
    3.2728
    0.9386
    4.2140
         0
    0.0000
         0
    0.0000
   -0.0000
    0.0000
    0.0000
    0.0000
         0
    0.0000
         0
    0.0000
    0.0000
         0
    0.0000
    0.0000
    0.0000
    0.0000
    0.0000
    0.0000
    0.0000
    0.0000
         0
         0
         0
         0
    0.0000
    0.0000
    0.0000
    0.0000
    0.0000
  272.8738

  -1.0000e+09

    3.1856

End of this iteration
x-value
         0
    2.5800
    3.0726
    1.0374
    4.1752
         0
    0.0000
         0
         0
    0.0000
         0
    0.0000
    0.0000
    0.0000
         0
    0.0000
    0.0000
         0
    0.0000
         0
    0.0000
         0
    0.0000
    0.0000
    0.0000
    0.0000
         0
    0.0000
    0.0000
    0.0000
    0.0000
    0.0000
         0
         0
    0.0000
    0.0000
  274.1859

  -1.0000e+09

    3.1083

End of this iteration
x-value
    0.0000
    2.1990
    3.4303
    0.8314
    4.2642
    0.0000
    0.0000
         0
    0.0000
    0.0000
    0.0000
         0
         0
   -0.0000
    0.0000
   -0.0000
         0
    0.0000
    0.0000
         0
         0
         0
    0.0000
         0
    0.0000
    0.0000
    0.0000
         0
    0.0000
    0.0000
    0.0000
         0
   -0.0000
         0
    0.0000
   -0.0000
  274.2719

  -1.0000e+09

    3.3059

End of this iteration
x-value
   -0.0000
    2.1485
    3.4854
    0.8146
    4.2693
         0
    0.0000
    0.0000
    0.0000
    0.0000
    0.0000
    0.0000
    0.0000
   -0.0000
    0.0000
    0.0000
         0
    0.0000
    0.0000
         0
         0
         0
         0
    0.0000
         0
   -0.0000
         0
    0.0000
         0
    0.0000
    0.0000
    0.0000
    0.0000
    0.0000
    0.0000
   -0.0000
  273.3080

  -1.0000e+09

    3.3313

End of this iteration
x-value
         0
    2.8025
    2.7960
    1.2678
    4.0698
    0.0000
   -0.0000
    0.0000
    0.0000
   -0.0000
    0.0000
         0
         0
         0
    0.0000
    0.0000
    0.0000
    0.0000
    0.0000
    0.0000
    0.0000
   -0.0000
    0.0000
         0
    0.0000
         0
         0
         0
         0
    0.0000
         0
         0
    0.0000
    0.0000
    0.0000
    0.0000
  237.6028

  -1.0000e+09

    2.9992

End of this iteration
x-value
         0
    2.4213
    3.2728
    0.9386
    4.2140
         0
    0.0000
         0
    0.0000
         0
         0
         0
         0
    0.0000
         0
    0.0000
    0.0000
    0.0000
         0
    0.0000
   -0.0000
    0.0000
    0.0000
         0
    0.0000
         0
         0
    0.0000
         0
         0
         0
         0
    0.0000
    0.0000
    0.0000
    0.0000
  272.8738

  -1.0000e+09

    3.1856

End of this iteration
x-value
         0
    2.5800
    3.0726
    1.0374
    4.1752
    0.0000
    0.0000
    0.0000
    0.0000
    0.0000
         0
    0.0000
         0
    0.0000
    0.0000
    0.0000
    0.0000
    0.0000
    0.0000
         0
    0.0000
         0
   -0.0000
    0.0000
    0.0000
    0.0000
    0.0000
         0
         0
    0.0000
    0.0000
    0.0000
    0.0000
         0
    0.0000
         0
  274.1859

  -1.0000e+09

    3.1083

End of this iteration
x-value
         0
    2.5800
    3.0726
    1.0374
    4.1752
    0.0000
    0.0000
    0.0000
    0.0000
         0
    0.0000
         0
    0.0000
    0.0000
    0.0000
         0
         0
    0.0000
         0
    0.0000
         0
    0.0000
         0
    0.0000
    0.0000
    0.0000
    0.0000
    0.0000
    0.0000
         0
    0.0000
   -0.0000
         0
         0
         0
    0.0000
  274.1859

  -1.0000e+09

    3.1083

End of this iteration
x-value
         0
    2.4213
    3.2728
    0.9386
    4.2140
    0.0000
   -0.0000
         0
         0
    0.0000
    0.0000
    0.0000
         0
    0.0000
    0.0000
    0.0000
         0
         0
         0
         0
         0
         0
         0
    0.0000
         0
    0.0000
         0
         0
    0.0000
         0
    0.0000
    0.0000
         0
    0.0000
   -0.0000
   -0.0000
  272.8738

  -1.0000e+09

    3.1856

End of this iteration
x-value
    0.0000
    2.5800
    3.0726
    1.0374
    4.1752
         0
         0
    0.0000
    0.0000
         0
         0
    0.0000
         0
    0.0000
    0.0000
         0
         0
    0.0000
         0
    0.0000
    0.0000
    0.0000
    0.0000
   -0.0000
    0.0000
    0.0000
    0.0000
    0.0000
         0
    0.0000
    0.0000
         0
         0
    0.0000
    0.0000
         0
  274.1859

  -1.0000e+09

    3.1083

End of this iteration
x-value
         0
    2.8330
    2.7160
    1.3605
    4.0039
    0.0000
    0.0000
    0.0000
    0.0000
    0.0000
         0
         0
    0.0000
         0
    0.0000
         0
    0.0000
    0.0000
         0
    0.0000
         0
    0.0000
         0
    0.0000
         0
    0.0000
         0
         0
         0
         0
    0.0000
         0
    0.0000
    0.0000
    0.0000
    0.0000
  265.7235

  -1.0000e+09

    2.9881

End of this iteration
x-value
    0.0000
    2.1181
    3.5284
    0.7658
    4.2932
         0
    0.0000
    0.0000
    0.0000
         0
    0.0000
    0.0000
         0
         0
         0
    0.0000
    0.0000
    0.0000
    0.0000
   -0.0000
    0.0000
    0.0000
    0.0000
    0.0000
    0.0000
    0.0000
   -0.0000
    0.0000
    0.0000
    0.0000
         0
         0
    0.0000
    0.0000
         0
   -0.0000
  274.7296

  -1.0000e+09

    3.3458

End of this iteration
x-value
    0.0000
    1.7732
    3.9218
    0.5846
    4.3635
    0.0000
         0
         0
    0.0000
    0.0000
         0
    0.0000
         0
    0.0000
    0.0000
    0.0000
         0
         0
    0.0000
         0
    0.0000
    0.0000
    0.0000
   -0.0000
         0
         0
         0
         0
         0
    0.0000
   -0.0000
         0
    0.0000
         0
    0.0000
    0.0000
  271.5712

  -1.0000e+09

    3.5177

End of this iteration
x-value
    0.0000
    2.5800
    3.0726
    1.0374
    4.1752
    0.0000
         0
    0.0000
         0
    0.0000
    0.0000
         0
    0.0000
         0
         0
    0.0000
         0
    0.0000
    0.0000
         0
         0
    0.0000
    0.0000
         0
    0.0000
    0.0000
    0.0000
    0.0000
    0.0000
         0
    0.0000
    0.0000
         0
         0
    0.0000
    0.0000
  274.1859

  -1.0000e+09

    3.1083

End of this iteration
x-value
   -0.0000
    2.5800
    3.0726
    1.0374
    4.1752
         0
    0.0000
    0.0000
         0
         0
    0.0000
         0
         0
         0
    0.0000
         0
    0.0000
         0
    0.0000
         0
    0.0000
    0.0000
    0.0000
    0.0000
    0.0000
    0.0000
    0.0000
    0.0000
    0.0000
         0
         0
         0
    0.0000
         0
         0
    0.0000
  274.1859

  -1.0000e+09

    3.1083

End of this iteration
x-value
         0
    2.5800
    3.0726
    1.0374
    4.1752
         0
         0
    0.0000
    0.0000
    0.0000
         0
    0.0000
    0.0000
    0.0000
         0
         0
         0
         0
         0
         0
    0.0000
         0
         0
         0
         0
    0.0000
    0.0000
    0.0000
         0
         0
    0.0000
         0
    0.0000
    0.0000
    0.0000
    0.0000
  274.1859

  -1.0000e+09

    3.1083

End of this iteration
x-value
    0.0000
    2.5800
    3.0726
    1.0374
    4.1752
         0
    0.0000
         0
    0.0000
    0.0000
    0.0000
    0.0000
    0.0000
    0.0000
         0
         0
    0.0000
    0.0000
         0
    0.0000
    0.0000
    0.0000
    0.0000
         0
    0.0000
    0.0000
    0.0000
    0.0000
    0.0000
    0.0000
         0
    0.0000
         0
    0.0000
         0
    0.0000
  274.1859

  -1.0000e+09

    3.1083

End of this iteration
x-value
    0.0000
    2.5800
    3.0726
    1.0374
    4.1752
    0.0000
         0
    0.0000
    0.0000
         0
         0
    0.0000
    0.0000
         0
    0.0000
    0.0000
    0.0000
    0.0000
    0.0000
         0
         0
    0.0000
    0.0000
         0
         0
         0
    0.0000
    0.0000
         0
         0
         0
    0.0000
    0.0000
    0.0000
    0.0000
    0.0000
  274.1859

  -1.0000e+09

    3.1083

End of this iteration
x-value
    0.0000
    2.5800
    3.0726
    1.0374
    4.1752
         0
         0
    0.0000
    0.0000
    0.0000
         0
    0.0000
         0
    0.0000
    0.0000
    0.0000
         0
    0.0000
    0.0000
         0
    0.0000
    0.0000
    0.0000
         0
         0
    0.0000
         0
         0
    0.0000
    0.0000
    0.0000
         0
   -0.0000
   -0.0000
    0.0000
    0.0000
  274.1859

  -1.0000e+09

    3.1083

End of this iteration
x-value
    0.0000
    2.2826
    3.3238
    0.9196
    4.2208
         0
    0.0000
         0
         0
         0
    0.0000
    0.0000
         0
         0
         0
         0
         0
         0
   -0.0000
    0.0000
    0.0000
         0
    0.0000
         0
    0.0000
         0
    0.0000
    0.0000
    0.0000
    0.0000
         0
    0.0000
    0.0000
    0.0000
   -0.0000
    0.0000
  272.5166

  -1.0000e+09

    3.2652

End of this iteration
x-value
    0.0000
    2.5800
    3.0726
    1.0374
    4.1752
         0
    0.0000
    0.0000
    0.0000
         0
         0
    0.0000
         0
    0.0000
         0
    0.0000
         0
         0
    0.0000
   -0.0000
         0
         0
    0.0000
         0
    0.0000
    0.0000
    0.0000
    0.0000
    0.0000
   -0.0000
   -0.0000
         0
    0.0000
         0
    0.0000
         0
  274.1859

  -1.0000e+09

    3.1083

End of this iteration
x-value
    0.0000
    2.5800
    3.0726
    1.0374
    4.1752
         0
    0.0000
    0.0000
    0.0000
    0.0000
         0
    0.0000
         0
         0
         0
         0
         0
         0
         0
    0.0000
         0
    0.0000
   -0.0000
    0.0000
    0.0000
         0
    0.0000
    0.0000
         0
    0.0000
         0
    0.0000
    0.0000
    0.0000
         0
    0.0000
  274.1859

  -1.0000e+09

    3.1083

End of this iteration
x-value
    0.0000
    2.7422
    2.8739
    1.2223
    4.0889
         0
         0
    0.0000
    0.0000
    0.0000
         0
         0
         0
         0
    0.0000
         0
         0
    0.0000
    0.0000
    0.0000
    0.0000
         0
         0
         0
         0
         0
         0
    0.0000
    0.0000
    0.0000
         0
   -0.0000
    0.0000
         0
    0.0000
    0.0000
  270.2075

  -1.0000e+09

    3.0284

End of this iteration
x-value
         0
    2.7673
    2.8120
    1.2607
    4.0724
    0.0000
    0.0000
         0
         0
    0.0000
         0
         0
         0
    0.0000
    0.0000
    0.0000
         0
    0.0000
    0.0000
    0.0000
    0.0000
         0
         0
         0
    0.0000
         0
    0.0000
    0.0000
         0
    0.0000
         0
    0.0000
    0.0000
    0.0000
         0
    0.0000
  270.2021

  -1.0000e+09

    3.0191

End of this iteration
x-value
         0
    2.3879
    3.3436
    0.9022
    4.2285
         0
         0
    0.0000
    0.0000
         0
         0
         0
    0.0000
    0.0000
         0
    0.0000
         0
    0.0000
    0.0000
    0.0000
    0.0000
    0.0000
         0
    0.0000
    0.0000
         0
    0.0000
         0
         0
         0
    0.0000
    0.0000
    0.0000
    0.0000
         0
    0.0000
  272.4156

  -1.0000e+09

    3.1991

End of this iteration
x-value
         0
    2.5800
    3.0726
    1.0374
    4.1752
         0
         0
    0.0000
    0.0000
         0
    0.0000
    0.0000
         0
    0.0000
         0
         0
    0.0000
         0
    0.0000
    0.0000
    0.0000
    0.0000
         0
    0.0000
    0.0000
    0.0000
    0.0000
    0.0000
    0.0000
         0
    0.0000
    0.0000
    0.0000
    0.0000
    0.0000
    0.0000
  274.1859

  -1.0000e+09

    3.1083

End of this iteration
x-value
    0.0000
    2.5800
    3.0726
    1.0374
    4.1752
    0.0000
         0
         0
         0
    0.0000
    0.0000
         0
    0.0000
    0.0000
    0.0000
         0
         0
         0
    0.0000
    0.0000
         0
         0
    0.0000
    0.0000
    0.0000
         0
    0.0000
    0.0000
         0
    0.0000
    0.0000
    0.0000
         0
    0.0000
         0
    0.0000
  274.1859

  -1.0000e+09

    3.1083

End of this iteration
x-value
         0
    2.7422
    2.8739
    1.2223
    4.0889
    0.0000
         0
         0
    0.0000
    0.0000
    0.0000
         0
    0.0000
         0
    0.0000
    0.0000
   -0.0000
    0.0000
         0
         0
         0
         0
         0
         0
         0
    0.0000
         0
   -0.0000
    0.0000
         0
         0
    0.0000
         0
    0.0000
    0.0000
    0.0000
  270.2075

  -1.0000e+09

    3.0284

End of this iteration
x-value
         0
    2.5800
    3.0726
    1.0374
    4.1752
    0.0000
    0.0000
         0
    0.0000
         0
         0
    0.0000
    0.0000
    0.0000
         0
    0.0000
         0
    0.0000
    0.0000
    0.0000
    0.0000
    0.0000
         0
    0.0000
         0
   -0.0000
    0.0000
         0
         0
         0
    0.0000
    0.0000
    0.0000
         0
    0.0000
    0.0000
  274.1859

  -1.0000e+09

    3.1083

End of this iteration
x-value
    0.0000
    2.5800
    3.0726
    1.0374
    4.1752
    0.0000
         0
    0.0000
    0.0000
    0.0000
    0.0000
    0.0000
         0
   -0.0000
    0.0000
    0.0000
         0
    0.0000
    0.0000
   -0.0000
         0
    0.0000
   -0.0000
    0.0000
         0
         0
    0.0000
         0
         0
    0.0000
    0.0000
         0
    0.0000
    0.0000
    0.0000
         0
  274.1859

  -1.0000e+09

    3.1083

End of this iteration
x-value
    0.0000
    2.7422
    2.8739
    1.2223
    4.0889
         0
    0.0000
         0
         0
         0
         0
    0.0000
         0
    0.0000
         0
    0.0000
    0.0000
    0.0000
         0
    0.0000
    0.0000
    0.0000
         0
         0
         0
    0.0000
    0.0000
         0
    0.0000
         0
    0.0000
    0.0000
    0.0000
         0
    0.0000
    0.0000
  270.2075

  -1.0000e+09

    3.0284

End of this iteration
x-value
    0.0000
    2.8025
    2.7960
    1.2678
    4.0698
         0
         0
         0
    0.0000
         0
    0.0000
         0
         0
    0.0000
         0
         0
    0.0000
         0
    0.0000
    0.0000
         0
    0.0000
    0.0000
    0.0000
         0
         0
         0
   -0.0000
         0
         0
         0
    0.0000
         0
         0
    0.0000
    0.0000
  270.2848

  -1.0000e+09

    2.9992

End of this iteration
x-value
    0.0000
    2.6099
    2.9183
    1.2203
    4.0667
    0.0000
         0
         0
         0
         0
         0
         0
         0
         0
    0.0000
         0
    0.0000
    0.0000
         0
         0
    0.0000
         0
    0.0000
         0
    0.0000
    0.0000
    0.0000
         0
    0.0000
         0
    0.0000
    0.0000
    0.0000
    0.0000
    0.0000
         0
  267.1730

  -1.0000e+09

    3.1046

End of this iteration
x-value
         0
    2.5800
    3.0726
    1.0374
    4.1752
    0.0000
    0.0000
         0
         0
         0
    0.0000
         0
    0.0000
         0
    0.0000
         0
         0
   -0.0000
         0
    0.0000
    0.0000
    0.0000
    0.0000
    0.0000
         0
    0.0000
         0
    0.0000
         0
    0.0000
    0.0000
         0
    0.0000
   -0.0000
         0
    0.0000
  274.1859

  -1.0000e+09

    3.1083

End of this iteration
x-value
         0
    2.6646
    2.9945
    1.0745
    4.1607
         0
         0
         0
         0
         0
    0.0000
    0.0000
    0.0000
    0.0000
    0.0000
         0
    0.0000
    0.0000
    0.0000
    0.0000
   -0.0000
    0.0000
         0
    0.0000
   -0.0000
         0
    0.0000
    0.0000
    0.0000
    0.0000
         0
         0
         0
    0.0000
         0
         0
  274.7029

  -1.0000e+09

    3.0643

End of this iteration
x-value
         0
    2.8174
    2.7732
    1.2961
    4.0355
    0.0000
    0.0000
         0
   -0.0000
         0
         0
         0
    0.0000
         0
         0
    0.0000
    0.0000
    0.0000
    0.0000
    0.0000
         0
         0
    0.0000
    0.0000
    0.0000
    0.0000
    0.0000
    0.0000
    0.0000
   -0.0000
    0.0000
         0
         0
         0
         0
    0.0000
  267.4926

  -1.0000e+09

    2.9922

End of this iteration
x-value
    0.0000
    2.8174
    2.7732
    1.2961
    4.0355
         0
         0
         0
         0
    0.0000
    0.0000
         0
    0.0000
    0.0000
    0.0000
         0
    0.0000
    0.0000
    0.0000
    0.0000
    0.0000
    0.0000
         0
         0
         0
         0
         0
         0
         0
    0.0000
    0.0000
         0
    0.0000
    0.0000
         0
         0
  267.4926

  -1.0000e+09

    2.9922

End of this iteration
x-value
    0.0000
    2.7422
    2.8739
    1.2223
    4.0889
    0.0000
         0
         0
    0.0000
    0.0000
    0.0000
    0.0000
         0
         0
    0.0000
         0
    0.0000
    0.0000
    0.0000
    0.0000
    0.0000
    0.0000
    0.0000
         0
    0.0000
    0.0000
         0
    0.0000
         0
    0.0000
         0
         0
         0
         0
         0
    0.0000
  270.2075

  -1.0000e+09

    3.0284

End of this iteration
x-value
         0
    2.8025
    2.7960
    1.2678
    4.0698
         0
    0.0000
         0
    0.0000
    0.0000
         0
         0
    0.0000
    0.0000
    0.0000
         0
         0
         0
    0.0000
    0.0000
    0.0000
    0.0000
    0.0000
    0.0000
         0
         0
         0
         0
    0.0000
    0.0000
         0
    0.0000
    0.0000
    0.0000
         0
    0.0000
  270.2848

  -1.0000e+09

    2.9992

End of this iteration
x-value
    0.0000
    2.5800
    3.0726
    1.0374
    4.1752
         0
         0
         0
         0
         0
    0.0000
    0.0000
         0
    0.0000
         0
    0.0000
    0.0000
         0
    0.0000
    0.0000
    0.0000
    0.0000
    0.0000
    0.0000
         0
         0
    0.0000
    0.0000
    0.0000
         0
         0
         0
    0.0000
    0.0000
    0.0000
   -0.0000
  274.1860

  -1.0000e+09

    3.1083

End of this iteration
x-value
    0.0000
    2.7422
    2.8739
    1.2223
    4.0889
         0
         0
         0
         0
    0.0000
    0.0000
         0
    0.0000
         0
    0.0000
         0
    0.0000
         0
    0.0000
    0.0000
    0.0000
         0
    0.0000
   -0.0000
    0.0000
         0
    0.0000
    0.0000
    0.0000
         0
    0.0000
         0
         0
         0
         0
    0.0000
  270.2075

  -1.0000e+09

    3.0284

End of this iteration
x-value
         0
    2.7422
    2.8739
    1.2223
    4.0889
    0.0000
         0
    0.0000
         0
         0
         0
    0.0000
         0
         0
         0
         0
         0
    0.0000
    0.0000
         0
         0
    0.0000
         0
   -0.0000
    0.0000
    0.0000
         0
         0
    0.0000
         0
    0.0000
    0.0000
         0
    0.0000
         0
    0.0000
  270.2075

  -1.0000e+09

    3.0284

End of this iteration
x-value
    0.0000
    2.4213
    3.2728
    0.9386
    4.2140
         0
         0
    0.0000
    0.0000
    0.0000
         0
    0.0000
    0.0000
         0
    0.0000
         0
    0.0000
    0.0000
         0
    0.0000
   -0.0000
         0
         0
         0
    0.0000
    0.0000
   -0.0000
    0.0000
    0.0000
    0.0000
    0.0000
         0
         0
    0.0000
    0.0000
    0.0000
  272.8738

  -1.0000e+09

    3.1856

End of this iteration
x-value
    0.0000
    2.8855
    2.6766
    1.3844
    4.0137
    0.0000
         0
         0
    0.0000
    0.0000
    0.0000
         0
    0.0000
    0.0000
         0
    0.0000
    0.0000
    0.0000
    0.0000
    0.0000
         0
    0.0000
         0
         0
    0.0000
         0
   -0.0000
         0
   -0.0000
    0.0000
         0
    0.0000
         0
    0.0000
    0.0000
    0.0000
  267.4930

  -1.0000e+09

    2.9600

End of this iteration
x-value
    0.0000
    2.5800
    3.0726
    1.0374
    4.1752
         0
         0
   -0.0000
    0.0000
         0
    0.0000
    0.0000
    0.0000
   -0.0000
    0.0000
    0.0000
         0
    0.0000
    0.0000
    0.0000
         0
         0
         0
    0.0000
    0.0000
    0.0000
    0.0000
         0
   -0.0000
   -0.0000
    0.0000
         0
    0.0000
         0
    0.0000
         0
  274.1860

  -1.0000e+09

    3.1083

End of this iteration
x-value
         0
    2.7422
    2.8739
    1.2223
    4.0889
         0
         0
    0.0000
    0.0000
         0
    0.0000
         0
    0.0000
         0
   -0.0000
         0
    0.0000
    0.0000
    0.0000
    0.0000
    0.0000
         0
         0
    0.0000
    0.0000
    0.0000
    0.0000
    0.0000
    0.0000
         0
         0
    0.0000
    0.0000
    0.0000
    0.0000
    0.0000
  270.2075

  -1.0000e+09

    3.0284

End of this iteration
x-value
    0.0000
    2.8025
    2.7960
    1.2678
    4.0698
         0
    0.0000
    0.0000
    0.0000
         0
         0
    0.0000
    0.0000
    0.0000
         0
    0.0000
    0.0000
    0.0000
    0.0000
         0
         0
    0.0000
         0
         0
         0
         0
         0
    0.0000
    0.0000
    0.0000
         0
    0.0000
    0.0000
    0.0000
    0.0000
         0
  270.2848

  -1.0000e+09

    2.9992

End of this iteration
x-value
    0.0000
    2.5800
    3.0726
    1.0374
    4.1752
    0.0000
    0.0000
         0
    0.0000
         0
    0.0000
    0.0000
    0.0000
         0
         0
    0.0000
    0.0000
   -0.0000
         0
    0.0000
         0
    0.0000
    0.0000
         0
    0.0000
         0
    0.0000
         0
    0.0000
    0.0000
         0
    0.0000
    0.0000
         0
         0
    0.0000
  274.1859

  -1.0000e+09

    3.1083

End of this iteration
x-value
    0.0000
    2.7672
    2.8121
    1.2605
    4.0726
    0.0000
    0.0000
    0.0000
    0.0000
    0.0000
    0.0000
    0.0000
    0.0000
         0
         0
    0.0000
    0.0000
    0.0000
    0.0000
    0.0000
   -0.0000
    0.0000
   -0.0000
    0.0000
    0.0000
    0.0000
    0.0000
    0.0000
    0.0000
    0.0000
         0
    0.0000
    0.0000
   -0.0000
         0
    0.0000
  270.2163

  -1.0000e+09

    3.0191

End of this iteration
x-value
         0
    2.4213
    3.2728
    0.9386
    4.2140
    0.0000
    0.0000
   -0.0000
         0
    0.0000
         0
         0
    0.0000
    0.0000
         0
    0.0000
    0.0000
    0.0000
         0
    0.0000
    0.0000
    0.0000
         0
         0
         0
    0.0000
   -0.0000
    0.0000
    0.0000
    0.0000
         0
         0
         0
         0
    0.0000
    0.0000
  272.8738

  -1.0000e+09

    3.1856

End of this iteration
x-value
         0
    2.7820
    2.7894
    1.2888
    4.0383
    0.0000
         0
         0
    0.0000
         0
    0.0000
   -0.0000
         0
         0
         0
    0.0000
         0
    0.0000
    0.0000
    0.0000
    0.0000
         0
    0.0000
    0.0000
   -0.0000
    0.0000
         0
    0.0000
         0
         0
    0.0000
    0.0000
    0.0000
         0
    0.0000
   -0.0000
  267.4296

  -1.0000e+09

    3.0122

End of this iteration
x-value
         0
    2.5800
    3.0726
    1.0374
    4.1752
    0.0000
    0.0000
         0
         0
         0
         0
    0.0000
    0.0000
    0.0000
         0
    0.0000
    0.0000
         0
         0
    0.0000
         0
    0.0000
    0.0000
    0.0000
         0
    0.0000
    0.0000
         0
         0
         0
    0.0000
    0.0000
    0.0000
         0
         0
         0
  274.1859

  -1.0000e+09

    3.1083

End of this iteration
x-value
    0.0000
    2.2826
    3.3238
    0.9196
    4.2208
    0.0000
         0
    0.0000
         0
         0
         0
    0.0000
    0.0000
    0.0000
         0
         0
         0
    0.0000
    0.0000
         0
         0
         0
    0.0000
    0.0000
         0
   -0.0000
    0.0000
    0.0000
    0.0000
    0.0000
         0
         0
    0.0000
         0
    0.0000
    0.0000
  299.6758

  -1.0000e+09

    3.2652

End of this iteration
x-value
         0
    2.5800
    3.0726
    1.0374
    4.1752
    0.0000
         0
    0.0000
         0
    0.0000
    0.0000
    0.0000
    0.0000
         0
    0.0000
    0.0000
         0
    0.0000
         0
         0
         0
    0.0000
    0.0000
    0.0000
    0.0000
    0.0000
    0.0000
    0.0000
         0
         0
    0.0000
         0
    0.0000
         0
    0.0000
         0
  274.1859

  -1.0000e+09

    3.1083

End of this iteration
x-value
    0.0000
    2.3469
    3.3758
    0.8519
    4.2568
    0.0000
    0.0000
   -0.0000
    0.0000
    0.0000
    0.0000
    0.0000
    0.0000
    0.0000
    0.0000
         0
    0.0000
         0
    0.0000
    0.0000
    0.0000
    0.0000
    0.0000
         0
    0.0000
    0.0000
         0
   -0.0000
         0
         0
   -0.0000
    0.0000
         0
         0
    0.0000
         0
  274.6400

  -1.0000e+09

    3.2211

End of this iteration
x-value
    0.0000
    2.9384
    2.6131
    1.4026
    4.0098
         0
    0.0000
   -0.0000
         0
    0.0000
    0.0000
    0.0000
    0.0000
         0
         0
   -0.0000
    0.0000
         0
    0.0000
    0.0000
    0.0000
    0.0000
    0.0000
    0.0000
         0
    0.0000
         0
    0.0000
    0.0000
    0.0000
         0
    0.0000
    0.0000
         0
         0
         0
  268.8068

  -1.0000e+09

    2.9339

End of this iteration
x-value
    0.0000
    2.5800
    3.0726
    1.0374
    4.1752
    0.0000
         0
    0.0000
         0
    0.0000
    0.0000
         0
         0
         0
    0.0000
    0.0000
    0.0000
         0
    0.0000
    0.0000
    0.0000
         0
   -0.0000
    0.0000
         0
    0.0000
    0.0000
         0
    0.0000
    0.0000
    0.0000
         0
    0.0000
    0.0000
    0.0000
    0.0000
  274.1859

  -1.0000e+09

    3.1083

End of this iteration
x-value
    0.0000
    2.5800
    3.0726
    1.0374
    4.1752
    0.0000
   -0.0000
    0.0000
         0
         0
    0.0000
         0
    0.0000
         0
         0
    0.0000
    0.0000
         0
   -0.0000
    0.0000
    0.0000
    0.0000
   -0.0000
    0.0000
         0
         0
         0
   -0.0000
         0
    0.0000
         0
   -0.0000
    0.0000
    0.0000
   -0.0000
    0.0000
  274.1859

  -1.0000e+09

    3.1083

End of this iteration
x-value
    0.0000
    2.4213
    3.2728
    0.9386
    4.2140
         0
   -0.0000
    0.0000
         0
    0.0000
   -0.0000
    0.0000
    0.0000
    0.0000
    0.0000
         0
         0
         0
         0
         0
    0.0000
    0.0000
    0.0000
         0
         0
    0.0000
         0
    0.0000
         0
    0.0000
    0.0000
         0
         0
    0.0000
         0
    0.0000
  272.8738

  -1.0000e+09

    3.1856

End of this iteration
x-value
         0
    2.7820
    2.7894
    1.2888
    4.0383
         0
    0.0000
   -0.0000
         0
    0.0000
    0.0000
    0.0000
    0.0000
    0.0000
         0
    0.0000
         0
    0.0000
   -0.0000
   -0.0000
    0.0000
    0.0000
    0.0000
    0.0000
    0.0000
         0
    0.0000
    0.0000
         0
    0.0000
    0.0000
   -0.0000
         0
   -0.0000
    0.0000
   -0.0000
  267.4296

  -1.0000e+09

    3.0122

End of this iteration
x-value
    0.0000
    2.5800
    3.0726
    1.0374
    4.1752
    0.0000
         0
    0.0000
         0
         0
    0.0000
         0
         0
    0.0000
    0.0000
   -0.0000
    0.0000
         0
    0.0000
    0.0000
    0.0000
         0
         0
    0.0000
    0.0000
         0
   -0.0000
         0
         0
    0.0000
         0
    0.0000
    0.0000
    0.0000
         0
    0.0000
  274.1859

  -1.0000e+09

    3.1083

End of this iteration
x-value
    0.0000
    2.3832
    3.3579
    0.8625
    4.2492
    0.0000
         0
    0.0000
    0.0000
         0
    0.0000
         0
         0
         0
    0.0000
    0.0000
    0.0000
    0.0000
    0.0000
    0.0000
    0.0000
         0
    0.0000
         0
         0
    0.0000
         0
    0.0000
    0.0000
    0.0000
         0
         0
         0
    0.0000
    0.0000
    0.0000
  274.2804

  -1.0000e+09

    3.2007

End of this iteration
x-value
    0.0000
    2.3559
    3.3975
    0.8218
    4.2885
         0
   -0.0000
    0.0000
         0
    0.0000
    0.0000
    0.0000
    0.0000
    0.0000
   -0.0000
         0
    0.0000
    0.0000
         0
         0
    0.0000
         0
         0
    0.0000
         0
    0.0000
    0.0000
   -0.0000
         0
    0.0000
         0
    0.0000
         0
         0
    0.0000
         0
  277.1616

  -1.0000e+09

    3.2136

End of this iteration
x-value
    0.0000
    2.5934
    2.9417
    1.1918
    4.1009
    0.0000
         0
         0
         0
    0.0000
         0
    0.0000
         0
         0
         0
    0.0000
         0
    0.0000
    0.0000
    0.0000
    0.0000
         0
   -0.0000
    0.0000
    0.0000
         0
   -0.0000
    0.0000
         0
    0.0000
    0.0000
         0
    0.0000
    0.0000
         0
    0.0000
  269.9425

  -1.0000e+09

    3.1124

End of this iteration
x-value
    0.0000
    2.5800
    3.0726
    1.0374
    4.1752
    0.0000
         0
    0.0000
         0
         0
    0.0000
         0
    0.0000
    0.0000
    0.0000
    0.0000
    0.0000
    0.0000
    0.0000
    0.0000
         0
    0.0000
    0.0000
    0.0000
    0.0000
    0.0000
         0
    0.0000
         0
         0
    0.0000
    0.0000
    0.0000
         0
    0.0000
         0
  274.1859

  -1.0000e+09

    3.1083

End of this iteration
x-value
    0.0000
    2.5800
    3.0726
    1.0374
    4.1752
         0
         0
    0.0000
    0.0000
    0.0000
         0
    0.0000
    0.0000
         0
         0
    0.0000
    0.0000
         0
    0.0000
    0.0000
    0.0000
    0.0000
         0
         0
    0.0000
         0
         0
         0
    0.0000
         0
         0
    0.0000
    0.0000
    0.0000
         0
    0.0000
  274.1859

  -1.0000e+09

    3.1083

End of this iteration
x-value
    0.0000
    2.5800
    3.0726
    1.0374
    4.1752
   -0.0000
         0
         0
    0.0000
    0.0000
    0.0000
    0.0000
    0.0000
    0.0000
    0.0000
         0
    0.0000
         0
         0
         0
         0
    0.0000
    0.0000
         0
    0.0000
    0.0000
         0
    0.0000
         0
         0
    0.0000
    0.0000
    0.0000
    0.0000
         0
    0.0000
  274.1859

  -1.0000e+09

    3.1083

End of this iteration
x-value
    0.0000
    2.5800
    3.0726
    1.0374
    4.1752
         0
    0.0000
    0.0000
    0.0000
         0
    0.0000
         0
         0
    0.0000
    0.0000
    0.0000
         0
    0.0000
    0.0000
    0.0000
    0.0000
    0.0000
         0
         0
         0
    0.0000
   -0.0000
         0
    0.0000
         0
         0
    0.0000
    0.0000
   -0.0000
    0.0000
    0.0000
  274.1859

  -1.0000e+09

    3.1083

End of this iteration
x-value
    0.0000
    2.2437
    3.3418
    0.9096
    4.2275
    0.0000
         0
         0
    0.0000
    0.0000
    0.0000
         0
         0
         0
         0
         0
    0.0000
    0.0000
         0
         0
         0
    0.0000
   -0.0000
    0.0000
    0.0000
    0.0000
    0.0000
         0
    0.0000
    0.0000
    0.0000
         0
         0
    0.0000
    0.0000
         0
  272.7833

  -1.0000e+09

    3.2872

End of this iteration
x-value
    0.0000
    2.7422
    2.8739
    1.2223
    4.0889
    0.0000
         0
    0.0000
    0.0000
         0
    0.0000
         0
    0.0000
         0
         0
         0
         0
    0.0000
         0
    0.0000
    0.0000
    0.0000
    0.0000
    0.0000
    0.0000
    0.0000
   -0.0000
         0
   -0.0000
         0
         0
    0.0000
    0.0000
         0
    0.0000
         0
  270.2075

  -1.0000e+09

    3.0284

End of this iteration
x-value
    0.0000
    2.7422
    2.8739
    1.2223
    4.0889
    0.0000
         0
    0.0000
    0.0000
    0.0000
         0
    0.0000
         0
    0.0000
    0.0000
         0
    0.0000
    0.0000
         0
    0.0000
         0
         0
         0
    0.0000
    0.0000
    0.0000
    0.0000
    0.0000
    0.0000
         0
    0.0000
    0.0000
         0
         0
    0.0000
         0
  270.2075

  -1.0000e+09

    3.0284

End of this iteration
x-value
         0
    2.5800
    3.0726
    1.0374
    4.1752
    0.0000
    0.0000
         0
         0
    0.0000
         0
         0
         0
         0
    0.0000
         0
         0
    0.0000
    0.0000
    0.0000
         0
    0.0000
         0
    0.0000
    0.0000
         0
         0
         0
         0
         0
    0.0000
    0.0000
    0.0000
         0
    0.0000
         0
  274.1859

  -1.0000e+09

    3.1083

End of this iteration
x-value
    0.0000
    2.5800
    3.0726
    1.0374
    4.1752
   -0.0000
    0.0000
         0
    0.0000
   -0.0000
   -0.0000
    0.0000
   -0.0000
    0.0000
         0
    0.0000
    0.0000
    0.0000
         0
         0
    0.0000
    0.0000
    0.0000
   -0.0000
   -0.0000
   -0.0000
         0
         0
    0.0000
    0.0000
         0
    0.0000
    0.0000
    0.0000
         0
    0.0000
  274.1859

  -1.0000e+09

    3.1083

End of this iteration
x-value
         0
    2.7385
    2.8456
    1.2560
    4.0523
         0
    0.0000
    0.0000
    0.0000
         0
    0.0000
    0.0000
         0
    0.0000
    0.0000
    0.0000
    0.0000
         0
    0.0000
   -0.0000
    0.0000
         0
    0.0000
         0
    0.0000
    0.0000
    0.0000
    0.0000
    0.0000
    0.0000
    0.0000
    0.0000
    0.0000
    0.0000
    0.0000
    0.0000
  267.3881

  -1.0000e+09

    3.0333

End of this iteration
x-value
    0.0000
    2.7932
    2.8005
    1.2940
    4.0545
    0.0000
         0
    0.0000
         0
    0.0000
         0
   -0.0000
         0
    0.0000
         0
    0.0000
    0.0000
         0
         0
         0
         0
         0
    0.0000
    0.0000
    0.0000
         0
         0
         0
    0.0000
         0
    0.0000
    0.0000
    0.0000
    0.0000
         0
    0.0000
  268.5015

  -1.0000e+09

    3.0043

End of this iteration
x-value
         0
    2.7422
    2.8739
    1.2223
    4.0889
    0.0000
    0.0000
    0.0000
    0.0000
    0.0000
    0.0000
   -0.0000
         0
    0.0000
    0.0000
    0.0000
         0
    0.0000
    0.0000
         0
         0
    0.0000
    0.0000
    0.0000
   -0.0000
    0.0000
    0.0000
    0.0000
         0
    0.0000
    0.0000
    0.0000
    0.0000
    0.0000
    0.0000
         0
  235.7050

  -1.0000e+09

    3.0284

End of this iteration
x-value
         0
    2.5800
    3.0726
    1.0374
    4.1752
    0.0000
    0.0000
    0.0000
    0.0000
         0
         0
    0.0000
         0
    0.0000
    0.0000
    0.0000
         0
   -0.0000
    0.0000
         0
    0.0000
    0.0000
    0.0000
    0.0000
    0.0000
    0.0000
    0.0000
    0.0000
         0
         0
         0
         0
    0.0000
   -0.0000
         0
    0.0000
  274.1859

  -1.0000e+09

    3.1083

End of this iteration
x-value
    0.0000
    2.7422
    2.8739
    1.2223
    4.0889
    0.0000
    0.0000
    0.0000
    0.0000
    0.0000
    0.0000
         0
         0
         0
    0.0000
         0
    0.0000
   -0.0000
         0
    0.0000
    0.0000
    0.0000
         0
    0.0000
    0.0000
         0
    0.0000
    0.0000
         0
    0.0000
    0.0000
         0
    0.0000
    0.0000
   -0.0000
    0.0000
  270.2075

  -1.0000e+09

    3.0284

End of this iteration
x-value
    0.0000
    2.7422
    2.8739
    1.2223
    4.0889
         0
    0.0000
         0
         0
         0
    0.0000
    0.0000
         0
         0
         0
    0.0000
         0
    0.0000
         0
    0.0000
         0
         0
         0
    0.0000
    0.0000
    0.0000
         0
    0.0000
    0.0000
    0.0000
         0
    0.0000
    0.0000
    0.0000
    0.0000
         0
  270.2075

  -1.0000e+09

    3.0284

End of this iteration
x-value
    0.0000
    2.6099
    2.9183
    1.2203
    4.0667
         0
         0
         0
    0.0000
    0.0000
         0
    0.0000
    0.0000
    0.0000
    0.0000
    0.0000
    0.0000
         0
    0.0000
    0.0000
    0.0000
    0.0000
    0.0000
         0
         0
         0
    0.0000
    0.0000
    0.0000
         0
         0
    0.0000
    0.0000
    0.0000
         0
    0.0000
  267.1730

  -1.0000e+09

    3.1046

End of this iteration
x-value
         0
    2.5800
    3.0726
    1.0374
    4.1752
    0.0000
    0.0000
         0
         0
         0
   -0.0000
   -0.0000
    0.0000
    0.0000
    0.0000
         0
         0
    0.0000
    0.0000
    0.0000
    0.0000
    0.0000
         0
         0
         0
    0.0000
    0.0000
         0
    0.0000
         0
         0
    0.0000
    0.0000
    0.0000
         0
    0.0000
  274.1859

  -1.0000e+09

    3.1083

End of this iteration
x-value
    0.0000
    2.4213
    3.2728
    0.9386
    4.2140
         0
         0
    0.0000
    0.0000
         0
    0.0000
    0.0000
    0.0000
         0
         0
    0.0000
    0.0000
         0
    0.0000
         0
    0.0000
    0.0000
         0
         0
    0.0000
    0.0000
    0.0000
    0.0000
   -0.0000
    0.0000
    0.0000
         0
         0
    0.0000
    0.0000
         0
  272.8738

  -1.0000e+09

    3.1856

End of this iteration
x-value
         0
    2.7820
    2.7894
    1.2888
    4.0383
    0.0000
    0.0000
    0.0000
    0.0000
         0
   -0.0000
         0
         0
    0.0000
         0
         0
    0.0000
         0
    0.0000
         0
         0
    0.0000
         0
    0.0000
         0
         0
    0.0000
   -0.0000
         0
         0
         0
    0.0000
    0.0000
         0
         0
         0
  267.4296

  -1.0000e+09

    3.0122

End of this iteration
x-value
    0.0000
    2.3939
    3.3125
    0.8979
    4.2534
         0
         0
    0.0000
    0.0000
         0
    0.0000
         0
         0
    0.0000
         0
    0.0000
         0
    0.0000
    0.0000
    0.0000
    0.0000
    0.0000
         0
         0
         0
    0.0000
    0.0000
    0.0000
    0.0000
         0
    0.0000
    0.0000
         0
    0.0000
         0
    0.0000
  275.7550

  -1.0000e+09

    3.1985

End of this iteration
x-value
         0
    2.5800
    3.0726
    1.0374
    4.1752
    0.0000
    0.0000
    0.0000
         0
         0
   -0.0000
    0.0000
         0
    0.0000
    0.0000
    0.0000
    0.0000
    0.0000
    0.0000
    0.0000
    0.0000
    0.0000
    0.0000
         0
         0
    0.0000
         0
         0
         0
    0.0000
    0.0000
         0
    0.0000
    0.0000
         0
         0
  274.1859

  -1.0000e+09

    3.1083

End of this iteration
x-value
    0.0000
    2.9646
    2.5855
    1.3909
    4.0174
    0.0000
         0
    0.0000
    0.0000
         0
         0
    0.0000
    0.0000
    0.0000
    0.0000
    0.0000
    0.0000
    0.0000
    0.0000
         0
    0.0000
         0
         0
         0
         0
    0.0000
    0.0000
    0.0000
    0.0000
    0.0000
    0.0000
    0.0000
         0
         0
    0.0000
         0
  270.4184

  -1.0000e+09

    2.9207

End of this iteration
x-value
         0
    2.7070
    2.8898
    1.2153
    4.0914
         0
         0
         0
    0.0000
    0.0000
         0
    0.0000
         0
         0
    0.0000
         0
    0.0000
         0
    0.0000
    0.0000
         0
         0
    0.0000
         0
    0.0000
         0
         0
    0.0000
         0
    0.0000
         0
    0.0000
    0.0000
         0
    0.0000
         0
  270.1177

  -1.0000e+09

    3.0483

End of this iteration
x-value
    0.0000
    2.4180
    3.2776
    0.9337
    4.2187
    0.0000
         0
    0.0000
         0
    0.0000
    0.0000
    0.0000
    0.0000
         0
         0
         0
    0.0000
    0.0000
         0
    0.0000
    0.0000
         0
         0
         0
    0.0000
         0
    0.0000
         0
    0.0000
         0
    0.0000
         0
    0.0000
    0.0000
    0.0000
    0.0000
  273.2170

  -1.0000e+09

    3.0955

End of this iteration
x-value
   -0.0000
    2.5800
    3.0726
    1.0374
    4.1752
         0
         0
         0
    0.0000
    0.0000
         0
    0.0000
    0.0000
    0.0000
         0
    0.0000
    0.0000
         0
    0.0000
    0.0000
    0.0000
    0.0000
    0.0000
         0
    0.0000
         0
    0.0000
         0
    0.0000
    0.0000
    0.0000
         0
         0
         0
         0
         0
  274.1859

  -1.0000e+09

    3.1083

End of this iteration
x-value
    0.0000
    2.5800
    3.0726
    1.0374
    4.1752
   -0.0000
   -0.0000
    0.0000
         0
         0
         0
         0
         0
         0
         0
    0.0000
    0.0000
         0
   -0.0000
         0
    0.0000
         0
    0.0000
    0.0000
    0.0000
         0
         0
    0.0000
         0
         0
    0.0000
    0.0000
    0.0000
    0.0000
         0
    0.0000
  274.1859

  -1.0000e+09

    3.1083

End of this iteration
x-value
    0.0000
    2.8330
    2.7160
    1.3605
    4.0039
         0
         0
    0.0000
    0.0000
         0
    0.0000
    0.0000
    0.0000
         0
    0.0000
    0.0000
         0
    0.0000
    0.0000
    0.0000
         0
    0.0000
         0
    0.0000
         0
         0
         0
    0.0000
   -0.0000
         0
         0
         0
    0.0000
         0
    0.0000
    0.0000
  265.7235

  -1.0000e+09

    2.9881

End of this iteration
x-value
    0.0000
    2.5800
    3.0726
    1.0374
    4.1752
    0.0000
         0
    0.0000
         0
    0.0000
         0
         0
         0
    0.0000
         0
         0
         0
    0.0000
    0.0000
         0
    0.0000
         0
         0
         0
    0.0000
         0
         0
    0.0000
    0.0000
    0.0000
         0
    0.0000
         0
    0.0000
         0
    0.0000
  274.1859

  -1.0000e+09

    3.1083

End of this iteration
x-value
    0.0000
    2.5327
    3.1406
    0.9711
    4.2063
    0.0000
    0.0000
         0
    0.0000
    0.0000
         0
         0
    0.0000
         0
    0.0000
    0.0000
         0
   -0.0000
    0.0000
         0
         0
    0.0000
    0.0000
    0.0000
         0
         0
    0.0000
    0.0000
    0.0000
    0.0000
         0
    0.0000
         0
    0.0000
         0
         0
  275.6991

  -1.0000e+09

    3.1307

End of this iteration
x-value
   -0.0000
    2.4213
    3.2728
    0.9386
    4.2140
    0.0000
    0.0000
    0.0000
    0.0000
         0
    0.0000
         0
    0.0000
         0
         0
    0.0000
         0
    0.0000
         0
         0
         0
    0.0000
    0.0000
         0
         0
         0
         0
         0
    0.0000
         0
    0.0000
         0
    0.0000
    0.0000
         0
         0
  272.8738

  -1.0000e+09

    3.1856

End of this iteration
x-value
    0.0000
    2.3832
    3.3579
    0.8625
    4.2492
    0.0000
    0.0000
         0
    0.0000
    0.0000
         0
    0.0000
         0
   -0.0000
    0.0000
    0.0000
   -0.0000
         0
    0.0000
    0.0000
         0
         0
    0.0000
         0
         0
         0
         0
         0
    0.0000
         0
         0
    0.0000
   -0.0000
    0.0000
    0.0000
    0.0000
  274.2804

  -1.0000e+09

    3.2007

End of this iteration
x-value
    0.0000
    2.5800
    3.0726
    1.0374
    4.1752
         0
         0
         0
    0.0000
         0
         0
    0.0000
         0
    0.0000
         0
    0.0000
         0
         0
    0.0000
         0
         0
    0.0000
         0
         0
         0
    0.0000
         0
         0
    0.0000
         0
         0
         0
    0.0000
    0.0000
         0
         0
  274.1859

  -1.0000e+09

    3.1083

End of this iteration
x-value
    0.0000
    2.5800
    3.0726
    1.0374
    4.1752
   -0.0000
         0
    0.0000
    0.0000
         0
         0
    0.0000
    0.0000
   -0.0000
   -0.0000
    0.0000
    0.0000
    0.0000
    0.0000
    0.0000
         0
    0.0000
    0.0000
    0.0000
         0
    0.0000
         0
   -0.0000
    0.0000
    0.0000
         0
   -0.0000
         0
    0.0000
         0
         0
  274.1859

  -1.0000e+09

    3.1083

End of this iteration
x-value
    0.0000
    2.5119
    3.1720
    0.9345
    4.2441
    0.0000
   -0.0000
         0
         0
    0.0000
    0.0000
         0
         0
         0
    0.0000
         0
         0
         0
    0.0000
         0
         0
    0.0000
         0
         0
    0.0000
         0
   -0.0000
   -0.0000
   -0.0000
    0.0000
    0.0000
         0
         0
    0.0000
    0.0000
    0.0000
  278.6340

  -1.0000e+09

    3.1404

End of this iteration
x-value
    0.0000
    2.7422
    2.8739
    1.2223
    4.0889
         0
    0.0000
    0.0000
         0
         0
         0
         0
         0
         0
    0.0000
    0.0000
    0.0000
    0.0000
    0.0000
    0.0000
         0
    0.0000
         0
         0
         0
    0.0000
         0
    0.0000
    0.0000
    0.0000
    0.0000
         0
         0
    0.0000
    0.0000
         0
  270.2075

  -1.0000e+09

    3.0284

End of this iteration
x-value
    0.0000
    2.4213
    3.2728
    0.9386
    4.2140
    0.0000
         0
    0.0000
         0
    0.0000
         0
    0.0000
         0
    0.0000
         0
    0.0000
    0.0000
         0
         0
    0.0000
    0.0000
         0
         0
         0
    0.0000
   -0.0000
    0.0000
    0.0000
    0.0000
         0
    0.0000
   -0.0000
    0.0000
         0
    0.0000
    0.0000
  272.8738

  -1.0000e+09

    3.1856

End of this iteration
x-value
    0.0000
    2.5800
    3.0726
    1.0374
    4.1752
         0
         0
    0.0000
    0.0000
         0
         0
         0
    0.0000
    0.0000
    0.0000
         0
         0
    0.0000
         0
         0
         0
    0.0000
    0.0000
    0.0000
    0.0000
         0
    0.0000
         0
    0.0000
    0.0000
         0
         0
    0.0000
    0.0000
    0.0000
         0
  274.1859

  -1.0000e+09

    3.1083

End of this iteration
x-value
    0.0000
    2.2904
    3.4801
    0.7811
    4.3046
    0.0000
         0
         0
         0
         0
         0
         0
    0.0000
    0.0000
    0.0000
         0
    0.0000
   -0.0000
    0.0000
    0.0000
    0.0000
    0.0000
    0.0000
         0
    0.0000
         0
    0.0000
         0
         0
   -0.0000
    0.0000
    0.0000
         0
    0.0000
    0.0000
         0
  276.6207

  -1.0000e+09

    3.2455

End of this iteration
x-value
    0.0000
    2.5800
    3.0726
    1.0374
    4.1752
    0.0000
         0
    0.0000
         0
         0
         0
         0
    0.0000
    0.0000
         0
         0
    0.0000
    0.0000
         0
         0
         0
    0.0000
         0
    0.0000
         0
    0.0000
         0
         0
    0.0000
    0.0000
         0
    0.0000
    0.0000
    0.0000
         0
         0
  274.1859

  -1.0000e+09

    3.1083

End of this iteration
x-value
         0
    2.3939
    3.3125
    0.8979
    4.2534
   -0.0000
         0
         0
    0.0000
    0.0000
         0
    0.0000
         0
    0.0000
         0
    0.0000
    0.0000
         0
    0.0000
         0
         0
    0.0000
    0.0000
         0
         0
    0.0000
         0
         0
         0
    0.0000
    0.0000
    0.0000
         0
    0.0000
         0
    0.0000
  228.6874

  -1.0000e+09

    3.1985

End of this iteration
x-value
    0.0000
    2.5800
    3.0726
    1.0374
    4.1752
    0.0000
   -0.0000
         0
         0
    0.0000
    0.0000
    0.0000
    0.0000
    0.0000
         0
   -0.0000
         0
         0
    0.0000
    0.0000
    0.0000
   -0.0000
    0.0000
         0
    0.0000
    0.0000
    0.0000
         0
    0.0000
    0.0000
         0
         0
         0
   -0.0000
         0
         0
  274.1859

  -1.0000e+09

    3.1083

End of this iteration
x-value
    0.0000
    2.5800
    3.0726
    1.0374
    4.1752
         0
         0
    0.0000
         0
   -0.0000
    0.0000
   -0.0000
    0.0000
   -0.0000
         0
    0.0000
         0
    0.0000
    0.0000
         0
         0
   -0.0000
         0
   -0.0000
    0.0000
    0.0000
   -0.0000
    0.0000
    0.0000
         0
    0.0000
    0.0000
         0
   -0.0000
         0
         0
  274.1859

  -1.0000e+09

    3.1083

End of this iteration
x-value
         0
    2.6646
    2.9945
    1.0745
    4.1607
    0.0000
         0
    0.0000
    0.0000
         0
    0.0000
    0.0000
    0.0000
    0.0000
    0.0000
    0.0000
    0.0000
    0.0000
         0
    0.0000
    0.0000
         0
    0.0000
         0
    0.0000
         0
   -0.0000
         0
    0.0000
         0
    0.0000
    0.0000
         0
         0
         0
    0.0000
  274.7029

  -1.0000e+09

    3.3944

End of this iteration
x-value
    0.0000
    2.5800
    3.0726
    1.0374
    4.1752
    0.0000
         0
    0.0000
    0.0000
    0.0000
    0.0000
         0
    0.0000
    0.0000
         0
         0
    0.0000
         0
         0
    0.0000
    0.0000
    0.0000
    0.0000
    0.0000
         0
    0.0000
    0.0000
         0
         0
    0.0000
         0
    0.0000
    0.0000
    0.0000
         0
         0
  274.1859

  -1.0000e+09

    3.1083

End of this iteration
x-value
    0.0000
    2.5800
    3.0726
    1.0374
    4.1752
         0
         0
         0
    0.0000
    0.0000
    0.0000
         0
    0.0000
         0
    0.0000
    0.0000
         0
   -0.0000
    0.0000
    0.0000
         0
    0.0000
    0.0000
    0.0000
         0
    0.0000
    0.0000
    0.0000
         0
    0.0000
    0.0000
    0.0000
         0
    0.0000
    0.0000
    0.0000
  274.1859

  -1.0000e+09

    3.1083

End of this iteration
x-value
         0
    2.0849
    3.5663
    0.7483
    4.3000
         0
    0.0000
    0.0000
    0.0000
    0.0000
         0
         0
    0.0000
         0
         0
    0.0000
         0
    0.0000
    0.0000
         0
    0.0000
         0
    0.0000
    0.0000
         0
         0
         0
         0
    0.0000
         0
    0.0000
         0
         0
         0
         0
    0.0000
  274.4251

  -1.0000e+09

    3.3624

End of this iteration
x-value
         0
    2.5800
    3.0726
    1.0374
    4.1752
    0.0000
         0
    0.0000
    0.0000
         0
    0.0000
         0
    0.0000
         0
         0
   -0.0000
    0.0000
    0.0000
         0
    0.0000
    0.0000
    0.0000
    0.0000
         0
    0.0000
    0.0000
         0
    0.0000
         0
    0.0000
         0
   -0.0000
         0
         0
    0.0000
    0.0000
  274.1859

  -1.0000e+09

    3.1083

End of this iteration
x-value
         0
    2.5800
    3.0726
    1.0374
    4.1752
    0.0000
    0.0000
    0.0000
         0
    0.0000
         0
         0
         0
    0.0000
         0
         0
         0
    0.0000
    0.0000
    0.0000
         0
         0
    0.0000
    0.0000
         0
         0
    0.0000
    0.0000
    0.0000
         0
    0.0000
         0
    0.0000
         0
         0
    0.0000
  274.1859

  -1.0000e+09

    3.1083

End of this iteration
x-value
    0.0000
    2.3879
    3.3436
    0.9022
    4.2285
    0.0000
         0
         0
         0
    0.0000
    0.0000
         0
    0.0000
         0
         0
    0.0000
   -0.0000
    0.0000
         0
    0.0000
         0
    0.0000
    0.0000
         0
    0.0000
    0.0000
    0.0000
         0
    0.0000
         0
    0.0000
    0.0000
    0.0000
    0.0000
    0.0000
    0.0000
  272.4156

  -1.0000e+09

    3.1991

End of this iteration
x-value
         0
    2.5800
    3.0726
    1.0374
    4.1752
    0.0000
    0.0000
         0
         0
    0.0000
         0
         0
         0
    0.0000
         0
    0.0000
         0
         0
    0.0000
         0
    0.0000
    0.0000
    0.0000
         0
         0
         0
    0.0000
         0
         0
    0.0000
         0
    0.0000
         0
    0.0000
    0.0000
    0.0000
  274.1859

  -1.0000e+09

    3.1083

End of this iteration
x-value
   -0.0000
    2.5800
    3.0726
    1.0374
    4.1752
    0.0000
    0.0000
         0
    0.0000
         0
    0.0000
   -0.0000
    0.0000
    0.0000
    0.0000
         0
    0.0000
         0
   -0.0000
         0
    0.0000
    0.0000
    0.0000
         0
         0
         0
    0.0000
    0.0000
   -0.0000
   -0.0000
    0.0000
    0.0000
    0.0000
         0
         0
    0.0000
  274.1859

  -1.0000e+09

    3.1083

End of this iteration
x-value
    0.0000
    2.6925
    2.9121
    1.1876
    4.1250
    0.0000
    0.0000
    0.0000
    0.0000
         0
         0
    0.0000
    0.0000
    0.0000
    0.0000
         0
    0.0000
    0.0000
    0.0000
         0
    0.0000
    0.0000
    0.0000
         0
    0.0000
   -0.0000
         0
    0.0000
    0.0000
         0
         0
         0
    0.0000
         0
         0
    0.0000
  272.8488

  -1.0000e+09

    3.0551

End of this iteration
x-value
         0
    2.2812
    3.4588
    0.8107
    4.2733
         0
    0.0000
         0
         0
    0.0000
    0.0000
         0
    0.0000
         0
         0
         0
    0.0000
    0.0000
         0
    0.0000
    0.0000
         0
         0
         0
    0.0000
         0
         0
         0
    0.0000
    0.0000
         0
         0
         0
         0
         0
         0
  274.1319

  -1.0000e+09

    3.2531

End of this iteration
x-value
    0.0000
    2.2584
    3.4919
    0.7767
    4.3061
         0
    0.0000
         0
         0
         0
         0
    0.0000
    0.0000
         0
    0.0000
         0
    0.0000
         0
         0
    0.0000
    0.0000
         0
    0.0000
    0.0000
         0
         0
    0.0000
    0.0000
    0.0000
         0
    0.0000
         0
         0
    0.0000
   -0.0000
    0.0000
  276.5381

  -1.0000e+09

    3.2639

End of this iteration
x-value
         0
    2.5327
    3.1406
    0.9711
    4.2063
         0
    0.0000
    0.0000
         0
    0.0000
    0.0000
    0.0000
    0.0000
    0.0000
         0
    0.0000
   -0.0000
    0.0000
    0.0000
    0.0000
         0
         0
         0
    0.0000
    0.0000
    0.0000
    0.0000
         0
    0.0000
    0.0000
    0.0000
         0
    0.0000
    0.0000
         0
    0.0000
  275.6991

  -1.0000e+09

    3.1307

End of this iteration
x-value
    0.0000
    2.5302
    3.1444
    0.9667
    4.2109
    0.0000
    0.0000
    0.0000
    0.0000
    0.0000
    0.0000
         0
    0.0000
         0
    0.0000
    0.0000
    0.0000
    0.0000
    0.0000
    0.0000
    0.0000
    0.0000
    0.0000
    0.0000
    0.0000
    0.0000
    0.0000
         0
         0
         0
         0
    0.0000
    0.0000
    0.0000
    0.0000
         0
  276.0565

  -1.0000e+09

    3.1318

End of this iteration
x-value
         0
    2.5800
    3.0726
    1.0374
    4.1752
    0.0000
         0
    0.0000
    0.0000
    0.0000
    0.0000
    0.0000
    0.0000
         0
         0
    0.0000
         0
    0.0000
         0
         0
    0.0000
    0.0000
         0
    0.0000
         0
         0
    0.0000
    0.0000
    0.0000
   -0.0000
         0
    0.0000
    0.0000
    0.0000
    0.0000
         0
  274.1859

  -1.0000e+09

    3.1083

End of this iteration
x-value
    0.0000
    2.5800
    3.0726
    1.0374
    4.1752
         0
    0.0000
    0.0000
         0
    0.0000
    0.0000
    0.0000
         0
         0
    0.0000
         0
         0
         0
    0.0000
         0
    0.0000
    0.0000
         0
    0.0000
         0
   -0.0000
    0.0000
    0.0000
    0.0000
    0.0000
   -0.0000
         0
    0.0000
    0.0000
    0.0000
    0.0000
  274.1859

  -1.0000e+09

    3.1083

End of this iteration
x-value
         0
    2.5800
    3.0726
    1.0374
    4.1752
    0.0000
         0
    0.0000
    0.0000
         0
    0.0000
    0.0000
         0
    0.0000
    0.0000
    0.0000
    0.0000
   -0.0000
         0
    0.0000
         0
    0.0000
         0
         0
    0.0000
    0.0000
    0.0000
    0.0000
    0.0000
    0.0000
    0.0000
         0
    0.0000
         0
    0.0000
    0.0000
  274.1859

  -1.0000e+09

    3.1083

End of this iteration
x-value
    0.0000
    2.5800
    3.0726
    1.0374
    4.1752
    0.0000
         0
    0.0000
    0.0000
         0
    0.0000
         0
    0.0000
    0.0000
    0.0000
         0
         0
    0.0000
         0
    0.0000
    0.0000
         0
         0
    0.0000
         0
    0.0000
    0.0000
         0
    0.0000
    0.0000
    0.0000
    0.0000
    0.0000
    0.0000
    0.0000
         0
  274.1859

  -1.0000e+09

    3.1083

End of this iteration
x-value
    0.0000
    2.8174
    2.7732
    1.2961
    4.0355
    0.0000
         0
    0.0000
    0.0000
    0.0000
    0.0000
         0
    0.0000
    0.0000
    0.0000
         0
    0.0000
         0
    0.0000
    0.0000
    0.0000
         0
    0.0000
         0
    0.0000
    0.0000
    0.0000
    0.0000
         0
         0
         0
         0
    0.0000
    0.0000
    0.0000
    0.0000
  267.4926

  -1.0000e+09

    2.9922

End of this iteration
x-value
    0.0000
    2.5800
    3.0726
    1.0374
    4.1752
    0.0000
    0.0000
    0.0000
         0
   -0.0000
         0
    0.0000
    0.0000
    0.0000
   -0.0000
    0.0000
    0.0000
    0.0000
   -0.0000
    0.0000
    0.0000
    0.0000
    0.0000
    0.0000
    0.0000
         0
   -0.0000
         0
   -0.0000
         0
    0.0000
    0.0000
    0.0000
         0
         0
         0
  274.1859

  -1.0000e+09

    3.1083

End of this iteration
x-value
    0.0000
    2.5800
    3.0726
    1.0374
    4.1752
         0
    0.0000
         0
         0
    0.0000
         0
    0.0000
    0.0000
         0
    0.0000
    0.0000
    0.0000
    0.0000
   -0.0000
    0.0000
    0.0000
    0.0000
    0.0000
         0
   -0.0000
    0.0000
    0.0000
    0.0000
   -0.0000
         0
         0
         0
    0.0000
    0.0000
    0.0000
   -0.0000
  274.1859

  -1.0000e+09

    3.1083

End of this iteration
x-value
    0.0000
    2.8530
    2.7233
    1.3385
    4.0365
         0
    0.0000
    0.0000
         0
    0.0000
    0.0000
         0
    0.0000
    0.0000
    0.0000
         0
    0.0000
         0
    0.0000
    0.0000
    0.0000
    0.0000
    0.0000
         0
    0.0000
         0
   -0.0000
    0.0000
         0
    0.0000
    0.0000
   -0.0000
   -0.0000
    0.0000
    0.0000
   -0.0000
  268.6669

  -1.0000e+09

    2.9753

End of this iteration
x-value
         0
    2.2826
    3.3238
    0.9196
    4.2208
    0.0000
    0.0000
    0.0000
    0.0000
    0.0000
         0
    0.0000
         0
         0
         0
         0
    0.0000
    0.0000
    0.0000
         0
    0.0000
    0.0000
    0.0000
         0
         0
         0
    0.0000
         0
    0.0000
    0.0000
         0
    0.0000
         0
   -0.0000
         0
    0.0000
  284.0310

  -1.0000e+09

    3.2652

End of this iteration
x-value
    0.0000
    2.5800
    3.0726
    1.0374
    4.1752
         0
         0
    0.0000
         0
    0.0000
    0.0000
    0.0000
    0.0000
         0
         0
         0
    0.0000
    0.0000
         0
    0.0000
         0
   -0.0000
    0.0000
    0.0000
         0
         0
    0.0000
    0.0000
         0
    0.0000
         0
         0
         0
    0.0000
    0.0000
         0
  274.1859

  -1.0000e+09

    3.1083

End of this iteration
x-value
         0
    2.5591
    3.1040
    1.0007
    4.2129
    0.0000
    0.0000
    0.0000
    0.0000
    0.0000
         0
    0.0000
    0.0000
    0.0000
    0.0000
         0
    0.0000
    0.0000
         0
    0.0000
    0.0000
         0
    0.0000
         0
    0.0000
    0.0000
    0.0000
    0.0000
         0
    0.0000
    0.0000
    0.0000
         0
    0.0000
    0.0000
    0.0000
  277.1208

  -1.0000e+09

    3.1181

End of this iteration
x-value
         0
    2.5800
    3.0726
    1.0374
    4.1752
         0
         0
    0.0000
    0.0000
         0
         0
         0
    0.0000
         0
    0.0000
    0.0000
    0.0000
    0.0000
         0
    0.0000
         0
    0.0000
         0
    0.0000
    0.0000
    0.0000
    0.0000
   -0.0000
    0.0000
    0.0000
    0.0000
         0
    0.0000
         0
         0
    0.0000
  274.1859

  -1.0000e+09

    3.1083

End of this iteration
x-value
    0.0000
    2.5800
    3.0726
    1.0374
    4.1752
    0.0000
         0
    0.0000
    0.0000
    0.0000
    0.0000
    0.0000
    0.0000
         0
         0
    0.0000
    0.0000
    0.0000
         0
   -0.0000
    0.0000
         0
         0
   -0.0000
         0
    0.0000
    0.0000
    0.0000
    0.0000
         0
    0.0000
    0.0000
    0.0000
    0.0000
    0.0000
    0.0000
  274.1859

  -1.0000e+09

    3.1083

End of this iteration
x-value
         0
    2.5800
    3.0726
    1.0374
    4.1752
    0.0000
    0.0000
    0.0000
    0.0000
    0.0000
    0.0000
    0.0000
    0.0000
    0.0000
    0.0000
    0.0000
    0.0000
    0.0000
    0.0000
    0.0000
    0.0000
    0.0000
    0.0000
    0.0000
         0
    0.0000
         0
    0.0000
    0.0000
    0.0000
    0.0000
    0.0000
    0.0000
         0
    0.0000
    0.0000
  274.1860

  -1.0000e+09

    3.1083

End of this iteration
x-value
   -0.0000
    2.4213
    3.2728
    0.9386
    4.2140
    0.0000
    0.0000
         0
    0.0000
         0
         0
         0
    0.0000
    0.0000
         0
    0.0000
    0.0000
         0
    0.0000
         0
         0
    0.0000
    0.0000
         0
    0.0000
         0
    0.0000
         0
         0
         0
         0
         0
    0.0000
         0
    0.0000
         0
  272.8738

  -1.0000e+09

    3.1856

End of this iteration
x-value
    0.0000
    2.5800
    3.0726
    1.0374
    4.1752
         0
    0.0000
         0
         0
    0.0000
         0
    0.0000
         0
    0.0000
         0
    0.0000
    0.0000
         0
         0
    0.0000
         0
         0
    0.0000
    0.0000
         0
    0.0000
         0
    0.0000
    0.0000
    0.0000
         0
    0.0000
    0.0000
         0
         0
    0.0000
  274.1859

  -1.0000e+09

    3.1083

End of this iteration
x-value
    0.0000
    2.8174
    2.7732
    1.2961
    4.0355
   -0.0000
    0.0000
         0
    0.0000
    0.0000
         0
    0.0000
    0.0000
   -0.0000
    0.0000
   -0.0000
    0.0000
         0
    0.0000
   -0.0000
    0.0000
         0
    0.0000
    0.0000
    0.0000
    0.0000
    0.0000
    0.0000
    0.0000
    0.0000
         0
    0.0000
    0.0000
         0
    0.0000
    0.0000
  267.4926

  -1.0000e+09

    2.9922

End of this iteration
x-value
    0.0000
    2.5800
    3.0726
    1.0374
    4.1752
         0
         0
         0
    0.0000
    0.0000
    0.0000
    0.0000
         0
    0.0000
    0.0000
    0.0000
    0.0000
    0.0000
    0.0000
         0
    0.0000
         0
    0.0000
         0
    0.0000
    0.0000
         0
         0
    0.0000
    0.0000
         0
    0.0000
    0.0000
         0
         0
         0
  274.1859

  -1.0000e+09

    3.1083

End of this iteration
x-value
    0.0000
    2.5800
    3.0726
    1.0374
    4.1752
    0.0000
         0
    0.0000
    0.0000
    0.0000
    0.0000
         0
    0.0000
   -0.0000
    0.0000
   -0.0000
   -0.0000
         0
    0.0000
    0.0000
    0.0000
    0.0000
    0.0000
    0.0000
         0
    0.0000
    0.0000
    0.0000
    0.0000
         0
    0.0000
    0.0000
         0
    0.0000
    0.0000
         0
  274.1859

  -1.0000e+09

    3.1083

End of this iteration
x-value
    0.0000
    2.4180
    3.2776
    0.9337
    4.2187
    0.0000
    0.0000
         0
    0.0000
         0
         0
    0.0000
    0.0000
         0
    0.0000
    0.0000
    0.0000
    0.0000
         0
         0
    0.0000
         0
         0
    0.0000
    0.0000
    0.0000
         0
    0.0000
    0.0000
         0
    0.0000
    0.0000
    0.0000
         0
    0.0000
    0.0000
  273.2170

  -1.0000e+09

    3.1872

End of this iteration
x-value
    0.0000
    2.9949
    2.5381
    1.4475
    3.9894
         0
    0.0000
    0.0000
    0.0000
         0
         0
    0.0000
         0
    0.0000
    0.0000
         0
         0
         0
         0
    0.0000
    0.0000
    0.0000
    0.0000
    0.0000
         0
         0
    0.0000
         0
         0
         0
    0.0000
         0
         0
         0
    0.0000
    0.0000
  268.6918

  -1.0000e+09

    2.9067

End of this iteration
x-value
    0.0000
    2.5800
    3.0726
    1.0374
    4.1752
         0
         0
    0.0000
         0
         0
    0.0000
         0
         0
    0.0000
    0.0000
         0
    0.0000
    0.0000
    0.0000
    0.0000
    0.0000
    0.0000
    0.0000
   -0.0000
         0
    0.0000
         0
    0.0000
    0.0000
         0
         0
         0
    0.0000
         0
         0
         0
  274.1859

  -1.0000e+09

    3.1083

End of this iteration
x-value
         0
    2.2826
    3.3238
    0.9196
    4.2208
         0
         0
   -0.0000
   -0.0000
    0.0000
         0
         0
   -0.0000
         0
   -0.0000
    0.0000
         0
    0.0000
         0
    0.0000
         0
    0.0000
         0
    0.0000
         0
         0
         0
    0.0000
         0
         0
         0
         0
         0
    0.0000
    0.0000
    0.0000
  272.5167

  -1.0000e+09

    3.2652

End of this iteration
x-value
    0.0000
    2.1990
    3.4303
    0.8314
    4.2642
         0
         0
    0.0000
    0.0000
         0
    0.0000
         0
    0.0000
   -0.0000
    0.0000
    0.0000
    0.0000
   -0.0000
         0
         0
    0.0000
         0
    0.0000
    0.0000
         0
         0
    0.0000
         0
    0.0000
         0
    0.0000
    0.0000
         0
    0.0000
    0.0000
    0.0000
  274.2719

  -1.0000e+09

    3.3059

End of this iteration
x-value
    0.0000
    2.5800
    3.0726
    1.0374
    4.1752
         0
         0
    0.0000
         0
         0
         0
    0.0000
         0
    0.0000
         0
    0.0000
         0
    0.0000
    0.0000
    0.0000
    0.0000
    0.0000
    0.0000
         0
    0.0000
    0.0000
    0.0000
         0
         0
         0
    0.0000
    0.0000
    0.0000
         0
         0
         0
  274.1859

  -1.0000e+09

    3.1083

End of this iteration
x-value
    0.0000
    2.5800
    3.0726
    1.0374
    4.1752
         0
    0.0000
   -0.0000
    0.0000
         0
    0.0000
         0
    0.0000
    0.0000
    0.0000
         0
         0
    0.0000
    0.0000
         0
         0
    0.0000
    0.0000
         0
         0
    0.0000
         0
         0
         0
    0.0000
         0
    0.0000
    0.0000
   -0.0000
    0.0000
    0.0000
  274.1859

  -1.0000e+09

    3.1083

End of this iteration
x-value
         0
    2.5800
    3.0726
    1.0374
    4.1752
         0
    0.0000
    0.0000
    0.0000
         0
    0.0000
         0
         0
    0.0000
         0
         0
    0.0000
         0
         0
    0.0000
    0.0000
         0
    0.0000
         0
    0.0000
         0
    0.0000
    0.0000
         0
         0
    0.0000
    0.0000
         0
    0.0000
         0
         0
  274.1859

  -1.0000e+09

    3.1083

End of this iteration
x-value
    0.0000
    2.5800
    3.0726
    1.0374
    4.1752
         0
    0.0000
         0
         0
         0
    0.0000
         0
         0
    0.0000
   -0.0000
         0
    0.0000
    0.0000
    0.0000
    0.0000
         0
         0
    0.0000
         0
         0
    0.0000
    0.0000
         0
         0
    0.0000
         0
         0
         0
         0
         0
         0
  274.1859

  -1.0000e+09

    3.1083

End of this iteration
x-value
         0
    2.5800
    3.0726
    1.0374
    4.1752
    0.0000
    0.0000
    0.0000
         0
         0
   -0.0000
    0.0000
    0.0000
         0
    0.0000
    0.0000
    0.0000
    0.0000
    0.0000
    0.0000
         0
         0
    0.0000
    0.0000
    0.0000
    0.0000
    0.0000
         0
    0.0000
    0.0000
    0.0000
         0
    0.0000
    0.0000
         0
         0
  274.1859

  -1.0000e+09

    3.1083

End of this iteration
x-value
    0.0000
    2.4213
    3.2728
    0.9386
    4.2140
         0
    0.0000
         0
    0.0000
    0.0000
    0.0000
         0
    0.0000
    0.0000
         0
    0.0000
    0.0000
    0.0000
         0
         0
         0
         0
    0.0000
         0
         0
    0.0000
    0.0000
    0.0000
         0
         0
    0.0000
         0
    0.0000
    0.0000
         0
         0
  272.8738

  -1.0000e+09

    3.1856

End of this iteration
x-value
    0.0000
    2.8855
    2.6766
    1.3844
    4.0137
    0.0000
    0.0000
         0
    0.0000
         0
         0
    0.0000
         0
    0.0000
    0.0000
         0
   -0.0000
         0
    0.0000
    0.0000
         0
         0
   -0.0000
    0.0000
         0
    0.0000
         0
    0.0000
    0.0000
    0.0000
    0.0000
         0
    0.0000
    0.0000
         0
         0
  267.4930

  -1.0000e+09

    2.9600

End of this iteration
x-value
    0.0000
    2.4167
    3.1421
    1.0098
    4.1853
         0
   -0.0000
         0
    0.0000
    0.0000
    0.0000
         0
    0.0000
   -0.0000
         0
         0
         0
    0.0000
    0.0000
    0.0000
         0
         0
    0.0000
         0
    0.0000
    0.0000
    0.0000
    0.0000
    0.0000
    0.0000
         0
    0.0000
         0
    0.0000
    0.0000
    0.0000
  273.7051

  -1.0000e+09

    3.2011

End of this iteration
x-value
    0.0000
    2.5800
    3.0726
    1.0374
    4.1752
    0.0000
   -0.0000
   -0.0000
   -0.0000
    0.0000
         0
    0.0000
    0.0000
    0.0000
    0.0000
         0
   -0.0000
    0.0000
    0.0000
    0.0000
         0
    0.0000
   -0.0000
    0.0000
   -0.0000
    0.0000
         0
    0.0000
    0.0000
    0.0000
    0.0000
    0.0000
         0
    0.0000
    0.0000
    0.0000
  274.1859

  -1.0000e+09

    3.1083

End of this iteration
x-value
         0
    2.5800
    3.0726
    1.0374
    4.1752
    0.0000
         0
         0
    0.0000
    0.0000
    0.0000
         0
    0.0000
         0
         0
    0.0000
    0.0000
    0.0000
         0
    0.0000
    0.0000
    0.0000
    0.0000
    0.0000
         0
    0.0000
    0.0000
    0.0000
         0
         0
    0.0000
         0
    0.0000
    0.0000
         0
    0.0000
  274.1859

  -1.0000e+09

    3.1083

End of this iteration
x-value
         0
    2.0849
    3.5663
    0.7483
    4.3000
    0.0000
         0
         0
         0
         0
         0
         0
    0.0000
    0.0000
    0.0000
    0.0000
         0
    0.0000
         0
    0.0000
         0
         0
         0
    0.0000
         0
         0
    0.0000
         0
         0
    0.0000
    0.0000
    0.0000
   -0.0000
    0.0000
    0.0000
    0.0000
  274.4251

  -1.0000e+09

    3.3624

End of this iteration
x-value
    0.0000
    2.5800
    3.0726
    1.0374
    4.1752
         0
         0
         0
         0
    0.0000
    0.0000
         0
         0
         0
    0.0000
    0.0000
    0.0000
    0.0000
    0.0000
    0.0000
         0
         0
    0.0000
    0.0000
    0.0000
    0.0000
         0
    0.0000
   -0.0000
         0
    0.0000
    0.0000
         0
   -0.0000
   -0.0000
         0
  274.1859

  -1.0000e+09

    3.1083

End of this iteration
x-value
         0
    1.7973
    3.8926
    0.6042
    4.3548
    0.0000
    0.0000
         0
    0.0000
         0
         0
    0.0000
         0
         0
    0.0000
    0.0000
         0
    0.0000
         0
    0.0000
         0
    0.0000
         0
    0.0000
    0.0000
         0
         0
         0
         0
    0.0000
         0
         0
    0.0000
         0
         0
   -0.0000
  271.4300

  -1.0000e+09

    3.5058

End of this iteration
x-value
         0
    2.1291
    3.5098
    0.7959
    4.2745
    0.0000
    0.0000
    0.0000
         0
         0
         0
    0.0000
    0.0000
         0
    0.0000
    0.0000
    0.0000
    0.0000
   -0.0000
         0
    0.0000
    0.0000
    0.0000
    0.0000
    0.0000
         0
    0.0000
         0
         0
         0
         0
   -0.0000
   -0.0000
         0
         0
    0.0000
  273.2534

  -1.0000e+09

    3.3408

End of this iteration
x-value
    0.0000
    2.7569
    2.8513
    1.2505
    4.0548
         0
         0
         0
    0.0000
    0.0000
    0.0000
    0.0000
    0.0000
         0
         0
    0.0000
    0.0000
    0.0000
         0
   -0.0000
    0.0000
    0.0000
         0
         0
    0.0000
    0.0000
    0.0000
    0.0000
    0.0000
         0
    0.0000
         0
         0
    0.0000
    0.0000
    0.0000
  267.4350

  -1.0000e+09

    3.0215

End of this iteration
x-value
         0
    2.7422
    2.8739
    1.2223
    4.0889
    0.0000
    0.0000
    0.0000
         0
         0
         0
    0.0000
         0
         0
         0
    0.0000
         0
         0
         0
         0
    0.0000
         0
    0.0000
    0.0000
    0.0000
    0.0000
         0
    0.0000
    0.0000
    0.0000
         0
    0.0000
    0.0000
    0.0000
         0
         0
  270.2075

  -1.0000e+09

    3.0284

End of this iteration
x-value
    0.0000
    2.8025
    2.7960
    1.2678
    4.0698
         0
    0.0000
         0
    0.0000
    0.0000
    0.0000
         0
         0
    0.0000
         0
         0
         0
    0.0000
         0
    0.0000
    0.0000
         0
         0
    0.0000
         0
    0.0000
    0.0000
         0
    0.0000
    0.0000
         0
         0
         0
         0
         0
    0.0000
  270.2848

  -1.0000e+09

    2.9992

End of this iteration
x-value
         0
    2.7422
    2.8739
    1.2223
    4.0889
         0
    0.0000
         0
         0
         0
    0.0000
    0.0000
         0
         0
    0.0000
         0
   -0.0000
    0.0000
         0
    0.0000
    0.0000
         0
         0
         0
         0
    0.0000
    0.0000
    0.0000
         0
    0.0000
         0
         0
    0.0000
         0
         0
    0.0000
  235.7050

  -1.0000e+09

    3.0284

End of this iteration
x-value
         0
    2.7737
    2.8332
    1.2461
    4.0788
    0.0000
         0
    0.0000
         0
         0
    0.0000
         0
    0.0000
    0.0000
         0
         0
         0
    0.0000
    0.0000
    0.0000
    0.0000
    0.0000
   -0.0000
    0.0000
         0
    0.0000
         0
    0.0000
    0.0000
    0.0000
         0
         0
    0.0000
    0.0000
   -0.0000
    0.0000
  236.6895

  -1.0000e+09

    3.0131

End of this iteration
x-value
    0.0000
    2.2826
    3.3238
    0.9196
    4.2208
         0
    0.0000
    0.0000
    0.0000
         0
         0
    0.0000
         0
    0.0000
    0.0000
    0.0000
         0
         0
         0
         0
         0
    0.0000
         0
    0.0000
    0.0000
    0.0000
         0
    0.0000
         0
   -0.0000
         0
    0.0000
    0.0000
         0
    0.0000
    0.0000
  272.5167

  -1.0000e+09

    3.2652

End of this iteration
x-value
    0.0000
    2.5800
    3.0726
    1.0374
    4.1752
    0.0000
         0
    0.0000
         0
         0
    0.0000
         0
         0
         0
         0
    0.0000
   -0.0000
    0.0000
         0
    0.0000
    0.0000
    0.0000
    0.0000
         0
         0
         0
         0
    0.0000
         0
    0.0000
         0
   -0.0000
         0
   -0.0000
         0
    0.0000
  274.1859

  -1.0000e+09

    3.1083

End of this iteration
x-value
    0.0000
    2.7216
    2.8674
    1.2432
    4.0577
         0
         0
    0.0000
         0
         0
    0.0000
    0.0000
         0
    0.0000
         0
    0.0000
    0.0000
    0.0000
    0.0000
    0.0000
    0.0000
         0
         0
    0.0000
         0
    0.0000
    0.0000
         0
         0
    0.0000
         0
         0
    0.0000
         0
    0.0000
    0.0000
  267.3720

  -1.0000e+09

    3.0415

End of this iteration
x-value
    0.0000
    2.5800
    3.0726
    1.0374
    4.1752
    0.0000
         0
   -0.0000
         0
         0
    0.0000
    0.0000
    0.0000
    0.0000
         0
         0
         0
    0.0000
    0.0000
         0
    0.0000
         0
         0
         0
    0.0000
    0.0000
    0.0000
    0.0000
         0
    0.0000
         0
    0.0000
         0
   -0.0000
         0
         0
  274.1859

  -1.0000e+09

    3.1083

End of this iteration
x-value
         0
    2.4213
    3.2728
    0.9386
    4.2140
    0.0000
    0.0000
    0.0000
         0
    0.0000
    0.0000
         0
         0
         0
    0.0000
         0
    0.0000
         0
    0.0000
    0.0000
         0
    0.0000
    0.0000
    0.0000
         0
    0.0000
    0.0000
    0.0000
         0
    0.0000
         0
         0
         0
    0.0000
   -0.0000
   -0.0000
  272.8738

  -1.0000e+09

    3.1856

End of this iteration
x-value
         0
    2.7422
    2.8739
    1.2223
    4.0889
         0
    0.0000
         0
    0.0000
    0.0000
    0.0000
    0.0000
         0
    0.0000
    0.0000
    0.0000
         0
         0
         0
         0
    0.0000
         0
   -0.0000
         0
         0
         0
   -0.0000
    0.0000
         0
    0.0000
         0
         0
         0
    0.0000
    0.0000
         0
  270.2075

  -1.0000e+09

    3.0284

End of this iteration
x-value
    0.0000
    2.5800
    3.0726
    1.0374
    4.1752
    0.0000
         0
         0
         0
         0
         0
         0
    0.0000
         0
         0
    0.0000
         0
    0.0000
    0.0000
         0
    0.0000
    0.0000
         0
    0.0000
    0.0000
    0.0000
    0.0000
         0
    0.0000
         0
         0
    0.0000
    0.0000
    0.0000
         0
    0.0000
  274.1859

  -1.0000e+09

    3.1083

End of this iteration
x-value
    0.0000
    2.7422
    2.8739
    1.2223
    4.0889
         0
         0
         0
    0.0000
    0.0000
         0
    0.0000
    0.0000
         0
    0.0000
         0
         0
         0
    0.0000
         0
         0
    0.0000
         0
         0
         0
         0
    0.0000
         0
    0.0000
    0.0000
         0
         0
         0
    0.0000
         0
         0
  270.2075

  -1.0000e+09

    3.0284

End of this iteration
x-value
         0
    2.2788
    3.3288
    0.9145
    4.2257
    0.0000
    0.0000
         0
    0.0000
    0.0000
    0.0000
    0.0000
         0
         0
         0
         0
         0
    0.0000
    0.0000
    0.0000
         0
         0
         0
         0
         0
    0.0000
    0.0000
    0.0000
         0
         0
    0.0000
    0.0000
         0
    0.0000
    0.0000
    0.0000
  272.8708

  -1.0000e+09

    3.1783

End of this iteration
x-value
    0.0000
    2.5800
    3.0726
    1.0374
    4.1752
         0
    0.0000
    0.0000
         0
    0.0000
         0
         0
         0
    0.0000
    0.0000
         0
         0
    0.0000
         0
         0
    0.0000
    0.0000
    0.0000
    0.0000
    0.0000
    0.0000
    0.0000
         0
    0.0000
    0.0000
    0.0000
    0.0000
   -0.0000
         0
    0.0000
    0.0000
  274.1859

  -1.0000e+09

    3.1083

End of this iteration
x-value
    0.0000
    2.5800
    3.0726
    1.0374
    4.1752
         0
         0
    0.0000
    0.0000
         0
    0.0000
    0.0000
         0
    0.0000
         0
    0.0000
    0.0000
         0
    0.0000
    0.0000
    0.0000
         0
         0
    0.0000
    0.0000
   -0.0000
   -0.0000
    0.0000
    0.0000
         0
    0.0000
    0.0000
         0
    0.0000
    0.0000
    0.0000
  274.1859

  -1.0000e+09

    3.1083

End of this iteration
x-value
    0.0000
    2.5302
    3.1444
    0.9667
    4.2109
   -0.0000
    0.0000
    0.0000
    0.0000
   -0.0000
    0.0000
         0
   -0.0000
    0.0000
    0.0000
    0.0000
         0
    0.0000
         0
    0.0000
         0
    0.0000
    0.0000
    0.0000
         0
         0
    0.0000
         0
         0
         0
    0.0000
    0.0000
    0.0000
         0
         0
         0
  276.0565

  -1.0000e+09

    3.1318

End of this iteration
x-value
    0.0000
    2.1984
    3.4221
    0.8664
    4.2452
         0
         0
    0.0000
         0
         0
    0.0000
    0.0000
         0
         0
    0.0000
         0
         0
         0
         0
         0
         0
         0
         0
         0
    0.0000
         0
         0
         0
         0
    0.0000
    0.0000
    0.0000
         0
         0
    0.0000
         0
  272.4332

  -1.0000e+09

    3.2195

End of this iteration
x-value
         0
    2.1990
    3.4303
    0.8314
    4.2642
         0
    0.0000
    0.0000
    0.0000
         0
    0.0000
    0.0000
    0.0000
   -0.0000
         0
         0
    0.0000
   -0.0000
    0.0000
    0.0000
    0.0000
    0.0000
    0.0000
    0.0000
    0.0000
   -0.0000
    0.0000
         0
    0.0000
    0.0000
    0.0000
         0
    0.0000
         0
    0.0000
   -0.0000
  274.2719

  -1.0000e+09

    3.3059

End of this iteration
x-value
    0.0000
    2.4969
    3.0773
    1.0400
    4.1736
    0.0000
    0.0000
    0.0000
         0
    0.0000
    0.0000
         0
    0.0000
    0.0000
    0.0000
    0.0000
    0.0000
   -0.0000
         0
    0.0000
    0.0000
         0
    0.0000
         0
   -0.0000
         0
         0
         0
    0.0000
         0
         0
    0.0000
    0.0000
         0
    0.0000
    0.0000
  274.1361

  -1.0000e+09

    3.1585

End of this iteration
x-value
    0.0000
    2.0053
    3.6674
    0.6656
    4.3384
    0.0000
         0
    0.0000
    0.0000
    0.0000
         0
         0
    0.0000
    0.0000
    0.0000
    0.0000
    0.0000
    0.0000
         0
    0.0000
         0
    0.0000
         0
    0.0000
    0.0000
    0.0000
         0
    0.0000
    0.0000
    0.0000
         0
    0.0000
    0.0000
         0
    0.0000
    0.0000
  275.8212

  -1.0000e+09

    3.4012

End of this iteration
x-value
    0.0000
    2.4547
    3.1259
    1.0162
    4.1829
    0.0000
         0
    0.0000
    0.0000
         0
         0
   -0.0000
    0.0000
         0
    0.0000
         0
    0.0000
    0.0000
         0
         0
    0.0000
         0
         0
    0.0000
         0
         0
    0.0000
    0.0000
    0.0000
         0
    0.0000
         0
         0
    0.0000
   -0.0000
    0.0000
  273.8169

  -1.0000e+09

    3.1795

End of this iteration
x-value
    0.0000
    2.5800
    3.0726
    1.0374
    4.1752
   -0.0000
    0.0000
         0
    0.0000
         0
    0.0000
    0.0000
    0.0000
    0.0000
    0.0000
    0.0000
         0
    0.0000
    0.0000
    0.0000
         0
         0
    0.0000
         0
         0
   -0.0000
         0
    0.0000
    0.0000
    0.0000
         0
         0
    0.0000
    0.0000
    0.0000
         0
  274.1859

  -1.0000e+09

    3.1083

End of this iteration
x-value
    0.0000
    2.2857
    3.4522
    0.8174
    4.2668
    0.0000
    0.0000
    0.0000
         0
    0.0000
         0
    0.0000
    0.0000
    0.0000
    0.0000
    0.0000
    0.0000
    0.0000
         0
         0
    0.0000
    0.0000
         0
    0.0000
    0.0000
    0.0000
    0.0000
    0.0000
    0.0000
    0.0000
    0.0000
         0
    0.0000
    0.0000
   -0.0000
    0.0000
  273.6570

  -1.0000e+09

    3.2510

End of this iteration
x-value
    0.0000
    2.2584
    3.4919
    0.7767
    4.3061
         0
         0
    0.0000
         0
         0
   -0.0000
         0
         0
    0.0000
         0
    0.0000
         0
    0.0000
    0.0000
    0.0000
    0.0000
         0
    0.0000
   -0.0000
    0.0000
         0
         0
         0
         0
    0.0000
    0.0000
         0
    0.0000
    0.0000
   -0.0000
   -0.0000
  276.5381

  -1.0000e+09

    3.2639

End of this iteration
x-value
         0
    2.5800
    3.0726
    1.0374
    4.1752
         0
    0.0000
    0.0000
    0.0000
         0
         0
         0
         0
    0.0000
    0.0000
    0.0000
    0.0000
    0.0000
    0.0000
         0
    0.0000
    0.0000
    0.0000
         0
    0.0000
    0.0000
    0.0000
         0
         0
    0.0000
         0
         0
    0.0000
         0
         0
         0
  274.1859

  -1.0000e+09

    3.1083

End of this iteration
x-value
    0.0000
    2.4213
    3.2728
    0.9386
    4.2140
    0.0000
    0.0000
         0
    0.0000
    0.0000
         0
         0
         0
         0
         0
    0.0000
    0.0000
    0.0000
         0
    0.0000
    0.0000
   -0.0000
    0.0000
         0
         0
    0.0000
    0.0000
         0
         0
    0.0000
    0.0000
         0
         0
    0.0000
         0
    0.0000
  272.8738

  -1.0000e+09

    3.1856

End of this iteration
x-value
    0.0000
    2.5800
    3.0726
    1.0374
    4.1752
    0.0000
    0.0000
         0
         0
         0
         0
         0
         0
         0
         0
   -0.0000
    0.0000
    0.0000
         0
    0.0000
         0
    0.0000
    0.0000
         0
         0
    0.0000
    0.0000
         0
    0.0000
    0.0000
    0.0000
    0.0000
         0
    0.0000
         0
    0.0000
  274.1859

  -1.0000e+09

    3.1083

End of this iteration
x-value
    0.0000
    2.5800
    3.0726
    1.0374
    4.1752
    0.0000
    0.0000
         0
    0.0000
         0
   -0.0000
    0.0000
         0
         0
         0
         0
         0
   -0.0000
    0.0000
   -0.0000
         0
    0.0000
    0.0000
   -0.0000
    0.0000
    0.0000
    0.0000
         0
    0.0000
    0.0000
         0
    0.0000
         0
    0.0000
    0.0000
    0.0000
  274.1860

  -1.0000e+09

    3.1083

End of this iteration
x-value
    0.0000
    2.5800
    3.0726
    1.0374
    4.1752
         0
    0.0000
    0.0000
         0
    0.0000
    0.0000
    0.0000
    0.0000
         0
         0
         0
    0.0000
         0
    0.0000
    0.0000
         0
         0
    0.0000
    0.0000
    0.0000
    0.0000
         0
         0
         0
         0
    0.0000
    0.0000
    0.0000
    0.0000
    0.0000
         0
  274.1859

  -1.0000e+09

    3.1083

End of this iteration
x-value
         0
    2.3939
    3.3125
    0.8979
    4.2534
    0.0000
    0.0000
         0
         0
         0
    0.0000
         0
         0
         0
    0.0000
    0.0000
         0
         0
         0
         0
         0
         0
    0.0000
    0.0000
    0.0000
         0
    0.0000
    0.0000
         0
         0
    0.0000
         0
    0.0000
         0
         0
         0
  275.7550

  -1.0000e+09

    3.1985

End of this iteration
x-value
         0
    2.2037
    3.4153
    0.8720
    4.2426
    0.0000
    0.0000
    0.0000
    0.0000
         0
    0.0000
    0.0000
    0.0000
    0.0000
    0.0000
    0.0000
         0
    0.0000
    0.0000
    0.0000
    0.0000
         0
    0.0000
    0.0000
         0
         0
         0
    0.0000
         0
    0.0000
    0.0000
         0
         0
    0.0000
         0
   -0.0000
  272.3394

  -1.0000e+09

    3.3044

End of this iteration
x-value
         0
    2.0985
    3.5506
    0.7548
    4.3140
    0.0000
         0
    0.0000
    0.0000
    0.0000
    0.0000
    0.0000
    0.0000
         0
         0
    0.0000
    0.0000
   -0.0000
    0.0000
    0.0000
         0
   -0.0000
    0.0000
         0
   -0.0000
    0.0000
         0
    0.0000
   -0.0000
    0.0000
   -0.0000
    0.0000
    0.0000
         0
    0.0000
    0.0000
  276.1264

  -1.0000e+09

    3.3555

End of this iteration
x-value
    0.0000
    2.5800
    3.0726
    1.0374
    4.1752
         0
    0.0000
    0.0000
         0
    0.0000
    0.0000
    0.0000
         0
         0
         0
         0
   -0.0000
    0.0000
    0.0000
         0
    0.0000
    0.0000
    0.0000
    0.0000
    0.0000
         0
    0.0000
    0.0000
    0.0000
         0
    0.0000
         0
    0.0000
    0.0000
         0
         0
  274.1859

  -1.0000e+09

    3.1083

End of this iteration
x-value
    0.0000
    2.5800
    3.0726
    1.0374
    4.1752
         0
   -0.0000
    0.0000
         0
    0.0000
    0.0000
    0.0000
    0.0000
    0.0000
    0.0000
   -0.0000
    0.0000
    0.0000
    0.0000
    0.0000
    0.0000
    0.0000
    0.0000
    0.0000
         0
    0.0000
         0
    0.0000
    0.0000
    0.0000
    0.0000
    0.0000
         0
    0.0000
         0
    0.0000
  274.1860

  -1.0000e+09

    3.1083

End of this iteration
x-value
    0.0000
    2.5800
    3.0726
    1.0374
    4.1752
    0.0000
    0.0000
         0
    0.0000
         0
         0
         0
         0
    0.0000
    0.0000
    0.0000
         0
    0.0000
    0.0000
    0.0000
         0
   -0.0000
         0
         0
    0.0000
         0
         0
    0.0000
         0
    0.0000
         0
    0.0000
         0
         0
    0.0000
         0
  274.1859

  -1.0000e+09

    3.1083

End of this iteration
x-value
   -0.0000
    2.5800
    3.0726
    1.0374
    4.1752
    0.0000
    0.0000
    0.0000
    0.0000
         0
   -0.0000
         0
   -0.0000
    0.0000
         0
         0
    0.0000
         0
    0.0000
         0
         0
         0
    0.0000
         0
         0
         0
    0.0000
    0.0000
    0.0000
   -0.0000
    0.0000
         0
    0.0000
         0
         0
         0
  274.1859

  -1.0000e+09

    3.1083

End of this iteration
x-value
    0.0000
    2.3832
    3.3579
    0.8625
    4.2492
         0
         0
    0.0000
    0.0000
   -0.0000
    0.0000
         0
         0
         0
    0.0000
    0.0000
         0
         0
    0.0000
    0.0000
         0
         0
    0.0000
         0
         0
    0.0000
    0.0000
    0.0000
         0
         0
    0.0000
    0.0000
    0.0000
    0.0000
         0
         0
  274.2804

  -1.0000e+09

    3.2007

End of this iteration
x-value
    0.0000
    2.5800
    3.0726
    1.0374
    4.1752
    0.0000
    0.0000
         0
         0
         0
         0
         0
    0.0000
         0
         0
    0.0000
    0.0000
    0.0000
         0
    0.0000
         0
    0.0000
    0.0000
    0.0000
    0.0000
    0.0000
         0
         0
    0.0000
    0.0000
    0.0000
    0.0000
    0.0000
    0.0000
    0.0000
    0.0000
  274.1859

  -1.0000e+09

    3.1083

End of this iteration
x-value
         0
    2.5591
    3.1040
    1.0007
    4.2129
         0
    0.0000
    0.0000
         0
    0.0000
    0.0000
    0.0000
         0
    0.0000
    0.0000
    0.0000
    0.0000
    0.0000
    0.0000
         0
    0.0000
    0.0000
    0.0000
         0
         0
    0.0000
         0
    0.0000
         0
    0.0000
         0
         0
         0
    0.0000
    0.0000
    0.0000
  277.1208

  -1.0000e+09

    3.1181

End of this iteration
x-value
    0.0000
    2.5800
    3.0726
    1.0374
    4.1752
         0
    0.0000
    0.0000
    0.0000
    0.0000
    0.0000
   -0.0000
   -0.0000
    0.0000
         0
         0
    0.0000
    0.0000
    0.0000
         0
    0.0000
         0
    0.0000
         0
    0.0000
         0
    0.0000
    0.0000
    0.0000
    0.0000
         0
         0
    0.0000
    0.0000
         0
    0.0000
  274.1859

  -1.0000e+09

    3.1083

End of this iteration
x-value
    0.0000
    2.5800
    3.0726
    1.0374
    4.1752
    0.0000
    0.0000
    0.0000
    0.0000
         0
         0
    0.0000
         0
         0
    0.0000
    0.0000
    0.0000
         0
    0.0000
         0
         0
    0.0000
         0
         0
    0.0000
         0
         0
    0.0000
    0.0000
         0
   -0.0000
    0.0000
         0
    0.0000
         0
    0.0000
  274.1859

  -1.0000e+09

    3.1083

End of this iteration
x-value
    0.0000
    2.2904
    3.4801
    0.7811
    4.3046
         0
         0
         0
    0.0000
    0.0000
         0
    0.0000
         0
         0
    0.0000
    0.0000
         0
         0
         0
    0.0000
         0
    0.0000
    0.0000
    0.0000
    0.0000
         0
         0
         0
         0
         0
         0
         0
         0
    0.0000
    0.0000
    0.0000
  276.6207

  -1.0000e+09

    3.2455

End of this iteration
x-value
         0
    2.5800
    3.0726
    1.0374
    4.1752
    0.0000
    0.0000
         0
    0.0000
         0
         0
         0
         0
    0.0000
    0.0000
    0.0000
   -0.0000
    0.0000
         0
         0
         0
    0.0000
    0.0000
         0
    0.0000
         0
   -0.0000
         0
         0
         0
         0
    0.0000
    0.0000
    0.0000
    0.0000
         0
  274.1859

  -1.0000e+09

    3.1083

End of this iteration
x-value
         0
    2.6925
    2.9121
    1.1876
    4.1250
    0.0000
         0
    0.0000
    0.0000
         0
    0.0000
         0
         0
    0.0000
    0.0000
    0.0000
    0.0000
    0.0000
    0.0000
   -0.0000
    0.0000
    0.0000
    0.0000
    0.0000
         0
         0
    0.0000
    0.0000
    0.0000
    0.0000
    0.0000
         0
    0.0000
         0
    0.0000
    0.0000
  272.8488

  -1.0000e+09

    3.0551

End of this iteration
x-value
         0
    2.5800
    3.0726
    1.0374
    4.1752
    0.0000
    0.0000
    0.0000
    0.0000
    0.0000
         0
         0
         0
         0
    0.0000
    0.0000
         0
         0
    0.0000
    0.0000
         0
    0.0000
    0.0000
         0
         0
         0
    0.0000
         0
    0.0000
    0.0000
    0.0000
    0.0000
         0
    0.0000
    0.0000
    0.0000
  274.1860

  -1.0000e+09

    3.1083

End of this iteration
x-value
    0.0000
    2.5800
    3.0726
    1.0374
    4.1752
         0
         0
    0.0000
         0
         0
    0.0000
    0.0000
    0.0000
   -0.0000
    0.0000
         0
    0.0000
         0
         0
         0
    0.0000
    0.0000
    0.0000
    0.0000
         0
    0.0000
   -0.0000
         0
         0
         0
    0.0000
    0.0000
         0
         0
    0.0000
    0.0000
  274.1859

  -1.0000e+09

    3.1083

End of this iteration
x-value
    0.0000
    2.5800
    3.0726
    1.0374
    4.1752
    0.0000
         0
    0.0000
         0
    0.0000
         0
         0
    0.0000
         0
    0.0000
    0.0000
         0
         0
         0
         0
    0.0000
         0
         0
         0
         0
    0.0000
    0.0000
         0
         0
    0.0000
    0.0000
         0
    0.0000
    0.0000
    0.0000
    0.0000
  274.1859

  -1.0000e+09

    3.1083

End of this iteration
x-value
    0.0000
    2.5800
    3.0726
    1.0374
    4.1752
    0.0000
    0.0000
    0.0000
    0.0000
    0.0000
         0
         0
    0.0000
         0
         0
    0.0000
         0
         0
    0.0000
         0
         0
         0
         0
         0
    0.0000
         0
         0
    0.0000
    0.0000
    0.0000
   -0.0000
         0
         0
         0
    0.0000
         0
  274.1859

  -1.0000e+09

    3.1083

End of this iteration
x-value
         0
    2.5800
    3.0726
    1.0374
    4.1752
    0.0000
         0
    0.0000
    0.0000
    0.0000
         0
         0
         0
   -0.0000
    0.0000
         0
    0.0000
    0.0000
    0.0000
         0
    0.0000
    0.0000
   -0.0000
         0
    0.0000
    0.0000
         0
    0.0000
         0
    0.0000
         0
    0.0000
    0.0000
         0
    0.0000
   -0.0000
  274.1859

  -1.0000e+09

    3.1083

End of this iteration
x-value
    0.0000
    2.5800
    3.0726
    1.0374
    4.1752
    0.0000
         0
         0
         0
         0
         0
    0.0000
    0.0000
    0.0000
    0.0000
    0.0000
         0
         0
    0.0000
         0
    0.0000
    0.0000
    0.0000
    0.0000
         0
         0
    0.0000
    0.0000
    0.0000
    0.0000
         0
    0.0000
         0
         0
         0
   -0.0000
  274.1860

  -1.0000e+09

    3.1083

End of this iteration
x-value
    0.0000
    2.2038
    3.4239
    0.8379
    4.2580
    0.0000
         0
         0
         0
         0
         0
    0.0000
         0
    0.0000
    0.0000
         0
    0.0000
         0
         0
   -0.0000
    0.0000
    0.0000
    0.0000
         0
    0.0000
    0.0000
    0.0000
    0.0000
    0.0000
         0
    0.0000
         0
    0.0000
    0.0000
         0
   -0.0000
  273.8183

  -1.0000e+09

    3.3036

End of this iteration
x-value
    0.0000
    2.5800
    3.0726
    1.0374
    4.1752
    0.0000
         0
         0
    0.0000
    0.0000
         0
         0
         0
    0.0000
    0.0000
    0.0000
    0.0000
         0
    0.0000
         0
   -0.0000
    0.0000
         0
    0.0000
    0.0000
   -0.0000
    0.0000
    0.0000
         0
    0.0000
         0
   -0.0000
    0.0000
         0
         0
    0.0000
  274.1859

  -1.0000e+09

    3.1083

End of this iteration
x-value
         0
    2.2521
    3.3646
    0.8784
    4.2603
         0
         0
    0.0000
         0
    0.0000
    0.0000
         0
    0.0000
    0.0000
         0
    0.0000
    0.0000
         0
         0
    0.0000
    0.0000
    0.0000
    0.0000
    0.0000
    0.0000
    0.0000
    0.0000
    0.0000
         0
    0.0000
         0
    0.0000
         0
    0.0000
         0
    0.0000
  275.3897

  -1.0000e+09

    3.2799

End of this iteration
x-value
    0.0000
    2.2038
    3.4239
    0.8379
    4.2580
    0.0000
    0.0000
    0.0000
    0.0000
    0.0000
         0
         0
         0
         0
    0.0000
    0.0000
         0
    0.0000
         0
    0.0000
         0
    0.0000
    0.0000
         0
         0
         0
         0
    0.0000
    0.0000
         0
   -0.0000
    0.0000
         0
    0.0000
    0.0000
    0.0000
  273.8183

  -1.0000e+09

    3.3036

End of this iteration
x-value
         0
    2.1733
    3.4646
    0.7968
    4.2975
         0
    0.0000
    0.0000
    0.0000
    0.0000
         0
    0.0000
    0.0000
         0
    0.0000
    0.0000
    0.0000
    0.0000
    0.0000
         0
         0
         0
         0
         0
    0.0000
    0.0000
    0.0000
    0.0000
    0.0000
         0
         0
    0.0000
         0
         0
    0.0000
         0
  276.6913

  -1.0000e+09

    3.3183

End of this iteration
x-value
         0
    2.5800
    3.0726
    1.0374
    4.1752
    0.0000
    0.0000
    0.0000
         0
         0
    0.0000
         0
         0
    0.0000
    0.0000
    0.0000
    0.0000
    0.0000
         0
    0.0000
         0
    0.0000
    0.0000
         0
    0.0000
    0.0000
    0.0000
    0.0000
         0
    0.0000
    0.0000
    0.0000
         0
         0
         0
   -0.0000
  274.1859

  -1.0000e+09

    3.1083

End of this iteration
x-value
    0.0000
    2.8182
    2.7386
    1.3324
    4.0380
         0
         0
         0
         0
    0.0000
    0.0000
    0.0000
    0.0000
    0.0000
         0
    0.0000
         0
    0.0000
    0.0000
    0.0000
    0.0000
    0.0000
    0.0000
         0
    0.0000
    0.0000
         0
    0.0000
         0
    0.0000
    0.0000
         0
         0
         0
         0
    0.0000
  268.4961

  -1.0000e+09

    2.9950

End of this iteration
x-value
    0.0000
    2.5800
    3.0726
    1.0374
    4.1752
    0.0000
    0.0000
         0
         0
    0.0000
         0
    0.0000
    0.0000
         0
    0.0000
    0.0000
         0
   -0.0000
    0.0000
    0.0000
         0
         0
         0
    0.0000
    0.0000
    0.0000
    0.0000
   -0.0000
    0.0000
    0.0000
    0.0000
    0.0000
    0.0000
         0
    0.0000
    0.0000
  274.1859

  -1.0000e+09

    3.1083

End of this iteration
x-value
    0.0000
    2.6303
    3.0091
    1.0687
    4.1628
         0
    0.0000
         0
         0
         0
         0
    0.0000
    0.0000
         0
         0
    0.0000
    0.0000
    0.0000
         0
    0.0000
    0.0000
    0.0000
         0
    0.0000
    0.0000
    0.0000
         0
    0.0000
         0
   -0.0000
         0
         0
         0
         0
    0.0000
    0.0000
  274.6019

  -1.0000e+09

    3.0838

End of this iteration
x-value
    0.0000
    2.6646
    2.9945
    1.0745
    4.1607
    0.0000
    0.0000
    0.0000
         0
    0.0000
    0.0000
    0.0000
         0
         0
   -0.0000
    0.0000
   -0.0000
    0.0000
    0.0000
         0
   -0.0000
    0.0000
    0.0000
         0
    0.0000
         0
   -0.0000
    0.0000
    0.0000
   -0.0000
         0
   -0.0000
    0.0000
         0
         0
    0.0000
  274.7029

  -1.0000e+09

    3.0643

End of this iteration
x-value
         0
    2.5800
    3.0726
    1.0374
    4.1752
    0.0000
    0.0000
         0
         0
    0.0000
         0
         0
   -0.0000
    0.0000
    0.0000
         0
    0.0000
         0
         0
    0.0000
         0
    0.0000
    0.0000
         0
         0
         0
    0.0000
    0.0000
         0
    0.0000
    0.0000
         0
    0.0000
         0
    0.0000
    0.0000
  274.1859

  -1.0000e+09

    3.1083

End of this iteration
x-value
    0.0000
    2.5127
    3.0591
    1.0489
    4.1701
    0.0000
    0.0000
    0.0000
         0
         0
    0.0000
   -0.0000
         0
    0.0000
   -0.0000
    0.0000
   -0.0000
    0.0000
    0.0000
    0.0000
    0.0000
         0
    0.0000
    0.0000
    0.0000
    0.0000
   -0.0000
    0.0000
    0.0000
    0.0000
         0
    0.0000
    0.0000
    0.0000
         0
    0.0000
  274.2558

  -1.0000e+09

    3.1506

End of this iteration
x-value
         0
    2.5498
    3.1149
    1.0011
    4.1754
   -0.0000
    0.0000
         0
    0.0000
         0
         0
         0
         0
    0.0000
         0
         0
         0
         0
   -0.0000
         0
    0.0000
         0
         0
    0.0000
   -0.0000
         0
    0.0000
         0
   -0.0000
         0
   -0.0000
         0
         0
         0
    0.0000
    0.0000
  273.3002

  -1.0000e+09

    3.1227

End of this iteration
x-value
    0.0000
    2.2038
    3.4239
    0.8379
    4.2580
         0
         0
         0
    0.0000
    0.0000
    0.0000
    0.0000
         0
    0.0000
    0.0000
    0.0000
         0
         0
    0.0000
         0
    0.0000
   -0.0000
    0.0000
    0.0000
    0.0000
    0.0000
    0.0000
         0
    0.0000
    0.0000
   -0.0000
         0
         0
    0.0000
    0.0000
    0.0000
  273.8183

  -1.0000e+09

    3.3036

End of this iteration
x-value
    0.0000
    2.1733
    3.4646
    0.7968
    4.2975
    0.0000
    0.0000
         0
         0
         0
         0
         0
    0.0000
   -0.0000
    0.0000
    0.0000
    0.0000
    0.0000
    0.0000
    0.0000
    0.0000
         0
    0.0000
    0.0000
         0
    0.0000
    0.0000
   -0.0000
    0.0000
    0.0000
         0
         0
         0
    0.0000
         0
    0.0000
  276.6913

  -1.0000e+09

    3.3183

End of this iteration
x-value
    0.0000
    2.5302
    3.1444
    0.9667
    4.2109
         0
         0
         0
         0
         0
         0
         0
    0.0000
    0.0000
         0
    0.0000
    0.0000
    0.0000
         0
         0
         0
         0
         0
         0
         0
    0.0000
    0.0000
    0.0000
    0.0000
    0.0000
         0
    0.0000
    0.0000
    0.0000
         0
         0
  276.0565

  -1.0000e+09

    3.1318

End of this iteration
Current Step Size: 0.1500, Reduced Step Size Iteration Count: 12
Best Value So Far: 1000000000.0000, Old Benchmark : Inf, Current Objective : 1000000000.0000, Iterations Since Best: 0
     2

x-value
         0
    2.5800
    3.0726
    1.0374
    4.1752
         0
    0.0000
         0
    0.0000
    0.0000
    0.0000
    0.0000
         0
         0
    0.0000
    0.0000
         0
         0
    0.0000
    0.0000
         0
    0.0000
         0
         0
         0
    0.0000
    0.0000
         0
    0.0000
    0.0000
         0
    0.0000
         0
         0
         0
    0.0000
  274.1859

  -1.0000e+09

    3.1083

End of this iteration
x-value
         0
    2.5800
    3.0726
    1.0374
    4.1752
         0
         0
         0
         0
         0
    0.0000
         0
         0
    0.0000
    0.0000
         0
         0
    0.0000
    0.0000
         0
         0
    0.0000
    0.0000
         0
    0.0000
    0.0000
         0
    0.0000
         0
    0.0000
         0
         0
         0
    0.0000
    0.0000
    0.0000
  274.1859

  -1.0000e+09

    3.1083

End of this iteration
x-value
    0.0000
    2.8075
    2.7936
    1.2690
    4.0691
    0.0000
         0
    0.0000
    0.0000
         0
    0.0000
         0
    0.0000
    0.0000
    0.0000
    0.0000
         0
    0.0000
         0
    0.0000
    0.0000
    0.0000
    0.0000
    0.0000
         0
         0
    0.0000
         0
    0.0000
    0.0000
    0.0000
    0.0000
    0.0000
         0
    0.0000
         0
  270.2738

  -1.0000e+09

    2.9963

End of this iteration
x-value
    0.0000
    2.5800
    3.0726
    1.0374
    4.1752
         0
   -0.0000
    0.0000
         0
    0.0000
         0
    0.0000
   -0.0000
    0.0000
         0
         0
         0
    0.0000
    0.0000
    0.0000
    0.0000
         0
         0
   -0.0000
    0.0000
    0.0000
    0.0000
         0
         0
    0.0000
    0.0000
    0.0000
    0.0000
         0
    0.0000
         0
  274.1859

  -1.0000e+09

    3.1083

End of this iteration
x-value
    0.0000
    2.7495
    2.8705
    1.2240
    4.0881
    0.0000
    0.0000
    0.0000
         0
    0.0000
         0
    0.0000
    0.0000
         0
    0.0000
    0.0000
         0
         0
    0.0000
         0
         0
    0.0000
    0.0000
    0.0000
         0
         0
         0
         0
         0
         0
    0.0000
    0.0000
         0
   -0.0000
    0.0000
    0.0000
  270.2000

  -1.0000e+09

    3.0243

End of this iteration
x-value
         0
    2.7216
    2.8674
    1.2432
    4.0577
   -0.0000
         0
         0
    0.0000
         0
         0
    0.0000
         0
    0.0000
    0.0000
    0.0000
         0
         0
    0.0000
    0.0000
    0.0000
    0.0000
    0.0000
         0
    0.0000
    0.0000
         0
    0.0000
         0
    0.0000
    0.0000
         0
    0.0000
    0.0000
    0.0000
         0
  267.3720

  -1.0000e+09

    3.0415

End of this iteration
x-value
         0
    2.8118
    2.7290
    1.4156
    3.8491
    0.0000
         0
    0.0000
         0
         0
    0.0000
         0
    0.0000
   -0.0000
         0
         0
    0.0000
    0.0000
    0.0000
         0
         0
    0.0000
         0
    0.0000
    0.0000
         0
    0.0000
    0.0000
    0.0000
         0
    0.0000
    0.0000
    0.0000
         0
    0.0000
    0.0000
  250.3989

  -1.0000e+09

    2.9995

End of this iteration
x-value
         0
    2.5800
    3.0726
    1.0374
    4.1752
    0.0000
         0
    0.0000
         0
    0.0000
         0
         0
    0.0000
    0.0000
         0
         0
         0
    0.0000
    0.0000
         0
         0
    0.0000
         0
         0
         0
   -0.0000
   -0.0000
    0.0000
         0
         0
         0
    0.0000
         0
    0.0000
    0.0000
         0
  274.1859

  -1.0000e+09

    3.1083

End of this iteration
x-value
    0.0000
    2.4213
    3.2728
    0.9386
    4.2140
    0.0000
         0
    0.0000
         0
    0.0000
    0.0000
   -0.0000
         0
         0
    0.0000
    0.0000
         0
    0.0000
         0
    0.0000
    0.0000
    0.0000
         0
    0.0000
    0.0000
    0.0000
    0.0000
    0.0000
    0.0000
         0
         0
    0.0000
   -0.0000
         0
    0.0000
    0.0000
  275.6534

  -1.0000e+09

    3.1856

End of this iteration
x-value
    0.0000
    2.5800
    3.0726
    1.0374
    4.1752
         0
         0
    0.0000
         0
         0
         0
    0.0000
    0.0000
         0
         0
    0.0000
         0
   -0.0000
    0.0000
         0
    0.0000
    0.0000
   -0.0000
    0.0000
    0.0000
    0.0000
         0
    0.0000
    0.0000
    0.0000
         0
    0.0000
    0.0000
         0
         0
    0.0000
  274.1859

  -1.0000e+09

    3.1083

End of this iteration
x-value
         0
    2.5800
    3.0726
    1.0374
    4.1752
         0
    0.0000
    0.0000
    0.0000
    0.0000
    0.0000
         0
   -0.0000
         0
    0.0000
         0
         0
         0
    0.0000
    0.0000
    0.0000
    0.0000
         0
    0.0000
    0.0000
    0.0000
    0.0000
    0.0000
         0
    0.0000
         0
         0
    0.0000
    0.0000
         0
    0.0000
  274.1859

  -1.0000e+09

    3.1083

End of this iteration
x-value
    0.0000
    2.4213
    3.2728
    0.9386
    4.2140
    0.0000
         0
    0.0000
    0.0000
    0.0000
    0.0000
    0.0000
    0.0000
    0.0000
    0.0000
    0.0000
    0.0000
    0.0000
    0.0000
         0
         0
         0
         0
    0.0000
   -0.0000
    0.0000
         0
    0.0000
    0.0000
         0
         0
         0
         0
         0
    0.0000
         0
  272.8738

  -1.0000e+09

    3.1856

End of this iteration
x-value
    0.0000
    2.7007
    2.8975
    1.2139
    4.0718
         0
    0.0000
         0
    0.0000
         0
    0.0000
    0.0000
    0.0000
         0
    0.0000
    0.0000
    0.0000
    0.0000
   -0.0000
         0
         0
    0.0000
    0.0000
         0
    0.0000
         0
         0
         0
    0.0000
         0
    0.0000
   -0.0000
    0.0000
    0.0000
         0
    0.0000
  268.0711

  -1.0000e+09

    3.0514

End of this iteration
x-value
    0.0000
    2.4213
    3.2728
    0.9386
    4.2140
         0
    0.0000
         0
    0.0000
         0
    0.0000
    0.0000
   -0.0000
   -0.0000
    0.0000
    0.0000
         0
    0.0000
         0
    0.0000
   -0.0000
    0.0000
    0.0000
    0.0000
    0.0000
         0
    0.0000
    0.0000
    0.0000
         0
    0.0000
         0
    0.0000
    0.0000
    0.0000
    0.0000
  272.8738

  -1.0000e+09

    3.1856

End of this iteration
x-value
    0.0000
    2.5800
    3.0726
    1.0374
    4.1752
         0
    0.0000
    0.0000
         0
         0
    0.0000
         0
         0
    0.0000
    0.0000
    0.0000
    0.0000
    0.0000
         0
         0
         0
    0.0000
    0.0000
    0.0000
         0
    0.0000
    0.0000
         0
         0
         0
    0.0000
         0
    0.0000
    0.0000
         0
    0.0000
  274.1859

  -1.0000e+09

    3.1083

End of this iteration
x-value
    0.0000
    2.5800
    3.0726
    1.0374
    4.1752
    0.0000
         0
    0.0000
    0.0000
         0
    0.0000
    0.0000
         0
         0
         0
         0
    0.0000
    0.0000
    0.0000
    0.0000
    0.0000
         0
         0
         0
         0
         0
         0
         0
         0
         0
         0
         0
    0.0000
    0.0000
         0
         0
  274.1859

  -1.0000e+09

    3.1083

End of this iteration
x-value
   -0.0000
    2.6800
    2.9247
    1.1948
    4.1003
         0
    0.0000
    0.0000
    0.0000
         0
   -0.0000
    0.0000
         0
    0.0000
         0
    0.0000
    0.0000
         0
   -0.0000
    0.0000
         0
    0.0000
         0
   -0.0000
    0.0000
         0
    0.0000
         0
    0.0000
    0.0000
    0.0000
    0.0000
    0.0000
   -0.0000
         0
    0.0000
  270.1189

  -1.0000e+09

    3.0614

End of this iteration
x-value
         0
    2.5800
    3.0726
    1.0374
    4.1752
    0.0000
         0
         0
         0
         0
    0.0000
         0
         0
    0.0000
         0
         0
    0.0000
         0
    0.0000
   -0.0000
         0
         0
         0
         0
         0
    0.0000
         0
    0.0000
    0.0000
         0
         0
    0.0000
    0.0000
         0
    0.0000
    0.0000
  274.1859

  -1.0000e+09

    3.1083

End of this iteration
x-value
    0.0000
    2.4213
    3.2728
    0.9386
    4.2140
    0.0000
         0
         0
    0.0000
    0.0000
         0
    0.0000
         0
    0.0000
    0.0000
    0.0000
    0.0000
    0.0000
         0
    0.0000
    0.0000
    0.0000
    0.0000
         0
         0
    0.0000
    0.0000
         0
    0.0000
    0.0000
         0
    0.0000
    0.0000
         0
         0
    0.0000
  272.8738

  -1.0000e+09

    3.1856

End of this iteration
x-value
         0
    2.3143
    3.3706
    0.8921
    4.2321
    0.0000
    0.0000
    0.0000
    0.0000
         0
    0.0000
    0.0000
         0
         0
    0.0000
    0.0000
    0.0000
    0.0000
         0
         0
         0
         0
         0
         0
         0
    0.0000
    0.0000
         0
    0.0000
    0.0000
    0.0000
         0
    0.0000
         0
    0.0000
         0
  272.2260

  -1.0000e+09

    3.2413

End of this iteration
x-value
    0.0000
    2.4213
    3.2728
    0.9386
    4.2140
         0
    0.0000
    0.0000
    0.0000
         0
    0.0000
    0.0000
    0.0000
    0.0000
    0.0000
    0.0000
         0
    0.0000
    0.0000
         0
         0
    0.0000
         0
         0
    0.0000
         0
    0.0000
         0
    0.0000
         0
    0.0000
    0.0000
    0.0000
    0.0000
    0.0000
   -0.0000
  272.8738

  -1.0000e+09

    3.1856

End of this iteration
x-value
    0.0000
    2.5800
    3.0726
    1.0374
    4.1752
         0
         0
         0
    0.0000
         0
    0.0000
    0.0000
    0.0000
    0.0000
   -0.0000
    0.0000
         0
    0.0000
    0.0000
    0.0000
         0
         0
         0
    0.0000
         0
         0
    0.0000
    0.0000
         0
    0.0000
    0.0000
    0.0000
         0
    0.0000
    0.0000
    0.0000
  274.1859

  -1.0000e+09

    3.1083

End of this iteration
x-value
    0.0000
    2.5836
    3.0492
    1.1221
    4.1312
    0.0000
    0.0000
         0
         0
         0
         0
         0
         0
    0.0000
         0
    0.0000
    0.0000
    0.0000
    0.0000
    0.0000
    0.0000
    0.0000
         0
         0
    0.0000
         0
         0
    0.0000
         0
    0.0000
         0
    0.0000
         0
         0
    0.0000
    0.0000
  270.0271

  -1.0000e+09

    3.1081

End of this iteration
x-value
    0.0000
    2.6303
    3.0091
    1.0687
    4.1628
    0.0000
         0
         0
    0.0000
         0
    0.0000
    0.0000
    0.0000
    0.0000
    0.0000
         0
         0
    0.0000
         0
         0
         0
    0.0000
         0
    0.0000
         0
    0.0000
    0.0000
         0
    0.0000
    0.0000
    0.0000
         0
         0
         0
         0
    0.0000
  274.6019

  -1.0000e+09

    3.0838

End of this iteration
x-value
   -0.0000
    2.4213
    3.2728
    0.9386
    4.2140
    0.0000
    0.0000
         0
         0
         0
    0.0000
         0
         0
   -0.0000
    0.0000
    0.0000
         0
    0.0000
   -0.0000
    0.0000
    0.0000
    0.0000
    0.0000
    0.0000
         0
    0.0000
    0.0000
    0.0000
         0
   -0.0000
    0.0000
         0
    0.0000
    0.0000
   -0.0000
    0.0000
  272.8738

  -1.0000e+09

    3.1856

End of this iteration
x-value
         0
    2.5127
    3.0591
    1.0489
    4.1701
    0.0000
    0.0000
    0.0000
         0
         0
         0
    0.0000
         0
         0
         0
    0.0000
    0.0000
         0
    0.0000
   -0.0000
    0.0000
    0.0000
         0
         0
         0
    0.0000
   -0.0000
   -0.0000
    0.0000
    0.0000
         0
    0.0000
         0
    0.0000
    0.0000
    0.0000
  274.2558

  -1.0000e+09

    3.1506

End of this iteration
x-value
         0
    2.5800
    3.0726
    1.0374
    4.1752
         0
    0.0000
    0.0000
   -0.0000
    0.0000
         0
    0.0000
         0
         0
   -0.0000
    0.0000
    0.0000
    0.0000
    0.0000
    0.0000
    0.0000
         0
         0
    0.0000
         0
         0
         0
    0.0000
    0.0000
         0
         0
    0.0000
    0.0000
    0.0000
    0.0000
         0
  274.1859

  -1.0000e+09

    3.1083

End of this iteration
x-value
         0
    2.5800
    3.0726
    1.0374
    4.1752
    0.0000
    0.0000
         0
    0.0000
         0
         0
    0.0000
    0.0000
    0.0000
    0.0000
         0
         0
    0.0000
   -0.0000
    0.0000
    0.0000
         0
    0.0000
    0.0000
         0
    0.0000
    0.0000
    0.0000
    0.0000
         0
    0.0000
         0
         0
   -0.0000
    0.0000
    0.0000
  274.1859

  -1.0000e+09

    3.1083

End of this iteration
x-value
    0.0000
    2.5800
    3.0726
    1.0374
    4.1752
         0
         0
         0
    0.0000
         0
         0
    0.0000
    0.0000
         0
    0.0000
         0
         0
         0
         0
         0
         0
    0.0000
    0.0000
    0.0000
    0.0000
    0.0000
    0.0000
    0.0000
    0.0000
         0
    0.0000
    0.0000
    0.0000
    0.0000
    0.0000
    0.0000
  274.1859

  -1.0000e+09

    3.1083

End of this iteration
x-value
         0
    2.8182
    2.7386
    1.3324
    4.0380
         0
    0.0000
         0
    0.0000
    0.0000
         0
         0
    0.0000
         0
         0
         0
    0.0000
    0.0000
         0
    0.0000
    0.0000
         0
         0
    0.0000
         0
    0.0000
    0.0000
    0.0000
    0.0000
         0
         0
         0
    0.0000
         0
    0.0000
         0
  268.4961

  -1.0000e+09

    2.9950

End of this iteration
x-value
         0
    2.7070
    2.8898
    1.2153
    4.0914
         0
         0
    0.0000
    0.0000
    0.0000
         0
         0
    0.0000
         0
         0
         0
         0
    0.0000
    0.0000
         0
         0
         0
    0.0000
         0
         0
    0.0000
         0
    0.0000
         0
         0
         0
         0
         0
   -0.0000
         0
    0.0000
  270.1177

  -1.0000e+09

    3.1926

End of this iteration
x-value
    0.0000
    2.5776
    3.0570
    1.1175
    4.1331
    0.0000
    0.0000
    0.0000
    0.0000
         0
    0.0000
    0.0000
         0
    0.0000
    0.0000
         0
         0
         0
    0.0000
         0
         0
    0.0000
    0.0000
         0
    0.0000
         0
    0.0000
    0.0000
   -0.0000
    0.0000
    0.0000
    0.0000
         0
         0
    0.0000
         0
  270.0214

  -1.0000e+09

    3.1110

End of this iteration
x-value
   -0.0000
    2.5800
    3.0726
    1.0374
    4.1752
    0.0000
         0
    0.0000
    0.0000
   -0.0000
    0.0000
    0.0000
    0.0000
    0.0000
   -0.0000
    0.0000
         0
    0.0000
         0
    0.0000
         0
    0.0000
         0
   -0.0000
         0
         0
         0
    0.0000
         0
    0.0000
    0.0000
    0.0000
         0
    0.0000
    0.0000
         0
  274.1859

  -1.0000e+09

    3.1083

End of this iteration
x-value
    0.0000
    2.5800
    3.0726
    1.0374
    4.1752
    0.0000
    0.0000
    0.0000
    0.0000
    0.0000
    0.0000
    0.0000
         0
         0
         0
    0.0000
         0
    0.0000
    0.0000
         0
    0.0000
         0
    0.0000
    0.0000
    0.0000
         0
    0.0000
    0.0000
         0
    0.0000
         0
         0
    0.0000
    0.0000
    0.0000
         0
  274.1859

  -1.0000e+09

    3.1083

End of this iteration
x-value
    0.0000
    2.5800
    3.0726
    1.0374
    4.1752
         0
   -0.0000
    0.0000
         0
    0.0000
         0
    0.0000
    0.0000
    0.0000
         0
         0
   -0.0000
    0.0000
    0.0000
         0
         0
    0.0000
         0
    0.0000
    0.0000
   -0.0000
   -0.0000
    0.0000
    0.0000
         0
    0.0000
         0
    0.0000
    0.0000
         0
         0
  274.1859

  -1.0000e+09

    3.1083

End of this iteration
x-value
         0
    2.5800
    3.0726
    1.0374
    4.1752
         0
    0.0000
    0.0000
    0.0000
         0
    0.0000
    0.0000
         0
    0.0000
    0.0000
    0.0000
    0.0000
   -0.0000
         0
   -0.0000
         0
   -0.0000
    0.0000
   -0.0000
         0
    0.0000
    0.0000
    0.0000
    0.0000
         0
    0.0000
    0.0000
    0.0000
         0
    0.0000
         0
  274.1859

  -1.0000e+09

    3.1083

End of this iteration
x-value
   -0.0000
    2.5800
    3.0726
    1.0374
    4.1752
    0.0000
    0.0000
         0
    0.0000
    0.0000
         0
         0
    0.0000
         0
    0.0000
         0
         0
    0.0000
    0.0000
   -0.0000
    0.0000
    0.0000
         0
         0
   -0.0000
         0
    0.0000
    0.0000
         0
    0.0000
    0.0000
         0
    0.0000
    0.0000
    0.0000
    0.0000
  274.1859

  -1.0000e+09

    3.1083

End of this iteration
x-value
    0.0000
    2.5994
    3.0434
    1.0714
    4.1401
    0.0000
         0
         0
    0.0000
    0.0000
    0.0000
         0
         0
    0.0000
         0
    0.0000
         0
   -0.0000
         0
    0.0000
    0.0000
    0.0000
   -0.0000
    0.0000
    0.0000
    0.0000
    0.0000
    0.0000
    0.0000
         0
         0
    0.0000
         0
    0.0000
         0
    0.0000
  271.4628

  -1.0000e+09

    3.0993

End of this iteration
x-value
    0.0000
    2.5800
    3.0726
    1.0374
    4.1752
   -0.0000
    0.0000
    0.0000
    0.0000
    0.0000
         0
         0
    0.0000
         0
    0.0000
    0.0000
         0
    0.0000
    0.0000
         0
    0.0000
    0.0000
         0
         0
    0.0000
         0
    0.0000
    0.0000
         0
         0
    0.0000
    0.0000
         0
    0.0000
    0.0000
   -0.0000
  274.1859

  -1.0000e+09

    3.1083

End of this iteration
x-value
    0.0000
    2.4534
    3.2610
    0.9430
    4.2124
         0
   -0.0000
         0
    0.0000
         0
    0.0000
   -0.0000
         0
         0
         0
    0.0000
         0
    0.0000
    0.0000
    0.0000
    0.0000
         0
    0.0000
         0
    0.0000
         0
    0.0000
         0
         0
         0
    0.0000
    0.0000
    0.0000
         0
         0
    0.0000
  272.9565

  -1.0000e+09

    3.1672

End of this iteration
x-value
         0
    2.5784
    3.0558
    1.1188
    4.1317
    0.0000
    0.0000
         0
         0
         0
    0.0000
   -0.0000
   -0.0000
    0.0000
   -0.0000
         0
         0
    0.0000
    0.0000
         0
    0.0000
   -0.0000
    0.0000
    0.0000
    0.0000
   -0.0000
         0
    0.0000
    0.0000
    0.0000
         0
         0
    0.0000
    0.0000
    0.0000
    0.0000
  231.2987

  -1.0000e+09

    3.1106

End of this iteration
x-value
    0.0000
    2.5800
    3.0726
    1.0374
    4.1752
    0.0000
    0.0000
    0.0000
         0
    0.0000
         0
    0.0000
   -0.0000
    0.0000
    0.0000
         0
   -0.0000
         0
    0.0000
    0.0000
    0.0000
         0
    0.0000
   -0.0000
    0.0000
    0.0000
    0.0000
         0
    0.0000
         0
    0.0000
    0.0000
    0.0000
    0.0000
    0.0000
    0.0000
  274.1859

  -1.0000e+09

    3.1083

End of this iteration
x-value
         0
    2.5800
    3.0726
    1.0374
    4.1752
         0
    0.0000
         0
         0
    0.0000
   -0.0000
    0.0000
         0
    0.0000
   -0.0000
    0.0000
         0
         0
         0
         0
    0.0000
         0
    0.0000
    0.0000
         0
         0
    0.0000
    0.0000
    0.0000
         0
         0
         0
         0
    0.0000
         0
    0.0000
  274.1859

  -1.0000e+09

    3.1083

End of this iteration
x-value
         0
    2.8568
    2.7210
    1.3403
    4.0349
         0
    0.0000
         0
         0
         0
         0
         0
         0
    0.0000
         0
    0.0000
    0.0000
    0.0000
    0.0000
         0
    0.0000
         0
         0
         0
    0.0000
         0
         0
    0.0000
    0.0000
         0
    0.0000
    0.0000
    0.0000
    0.0000
         0
         0
  268.5648

  -1.0000e+09

    2.9732

End of this iteration
x-value
    0.0000
    2.5800
    3.0726
    1.0374
    4.1752
    0.0000
    0.0000
         0
    0.0000
    0.0000
    0.0000
    0.0000
    0.0000
    0.0000
         0
   -0.0000
    0.0000
         0
    0.0000
    0.0000
         0
         0
         0
         0
    0.0000
         0
         0
    0.0000
         0
         0
    0.0000
    0.0000
         0
         0
    0.0000
    0.0000
  274.1859

  -1.0000e+09

    3.1083

End of this iteration
x-value
    0.0000
    2.5800
    3.0726
    1.0374
    4.1752
         0
    0.0000
         0
         0
    0.0000
         0
         0
    0.0000
   -0.0000
    0.0000
         0
    0.0000
         0
         0
    0.0000
    0.0000
    0.0000
         0
    0.0000
    0.0000
         0
    0.0000
    0.0000
         0
    0.0000
    0.0000
    0.0000
    0.0000
         0
         0
         0
  274.1859

  -1.0000e+09

    3.1083

End of this iteration
x-value
    0.0000
    2.7820
    2.7894
    1.2888
    4.0383
    0.0000
         0
         0
         0
         0
         0
    0.0000
         0
         0
    0.0000
    0.0000
         0
         0
    0.0000
    0.0000
         0
    0.0000
    0.0000
    0.0000
    0.0000
         0
    0.0000
    0.0000
    0.0000
    0.0000
   -0.0000
         0
         0
    0.0000
         0
         0
  267.4296

  -1.0000e+09

    3.0122

End of this iteration
x-value
    0.0000
    2.0887
    3.5297
    0.7841
    4.2830
   -0.0000
   -0.0000
    0.0000
    0.0000
         0
    0.0000
    0.0000
         0
    0.0000
    0.0000
    0.0000
    0.0000
    0.0000
    0.0000
    0.0000
   -0.0000
    0.0000
         0
    0.0000
         0
         0
    0.0000
    0.0000
    0.0000
   -0.0000
         0
         0
    0.0000
    0.0000
         0
         0
  273.6529

  -1.0000e+09

    3.3635

End of this iteration
x-value
         0
    2.5800
    3.0726
    1.0374
    4.1752
    0.0000
    0.0000
         0
         0
    0.0000
    0.0000
   -0.0000
   -0.0000
         0
         0
         0
    0.0000
    0.0000
    0.0000
    0.0000
    0.0000
    0.0000
         0
    0.0000
   -0.0000
         0
    0.0000
    0.0000
         0
    0.0000
    0.0000
    0.0000
    0.0000
    0.0000
    0.0000
    0.0000
  274.1860

  -1.0000e+09

    3.1083

End of this iteration
x-value
    0.0000
    2.7216
    2.8674
    1.2432
    4.0577
         0
    0.0000
         0
         0
    0.0000
         0
   -0.0000
    0.0000
   -0.0000
         0
    0.0000
    0.0000
    0.0000
    0.0000
    0.0000
    0.0000
    0.0000
         0
         0
    0.0000
    0.0000
    0.0000
    0.0000
         0
         0
    0.0000
         0
         0
    0.0000
         0
    0.0000
  267.3720

  -1.0000e+09

    3.0415

End of this iteration
x-value
         0
    2.4213
    3.2728
    0.9386
    4.2140
    0.0000
    0.0000
    0.0000
    0.0000
    0.0000
    0.0000
         0
    0.0000
    0.0000
         0
   -0.0000
    0.0000
    0.0000
    0.0000
    0.0000
         0
         0
         0
    0.0000
    0.0000
         0
    0.0000
    0.0000
    0.0000
    0.0000
    0.0000
         0
         0
         0
    0.0000
         0
  272.8738

  -1.0000e+09

    3.1856

End of this iteration
x-value
    0.0000
    2.5800
    3.0726
    1.0374
    4.1752
         0
    0.0000
         0
    0.0000
    0.0000
    0.0000
         0
    0.0000
         0
         0
         0
    0.0000
    0.0000
    0.0000
         0
    0.0000
    0.0000
         0
    0.0000
    0.0000
         0
         0
         0
         0
         0
    0.0000
    0.0000
         0
   -0.0000
         0
         0
  274.1859

  -1.0000e+09

    3.1083

End of this iteration
x-value
    0.0000
    2.5800
    3.0726
    1.0374
    4.1752
         0
    0.0000
    0.0000
         0
    0.0000
    0.0000
         0
         0
    0.0000
         0
         0
         0
         0
         0
    0.0000
    0.0000
    0.0000
    0.0000
    0.0000
    0.0000
    0.0000
         0
         0
         0
    0.0000
    0.0000
    0.0000
    0.0000
         0
         0
         0
  274.1859

  -1.0000e+09

    3.1083

End of this iteration
x-value
    0.0000
    2.7820
    2.7894
    1.2888
    4.0383
    0.0000
         0
    0.0000
         0
    0.0000
    0.0000
         0
         0
    0.0000
         0
         0
         0
    0.0000
    0.0000
         0
    0.0000
    0.0000
         0
         0
    0.0000
         0
    0.0000
         0
         0
    0.0000
         0
    0.0000
    0.0000
    0.0000
    0.0000
    0.0000
  267.4296

  -1.0000e+09

    3.0122

End of this iteration
x-value
         0
    2.7725
    2.7940
    1.3149
    4.0233
    0.0000
         0
         0
    0.0000
         0
    0.0000
    0.0000
         0
    0.0000
    0.0000
         0
    0.0000
    0.0000
    0.0000
         0
    0.0000
    0.0000
    0.0000
         0
   -0.0000
    0.0000
         0
    0.0000
    0.0000
         0
    0.0000
         0
         0
    0.0000
         0
    0.0000
  265.6659

  -1.0000e+09

    3.0174

End of this iteration
x-value
   -0.0000
    2.5800
    3.0726
    1.0374
    4.1752
         0
    0.0000
    0.0000
    0.0000
         0
         0
         0
    0.0000
    0.0000
    0.0000
    0.0000
         0
         0
    0.0000
    0.0000
    0.0000
         0
    0.0000
    0.0000
    0.0000
    0.0000
   -0.0000
    0.0000
    0.0000
    0.0000
         0
    0.0000
    0.0000
    0.0000
   -0.0000
    0.0000
  274.1860

  -1.0000e+09

    3.1083

End of this iteration
x-value
    0.0000
    2.7422
    2.8739
    1.2223
    4.0889
    0.0000
    0.0000
    0.0000
         0
    0.0000
         0
    0.0000
         0
         0
    0.0000
         0
    0.0000
    0.0000
    0.0000
         0
   -0.0000
         0
         0
    0.0000
         0
         0
         0
   -0.0000
    0.0000
         0
    0.0000
    0.0000
    0.0000
    0.0000
         0
         0
  270.2075

  -1.0000e+09

    3.0284

End of this iteration
x-value
    0.0000
    2.8026
    2.7959
    1.2680
    4.0695
         0
    0.0000
    0.0000
    0.0000
         0
         0
   -0.0000
    0.0000
    0.0000
    0.0000
    0.0000
         0
         0
    0.0000
         0
    0.0000
         0
    0.0000
         0
         0
    0.0000
    0.0000
         0
         0
         0
    0.0000
         0
    0.0000
    0.0000
    0.0000
    0.0000
  270.2651

  -1.0000e+09

    2.9991

End of this iteration
x-value
         0
    2.5800
    3.0726
    1.0374
    4.1752
   -0.0000
    0.0000
    0.0000
    0.0000
         0
    0.0000
         0
    0.0000
    0.0000
   -0.0000
    0.0000
    0.0000
   -0.0000
         0
   -0.0000
    0.0000
         0
    0.0000
    0.0000
         0
   -0.0000
    0.0000
    0.0000
    0.0000
         0
    0.0000
    0.0000
         0
    0.0000
         0
    0.0000
  274.1859

  -1.0000e+09

    3.1083

End of this iteration
x-value
    0.0000
    2.4213
    3.2728
    0.9386
    4.2140
   -0.0000
    0.0000
    0.0000
    0.0000
         0
   -0.0000
         0
         0
    0.0000
    0.0000
    0.0000
    0.0000
    0.0000
    0.0000
    0.0000
    0.0000
    0.0000
    0.0000
    0.0000
         0
    0.0000
         0
         0
    0.0000
         0
         0
         0
         0
    0.0000
         0
    0.0000
  272.8738

  -1.0000e+09

    3.1856

End of this iteration
x-value
    0.0000
    2.5934
    2.9417
    1.1918
    4.1009
         0
         0
         0
         0
    0.0000
         0
    0.0000
         0
    0.0000
   -0.0000
    0.0000
    0.0000
         0
         0
         0
         0
    0.0000
         0
    0.0000
         0
         0
         0
    0.0000
         0
         0
    0.0000
         0
         0
    0.0000
    0.0000
         0
  269.9425

  -1.0000e+09

    3.1124

End of this iteration
x-value
    0.0000
    2.5800
    3.0726
    1.0374
    4.1752
    0.0000
         0
         0
         0
         0
    0.0000
         0
         0
         0
    0.0000
   -0.0000
         0
    0.0000
    0.0000
    0.0000
    0.0000
    0.0000
         0
         0
    0.0000
    0.0000
    0.0000
         0
         0
    0.0000
         0
         0
         0
    0.0000
    0.0000
         0
  274.1859

  -1.0000e+09

    3.1083

End of this iteration
x-value
    0.0000
    2.5800
    3.0726
    1.0374
    4.1752
    0.0000
         0
    0.0000
    0.0000
    0.0000
    0.0000
   -0.0000
         0
    0.0000
    0.0000
    0.0000
         0
    0.0000
         0
    0.0000
         0
    0.0000
    0.0000
    0.0000
         0
         0
    0.0000
    0.0000
    0.0000
         0
    0.0000
         0
    0.0000
         0
         0
    0.0000
  274.1860

  -1.0000e+09

    3.1083

End of this iteration
x-value
    0.0000
    2.5800
    3.0726
    1.0374
    4.1752
         0
   -0.0000
    0.0000
         0
    0.0000
    0.0000
         0
         0
    0.0000
    0.0000
    0.0000
    0.0000
    0.0000
    0.0000
    0.0000
         0
         0
         0
    0.0000
         0
         0
    0.0000
    0.0000
    0.0000
    0.0000
    0.0000
    0.0000
         0
         0
    0.0000
         0
  274.1859

  -1.0000e+09

    3.1083

End of this iteration
x-value
    0.0000
    2.9646
    2.5855
    1.3909
    4.0174
   -0.0000
         0
         0
         0
   -0.0000
         0
    0.0000
    0.0000
    0.0000
         0
    0.0000
    0.0000
    0.0000
         0
    0.0000
    0.0000
    0.0000
         0
    0.0000
         0
    0.0000
         0
    0.0000
    0.0000
    0.0000
         0
    0.0000
    0.0000
         0
    0.0000
         0
  270.4184

  -1.0000e+09

    2.9207

End of this iteration
x-value
    0.0000
    2.7070
    2.8898
    1.2153
    4.0914
    0.0000
    0.0000
         0
    0.0000
    0.0000
         0
    0.0000
         0
         0
    0.0000
   -0.0000
         0
    0.0000
    0.0000
         0
    0.0000
    0.0000
    0.0000
    0.0000
    0.0000
         0
         0
    0.0000
    0.0000
    0.0000
   -0.0000
    0.0000
    0.0000
    0.0000
         0
    0.0000
  270.1177

  -1.0000e+09

    3.0483

End of this iteration
x-value
         0
    2.4213
    3.2728
    0.9386
    4.2140
    0.0000
         0
         0
    0.0000
   -0.0000
    0.0000
         0
    0.0000
    0.0000
         0
         0
    0.0000
    0.0000
         0
    0.0000
   -0.0000
    0.0000
         0
         0
    0.0000
         0
    0.0000
    0.0000
         0
    0.0000
         0
    0.0000
         0
         0
    0.0000
    0.0000
  272.8738

  -1.0000e+09

    3.1856

End of this iteration
x-value
         0
    2.2437
    3.3418
    0.9096
    4.2275
         0
         0
    0.0000
    0.0000
    0.0000
    0.0000
         0
    0.0000
    0.0000
         0
    0.0000
    0.0000
    0.0000
    0.0000
         0
         0
    0.0000
         0
    0.0000
    0.0000
    0.0000
         0
         0
         0
         0
         0
    0.0000
    0.0000
    0.0000
         0
         0
  272.7833

  -1.0000e+09

    3.2872

End of this iteration
x-value
    0.0000
    2.7422
    2.8739
    1.2223
    4.0889
   -0.0000
    0.0000
   -0.0000
   -0.0000
    0.0000
         0
   -0.0000
    0.0000
    0.0000
    0.0000
    0.0000
         0
    0.0000
         0
    0.0000
    0.0000
         0
    0.0000
    0.0000
   -0.0000
    0.0000
    0.0000
         0
    0.0000
    0.0000
         0
    0.0000
    0.0000
    0.0000
    0.0000
    0.0000
  270.2075

  -1.0000e+09

    3.0284

End of this iteration
x-value
         0
    2.5994
    3.0434
    1.0714
    4.1401
         0
    0.0000
    0.0000
    0.0000
    0.0000
    0.0000
         0
   -0.0000
    0.0000
    0.0000
    0.0000
         0
         0
    0.0000
         0
         0
         0
    0.0000
         0
         0
   -0.0000
         0
    0.0000
         0
    0.0000
         0
    0.0000
   -0.0000
    0.0000
         0
    0.0000
  271.4628

  -1.0000e+09

    3.0993

End of this iteration
x-value
   -0.0000
    2.5934
    2.9417
    1.1918
    4.1009
         0
         0
    0.0000
         0
    0.0000
         0
    0.0000
         0
         0
    0.0000
         0
         0
         0
    0.0000
         0
    0.0000
    0.0000
    0.0000
         0
         0
    0.0000
    0.0000
    0.0000
    0.0000
    0.0000
    0.0000
    0.0000
         0
    0.0000
    0.0000
    0.0000
  269.9425

  -1.0000e+09

    3.1124

End of this iteration
x-value
    0.0000
    2.2826
    3.3238
    0.9196
    4.2208
         0
         0
    0.0000
    0.0000
    0.0000
         0
         0
    0.0000
         0
         0
    0.0000
    0.0000
         0
         0
         0
         0
    0.0000
    0.0000
         0
         0
         0
    0.0000
    0.0000
         0
    0.0000
         0
         0
    0.0000
         0
    0.0000
    0.0000
  284.0310

  -1.0000e+09

    3.2652

End of this iteration
x-value
   -0.0000
    2.5800
    3.0726
    1.0374
    4.1752
         0
    0.0000
         0
         0
         0
         0
         0
    0.0000
         0
    0.0000
    0.0000
    0.0000
    0.0000
    0.0000
         0
    0.0000
    0.0000
         0
    0.0000
         0
    0.0000
    0.0000
    0.0000
         0
    0.0000
    0.0000
         0
    0.0000
    0.0000
    0.0000
    0.0000
  274.1859

  -1.0000e+09

    3.1083

End of this iteration
x-value
    0.0000
    2.6632
    2.8594
    1.2393
    4.0808
   -0.0000
         0
    0.0000
         0
    0.0000
    0.0000
    0.0000
    0.0000
    0.0000
    0.0000
         0
   -0.0000
    0.0000
    0.0000
         0
         0
    0.0000
         0
    0.0000
    0.0000
    0.0000
         0
    0.0000
    0.0000
    0.0000
    0.0000
    0.0000
    0.0000
   -0.0000
   -0.0000
         0
  270.0167

  -1.0000e+09

    3.0779

End of this iteration
x-value
         0
    2.5800
    3.0726
    1.0374
    4.1752
         0
         0
         0
         0
    0.0000
    0.0000
    0.0000
    0.0000
         0
         0
         0
    0.0000
         0
    0.0000
         0
    0.0000
         0
    0.0000
         0
   -0.0000
    0.0000
    0.0000
    0.0000
         0
    0.0000
         0
    0.0000
         0
         0
         0
    0.0000
  274.1859

  -1.0000e+09

    3.1083

End of this iteration
x-value
         0
    2.9646
    2.5855
    1.3909
    4.0174
         0
    0.0000
         0
    0.0000
         0
    0.0000
    0.0000
    0.0000
    0.0000
    0.0000
    0.0000
    0.0000
         0
         0
   -0.0000
    0.0000
    0.0000
         0
         0
         0
    0.0000
         0
         0
    0.0000
         0
         0
         0
         0
    0.0000
    0.0000
    0.0000
  270.4184

  -1.0000e+09

    2.9207

End of this iteration
x-value
    0.0000
    2.5800
    3.0726
    1.0374
    4.1752
         0
         0
    0.0000
    0.0000
    0.0000
    0.0000
         0
    0.0000
         0
    0.0000
    0.0000
         0
         0
         0
    0.0000
    0.0000
    0.0000
         0
    0.0000
    0.0000
         0
    0.0000
    0.0000
    0.0000
         0
         0
         0
         0
         0
    0.0000
         0
  274.1859

  -1.0000e+09

    3.1083

End of this iteration
x-value
         0
    2.4213
    3.2728
    0.9386
    4.2140
    0.0000
    0.0000
    0.0000
    0.0000
         0
         0
         0
         0
    0.0000
    0.0000
    0.0000
    0.0000
         0
         0
         0
         0
         0
         0
         0
    0.0000
    0.0000
         0
         0
    0.0000
    0.0000
    0.0000
         0
    0.0000
    0.0000
    0.0000
         0
  283.3228

  -1.0000e+09

    3.1856

End of this iteration
x-value
    0.0000
    2.5800
    3.0726
    1.0374
    4.1752
         0
    0.0000
         0
         0
         0
    0.0000
         0
    0.0000
         0
         0
         0
    0.0000
    0.0000
   -0.0000
         0
         0
         0
         0
    0.0000
    0.0000
         0
         0
         0
         0
         0
    0.0000
         0
   -0.0000
    0.0000
    0.0000
         0
  274.1859

  -1.0000e+09

    3.1083

End of this iteration
x-value
         0
    2.7932
    2.8005
    1.2940
    4.0545
         0
    0.0000
         0
         0
         0
         0
         0
         0
         0
         0
         0
    0.0000
         0
    0.0000
         0
         0
         0
         0
    0.0000
    0.0000
    0.0000
    0.0000
         0
         0
    0.0000
    0.0000
         0
         0
    0.0000
    0.0000
    0.0000
  268.5014

  -1.0000e+09

    3.0043

End of this iteration
x-value
    0.0000
    2.7422
    2.8739
    1.2223
    4.0889
    0.0000
    0.0000
    0.0000
         0
    0.0000
    0.0000
         0
         0
    0.0000
         0
    0.0000
    0.0000
    0.0000
    0.0000
    0.0000
   -0.0000
         0
   -0.0000
         0
         0
    0.0000
    0.0000
    0.0000
    0.0000
    0.0000
    0.0000
    0.0000
    0.0000
    0.0000
    0.0000
    0.0000
  270.2075

  -1.0000e+09

    3.0284

End of this iteration
x-value
    0.0000
    2.7422
    2.8739
    1.2223
    4.0889
   -0.0000
   -0.0000
   -0.0000
    0.0000
    0.0000
    0.0000
    0.0000
         0
    0.0000
         0
    0.0000
         0
    0.0000
    0.0000
    0.0000
    0.0000
   -0.0000
    0.0000
         0
         0
    0.0000
    0.0000
         0
         0
    0.0000
    0.0000
         0
         0
    0.0000
    0.0000
    0.0000
  235.7050

  -1.0000e+09

    3.0284

End of this iteration
x-value
         0
    2.4213
    3.2728
    0.9386
    4.2140
    0.0000
    0.0000
    0.0000
    0.0000
    0.0000
    0.0000
         0
         0
         0
         0
         0
         0
         0
    0.0000
    0.0000
    0.0000
    0.0000
    0.0000
    0.0000
         0
         0
    0.0000
         0
         0
   -0.0000
    0.0000
         0
         0
   -0.0000
    0.0000
    0.0000
  272.8738

  -1.0000e+09

    3.1856

End of this iteration
x-value
    0.0000
    2.5800
    3.0726
    1.0374
    4.1752
         0
    0.0000
    0.0000
    0.0000
    0.0000
    0.0000
         0
         0
    0.0000
    0.0000
    0.0000
         0
    0.0000
   -0.0000
         0
         0
    0.0000
    0.0000
         0
         0
         0
    0.0000
         0
         0
         0
         0
         0
         0
   -0.0000
   -0.0000
         0
  274.1859

  -1.0000e+09

    3.1083

End of this iteration
x-value
         0
    2.4213
    3.2728
    0.9386
    4.2140
    0.0000
         0
    0.0000
         0
    0.0000
         0
         0
         0
    0.0000
   -0.0000
    0.0000
    0.0000
    0.0000
    0.0000
    0.0000
    0.0000
    0.0000
         0
    0.0000
         0
    0.0000
         0
    0.0000
         0
         0
    0.0000
    0.0000
         0
    0.0000
    0.0000
         0
  272.8738

  -1.0000e+09

    3.1856

End of this iteration
x-value
    0.0000
    2.7385
    2.8456
    1.2560
    4.0523
   -0.0000
         0
         0
    0.0000
    0.0000
         0
         0
    0.0000
         0
         0
    0.0000
         0
    0.0000
         0
         0
    0.0000
    0.0000
    0.0000
         0
    0.0000
    0.0000
    0.0000
    0.0000
    0.0000
         0
    0.0000
         0
    0.0000
         0
         0
    0.0000
  267.3881

  -1.0000e+09

    3.0333

End of this iteration
x-value
         0
    2.2826
    3.3238
    0.9196
    4.2208
         0
    0.0000
         0
    0.0000
         0
    0.0000
    0.0000
    0.0000
    0.0000
         0
    0.0000
    0.0000
    0.0000
         0
         0
    0.0000
         0
         0
    0.0000
    0.0000
         0
         0
    0.0000
    0.0000
    0.0000
    0.0000
    0.0000
         0
    0.0000
    0.0000
    0.0000
  272.5167

  -1.0000e+09

    3.2652

End of this iteration
x-value
         0
    2.5800
    3.0726
    1.0374
    4.1752
    0.0000
         0
    0.0000
    0.0000
         0
         0
         0
    0.0000
         0
         0
         0
         0
    0.0000
         0
         0
         0
         0
    0.0000
    0.0000
    0.0000
         0
    0.0000
    0.0000
         0
         0
         0
         0
    0.0000
         0
         0
    0.0000
  274.1859

  -1.0000e+09

    3.1083

End of this iteration
x-value
    0.0000
    2.7422
    2.8739
    1.2223
    4.0889
    0.0000
         0
    0.0000
   -0.0000
    0.0000
    0.0000
    0.0000
    0.0000
         0
    0.0000
    0.0000
    0.0000
         0
         0
    0.0000
         0
    0.0000
   -0.0000
    0.0000
         0
    0.0000
         0
    0.0000
    0.0000
    0.0000
    0.0000
    0.0000
   -0.0000
    0.0000
    0.0000
         0
  270.2075

  -1.0000e+09

    3.0284

End of this iteration
x-value
         0
    2.4213
    3.2728
    0.9386
    4.2140
    0.0000
    0.0000
    0.0000
         0
    0.0000
         0
         0
         0
   -0.0000
    0.0000
    0.0000
    0.0000
         0
         0
    0.0000
    0.0000
         0
    0.0000
         0
    0.0000
         0
    0.0000
         0
    0.0000
    0.0000
    0.0000
    0.0000
    0.0000
    0.0000
    0.0000
    0.0000
  272.8738

  -1.0000e+09

    3.1856

End of this iteration
x-value
    0.0000
    2.6344
    2.9929
    1.1207
    4.1165
         0
         0
         0
    0.0000
    0.0000
    0.0000
    0.0000
         0
    0.0000
    0.0000
         0
    0.0000
    0.0000
    0.0000
    0.0000
         0
    0.0000
         0
    0.0000
         0
    0.0000
   -0.0000
    0.0000
    0.0000
    0.0000
    0.0000
    0.0000
         0
   -0.0000
         0
    0.0000
  270.2893

  -1.0000e+09

    3.0827

End of this iteration
x-value
    0.0000
    2.5800
    3.0726
    1.0374
    4.1752
    0.0000
   -0.0000
         0
    0.0000
    0.0000
    0.0000
         0
    0.0000
         0
    0.0000
    0.0000
    0.0000
    0.0000
    0.0000
    0.0000
    0.0000
    0.0000
         0
    0.0000
    0.0000
    0.0000
         0
    0.0000
   -0.0000
    0.0000
    0.0000
    0.0000
         0
    0.0000
    0.0000
    0.0000
  274.1859

  -1.0000e+09

    3.1083

End of this iteration
x-value
    0.0000
    2.5800
    3.0726
    1.0374
    4.1752
    0.0000
    0.0000
   -0.0000
         0
    0.0000
    0.0000
   -0.0000
    0.0000
    0.0000
   -0.0000
         0
   -0.0000
         0
         0
    0.0000
         0
    0.0000
    0.0000
    0.0000
    0.0000
    0.0000
    0.0000
    0.0000
   -0.0000
    0.0000
         0
         0
    0.0000
         0
    0.0000
         0
  274.1859

  -1.0000e+09

    3.1083

End of this iteration
x-value
    0.0000
    2.7423
    2.8738
    1.2226
    4.0886
         0
    0.0000
    0.0000
         0
         0
    0.0000
    0.0000
    0.0000
    0.0000
    0.0000
    0.0000
    0.0000
         0
         0
    0.0000
    0.0000
    0.0000
         0
         0
    0.0000
    0.0000
    0.0000
         0
    0.0000
         0
    0.0000
    0.0000
    0.0000
    0.0000
    0.0000
    0.0000
  270.1861

  -1.0000e+09

    3.0283

End of this iteration
x-value
         0
    2.7673
    2.8120
    1.2607
    4.0724
    0.0000
    0.0000
         0
         0
         0
         0
         0
    0.0000
         0
    0.0000
    0.0000
         0
         0
    0.0000
    0.0000
    0.0000
         0
         0
    0.0000
    0.0000
         0
         0
    0.0000
    0.0000
    0.0000
    0.0000
    0.0000
    0.0000
         0
         0
    0.0000
  270.2021

  -1.0000e+09

    3.0191

End of this iteration
x-value
         0
    2.5800
    3.0726
    1.0374
    4.1752
         0
   -0.0000
    0.0000
         0
    0.0000
    0.0000
         0
         0
    0.0000
    0.0000
         0
         0
    0.0000
         0
         0
         0
    0.0000
    0.0000
    0.0000
    0.0000
    0.0000
   -0.0000
    0.0000
         0
    0.0000
         0
         0
    0.0000
    0.0000
         0
         0
  274.1860

  -1.0000e+09

    3.1083

End of this iteration
x-value
    0.0000
    2.5776
    3.0570
    1.1175
    4.1331
    0.0000
    0.0000
         0
    0.0000
    0.0000
         0
    0.0000
    0.0000
         0
    0.0000
         0
         0
         0
    0.0000
    0.0000
         0
    0.0000
         0
    0.0000
   -0.0000
    0.0000
    0.0000
         0
         0
    0.0000
    0.0000
         0
         0
    0.0000
    0.0000
    0.0000
  270.0214

  -1.0000e+09

    3.1110

End of this iteration
x-value
         0
    2.5994
    3.0434
    1.0714
    4.1401
         0
    0.0000
    0.0000
    0.0000
         0
         0
         0
    0.0000
    0.0000
         0
         0
         0
    0.0000
         0
    0.0000
         0
    0.0000
    0.0000
         0
    0.0000
    0.0000
    0.0000
         0
    0.0000
         0
    0.0000
         0
         0
         0
    0.0000
         0
  271.4628

  -1.0000e+09

    3.0993

End of this iteration
x-value
    0.0000
    2.6303
    3.0091
    1.0687
    4.1628
    0.0000
         0
   -0.0000
    0.0000
         0
         0
         0
    0.0000
    0.0000
         0
         0
    0.0000
         0
   -0.0000
    0.0000
         0
         0
    0.0000
         0
         0
    0.0000
    0.0000
    0.0000
    0.0000
    0.0000
         0
    0.0000
    0.0000
         0
    0.0000
         0
  274.6019

  -1.0000e+09

    3.0838

End of this iteration
x-value
    0.0000
    2.5800
    3.0726
    1.0374
    4.1752
   -0.0000
         0
         0
         0
    0.0000
    0.0000
    0.0000
         0
    0.0000
    0.0000
         0
    0.0000
         0
    0.0000
         0
         0
         0
    0.0000
    0.0000
    0.0000
         0
         0
    0.0000
    0.0000
         0
    0.0000
    0.0000
    0.0000
    0.0000
   -0.0000
    0.0000
  274.1859

  -1.0000e+09

    3.1083

End of this iteration
x-value
    0.0000
    2.5800
    3.0726
    1.0374
    4.1752
    0.0000
         0
         0
    0.0000
    0.0000
    0.0000
         0
         0
         0
         0
    0.0000
    0.0000
         0
         0
    0.0000
         0
         0
         0
         0
    0.0000
    0.0000
         0
         0
    0.0000
         0
    0.0000
         0
    0.0000
    0.0000
         0
         0
  274.1859

  -1.0000e+09

    3.1083

End of this iteration
x-value
    0.0000
    2.4180
    3.2776
    0.9337
    4.2187
         0
    0.0000
         0
    0.0000
         0
    0.0000
    0.0000
         0
   -0.0000
         0
    0.0000
    0.0000
         0
    0.0000
    0.0000
    0.0000
    0.0000
         0
         0
    0.0000
         0
    0.0000
    0.0000
    0.0000
    0.0000
    0.0000
    0.0000
         0
    0.0000
    0.0000
    0.0000
  273.2170

  -1.0000e+09

    3.0955

End of this iteration
x-value
         0
    2.5800
    3.0726
    1.0374
    4.1752
    0.0000
    0.0000
         0
    0.0000
         0
         0
    0.0000
   -0.0000
    0.0000
    0.0000
    0.0000
         0
    0.0000
    0.0000
   -0.0000
         0
    0.0000
         0
    0.0000
   -0.0000
         0
    0.0000
    0.0000
    0.0000
    0.0000
         0
    0.0000
         0
    0.0000
         0
    0.0000
  274.1859

  -1.0000e+09

    3.1083

End of this iteration
x-value
   -0.0000
    2.5800
    3.0726
    1.0374
    4.1752
    0.0000
    0.0000
         0
         0
    0.0000
         0
         0
    0.0000
    0.0000
         0
    0.0000
    0.0000
    0.0000
    0.0000
         0
         0
    0.0000
         0
         0
         0
    0.0000
    0.0000
    0.0000
    0.0000
         0
    0.0000
    0.0000
         0
   -0.0000
    0.0000
    0.0000
  274.1859

  -1.0000e+09

    3.1083

End of this iteration
x-value
         0
    2.5800
    3.0726
    1.0374
    4.1752
    0.0000
   -0.0000
         0
    0.0000
    0.0000
         0
         0
         0
   -0.0000
    0.0000
         0
    0.0000
         0
    0.0000
    0.0000
    0.0000
         0
    0.0000
         0
    0.0000
         0
    0.0000
         0
    0.0000
         0
         0
    0.0000
    0.0000
         0
         0
         0
  274.1859

  -1.0000e+09

    3.1083

End of this iteration
x-value
    0.0000
    2.5800
    3.0726
    1.0374
    4.1752
    0.0000
         0
    0.0000
    0.0000
    0.0000
    0.0000
         0
    0.0000
    0.0000
    0.0000
    0.0000
    0.0000
         0
   -0.0000
    0.0000
    0.0000
    0.0000
    0.0000
    0.0000
   -0.0000
         0
    0.0000
    0.0000
    0.0000
    0.0000
    0.0000
    0.0000
         0
    0.0000
    0.0000
         0
  274.1859

  -1.0000e+09

    3.1083

End of this iteration
x-value
         0
    2.5994
    3.0434
    1.0714
    4.1401
    0.0000
         0
    0.0000
         0
    0.0000
    0.0000
         0
         0
    0.0000
    0.0000
    0.0000
    0.0000
         0
    0.0000
    0.0000
    0.0000
    0.0000
    0.0000
    0.0000
         0
    0.0000
         0
    0.0000
    0.0000
    0.0000
    0.0000
    0.0000
    0.0000
         0
    0.0000
    0.0000
  271.4628

  -1.0000e+09

    3.0993

End of this iteration
x-value
    0.0000
    2.1181
    3.5284
    0.7658
    4.2932
    0.0000
    0.0000
    0.0000
         0
    0.0000
         0
    0.0000
    0.0000
    0.0000
    0.0000
         0
    0.0000
    0.0000
    0.0000
         0
    0.0000
    0.0000
         0
    0.0000
    0.0000
         0
         0
         0
    0.0000
    0.0000
    0.0000
    0.0000
    0.0000
    0.0000
    0.0000
         0
  274.7296

  -1.0000e+09

    3.3458

End of this iteration
x-value
    0.0000
    1.7732
    3.9218
    0.5846
    4.3635
   -0.0000
    0.0000
    0.0000
         0
         0
    0.0000
    0.0000
         0
    0.0000
    0.0000
         0
    0.0000
         0
    0.0000
         0
    0.0000
         0
    0.0000
    0.0000
         0
    0.0000
    0.0000
         0
    0.0000
         0
    0.0000
         0
    0.0000
    0.0000
    0.0000
         0
  271.5712

  -1.0000e+09

    3.5177

End of this iteration
x-value
    0.0000
    2.3879
    3.3436
    0.9022
    4.2285
         0
         0
    0.0000
         0
    0.0000
    0.0000
    0.0000
    0.0000
   -0.0000
    0.0000
         0
         0
    0.0000
    0.0000
    0.0000
    0.0000
   -0.0000
    0.0000
         0
    0.0000
         0
    0.0000
         0
    0.0000
    0.0000
         0
         0
    0.0000
         0
    0.0000
    0.0000
  272.4156

  -1.0000e+09

    3.1991

End of this iteration
x-value
    0.0000
    2.8174
    2.7732
    1.2961
    4.0355
    0.0000
    0.0000
         0
    0.0000
         0
    0.0000
         0
    0.0000
    0.0000
         0
    0.0000
    0.0000
         0
    0.0000
         0
    0.0000
         0
    0.0000
         0
    0.0000
    0.0000
         0
         0
    0.0000
         0
    0.0000
   -0.0000
   -0.0000
    0.0000
    0.0000
         0
  267.4926

  -1.0000e+09

    2.9922

End of this iteration
x-value
    0.0000
    2.8174
    2.7732
    1.2961
    4.0355
         0
    0.0000
    0.0000
    0.0000
         0
    0.0000
         0
   -0.0000
    0.0000
         0
    0.0000
         0
    0.0000
         0
    0.0000
    0.0000
         0
         0
         0
    0.0000
    0.0000
    0.0000
         0
         0
         0
    0.0000
         0
         0
         0
    0.0000
         0
  267.4926

  -1.0000e+09

    2.9922

End of this iteration
x-value
         0
    2.7593
    2.8096
    1.3152
    3.9705
    0.0000
    0.0000
         0
    0.0000
    0.0000
         0
         0
    0.0000
    0.0000
    0.0000
    0.0000
         0
         0
         0
    0.0000
    0.0000
         0
         0
         0
    0.0000
    0.0000
    0.0000
    0.0000
         0
   -0.0000
         0
         0
         0
    0.0000
         0
    0.0000
  260.2810

  -1.0000e+09

    3.0240

End of this iteration
x-value
    0.0000
    2.5564
    3.1310
    1.0071
    4.1872
         0
         0
    0.0000
         0
    0.0000
    0.0000
    0.0000
         0
         0
    0.0000
         0
    0.0000
   -0.0000
         0
         0
    0.0000
    0.0000
    0.0000
    0.0000
         0
         0
         0
    0.0000
   -0.0000
    0.0000
    0.0000
    0.0000
    0.0000
   -0.0000
         0
    0.0000
  273.8085

  -1.0000e+09

    3.1170

End of this iteration
x-value
    0.0000
    2.7422
    2.8739
    1.2223
    4.0889
         0
    0.0000
    0.0000
    0.0000
    0.0000
    0.0000
    0.0000
    0.0000
   -0.0000
    0.0000
         0
   -0.0000
         0
         0
    0.0000
    0.0000
    0.0000
    0.0000
         0
    0.0000
    0.0000
   -0.0000
   -0.0000
    0.0000
   -0.0000
         0
    0.0000
   -0.0000
   -0.0000
    0.0000
    0.0000
  270.2075

  -1.0000e+09

    3.0284

End of this iteration
x-value
    0.0000
    2.7422
    2.8739
    1.2223
    4.0889
    0.0000
         0
    0.0000
         0
    0.0000
    0.0000
         0
    0.0000
         0
    0.0000
    0.0000
         0
         0
         0
         0
    0.0000
    0.0000
    0.0000
         0
    0.0000
         0
         0
         0
         0
         0
    0.0000
    0.0000
    0.0000
         0
         0
         0
  270.2075

  -1.0000e+09

    3.0284

End of this iteration
x-value
    0.0000
    2.5800
    3.0726
    1.0374
    4.1752
    0.0000
    0.0000
         0
         0
    0.0000
    0.0000
         0
    0.0000
         0
         0
         0
         0
    0.0000
   -0.0000
   -0.0000
    0.0000
         0
   -0.0000
    0.0000
         0
    0.0000
    0.0000
    0.0000
    0.0000
         0
    0.0000
    0.0000
   -0.0000
         0
   -0.0000
         0
  274.1859

  -1.0000e+09

    3.1083

End of this iteration
x-value
         0
    2.5800
    3.0726
    1.0374
    4.1752
    0.0000
    0.0000
         0
         0
    0.0000
         0
   -0.0000
         0
         0
         0
    0.0000
    0.0000
    0.0000
    0.0000
    0.0000
    0.0000
         0
    0.0000
    0.0000
         0
   -0.0000
         0
    0.0000
         0
    0.0000
    0.0000
    0.0000
    0.0000
   -0.0000
    0.0000
    0.0000
  274.1859

  -1.0000e+09

    3.1083

End of this iteration
x-value
    0.0000
    2.2826
    3.3238
    0.9196
    4.2208
         0
         0
    0.0000
         0
    0.0000
         0
    0.0000
         0
    0.0000
    0.0000
         0
    0.0000
         0
    0.0000
    0.0000
    0.0000
    0.0000
         0
    0.0000
    0.0000
    0.0000
         0
         0
         0
    0.0000
    0.0000
         0
    0.0000
         0
         0
    0.0000
  272.5167

  -1.0000e+09

    3.2652

End of this iteration
x-value
    0.0000
    2.5800
    3.0726
    1.0374
    4.1752
    0.0000
         0
    0.0000
         0
    0.0000
    0.0000
    0.0000
         0
         0
         0
         0
         0
    0.0000
    0.0000
    0.0000
    0.0000
    0.0000
    0.0000
         0
    0.0000
         0
    0.0000
         0
    0.0000
    0.0000
         0
    0.0000
         0
    0.0000
    0.0000
    0.0000
  274.1859

  -1.0000e+09

    3.1083

End of this iteration
x-value
    0.0000
    2.7422
    2.8739
    1.2223
    4.0889
         0
    0.0000
   -0.0000
    0.0000
    0.0000
         0
    0.0000
   -0.0000
         0
    0.0000
         0
   -0.0000
         0
    0.0000
   -0.0000
    0.0000
         0
   -0.0000
         0
    0.0000
    0.0000
    0.0000
         0
    0.0000
   -0.0000
    0.0000
    0.0000
         0
         0
         0
         0
  270.2075

  -1.0000e+09

    3.0284

End of this iteration
x-value
    0.0000
    2.5800
    3.0726
    1.0374
    4.1752
         0
    0.0000
    0.0000
    0.0000
         0
    0.0000
    0.0000
    0.0000
    0.0000
         0
    0.0000
    0.0000
    0.0000
    0.0000
    0.0000
    0.0000
         0
         0
         0
         0
   -0.0000
    0.0000
    0.0000
    0.0000
    0.0000
    0.0000
    0.0000
         0
    0.0000
         0
   -0.0000
  274.1859

  -1.0000e+09

    3.1083

End of this iteration
x-value
         0
    2.7495
    2.8705
    1.2240
    4.0881
    0.0000
    0.0000
    0.0000
         0
    0.0000
         0
         0
    0.0000
         0
    0.0000
    0.0000
    0.0000
         0
         0
    0.0000
         0
         0
   -0.0000
    0.0000
    0.0000
    0.0000
    0.0000
         0
         0
    0.0000
         0
    0.0000
         0
    0.0000
    0.0000
    0.0000
  270.2000

  -1.0000e+09

    3.0243

End of this iteration
x-value
    0.0000
    2.7422
    2.8739
    1.2223
    4.0889
    0.0000
         0
         0
    0.0000
    0.0000
    0.0000
         0
         0
    0.0000
    0.0000
         0
         0
    0.0000
    0.0000
    0.0000
    0.0000
    0.0000
    0.0000
         0
    0.0000
         0
    0.0000
    0.0000
         0
    0.0000
         0
    0.0000
    0.0000
         0
    0.0000
         0
  270.2075

  -1.0000e+09

    3.0284

End of this iteration
x-value
    0.0000
    2.8025
    2.7960
    1.2678
    4.0698
         0
         0
         0
         0
         0
         0
    0.0000
    0.0000
    0.0000
    0.0000
    0.0000
    0.0000
         0
    0.0000
         0
    0.0000
         0
    0.0000
    0.0000
         0
    0.0000
   -0.0000
         0
    0.0000
    0.0000
         0
    0.0000
         0
    0.0000
    0.0000
         0
  270.2848

  -1.0000e+09

    2.9992

End of this iteration
x-value
    0.0000
    2.2826
    3.3238
    0.9196
    4.2208
    0.0000
         0
         0
         0
    0.0000
    0.0000
   -0.0000
    0.0000
    0.0000
    0.0000
    0.0000
    0.0000
         0
    0.0000
    0.0000
         0
         0
    0.0000
         0
         0
         0
    0.0000
    0.0000
         0
    0.0000
    0.0000
         0
    0.0000
         0
    0.0000
    0.0000
  272.5167

  -1.0000e+09

    3.2652

End of this iteration
x-value
         0
    2.5800
    3.0726
    1.0374
    4.1752
         0
    0.0000
         0
    0.0000
         0
    0.0000
    0.0000
         0
    0.0000
         0
         0
         0
    0.0000
         0
         0
    0.0000
    0.0000
    0.0000
    0.0000
    0.0000
    0.0000
    0.0000
         0
         0
         0
         0
         0
         0
    0.0000
    0.0000
         0
  274.1859

  -1.0000e+09

    3.1083

End of this iteration
x-value
         0
    2.9384
    2.6131
    1.4026
    4.0098
         0
    0.0000
    0.0000
         0
         0
         0
    0.0000
    0.0000
         0
    0.0000
         0
    0.0000
         0
    0.0000
    0.0000
    0.0000
    0.0000
    0.0000
         0
         0
         0
    0.0000
    0.0000
    0.0000
    0.0000
    0.0000
    0.0000
    0.0000
         0
    0.0000
         0
  268.8068

  -1.0000e+09

    2.9339

End of this iteration
x-value
         0
    2.5800
    3.0726
    1.0374
    4.1752
    0.0000
    0.0000
    0.0000
         0
    0.0000
         0
   -0.0000
         0
    0.0000
    0.0000
   -0.0000
    0.0000
    0.0000
    0.0000
    0.0000
         0
         0
         0
    0.0000
   -0.0000
    0.0000
         0
    0.0000
         0
         0
         0
         0
    0.0000
    0.0000
         0
    0.0000
  274.1859

  -1.0000e+09

    3.1083

End of this iteration
x-value
         0
    2.9949
    2.5381
    1.4475
    3.9894
         0
    0.0000
         0
         0
         0
         0
    0.0000
    0.0000
    0.0000
    0.0000
         0
         0
         0
   -0.0000
         0
    0.0000
   -0.0000
    0.0000
         0
         0
    0.0000
         0
         0
   -0.0000
    0.0000
    0.0000
    0.0000
         0
         0
    0.0000
         0
  268.6919

  -1.0000e+09

    2.9067

End of this iteration
x-value
    0.0000
    2.5800
    3.0726
    1.0374
    4.1752
    0.0000
    0.0000
         0
    0.0000
    0.0000
    0.0000
    0.0000
         0
    0.0000
    0.0000
    0.0000
    0.0000
    0.0000
    0.0000
         0
    0.0000
    0.0000
    0.0000
    0.0000
         0
    0.0000
    0.0000
   -0.0000
    0.0000
    0.0000
    0.0000
         0
    0.0000
         0
    0.0000
         0
  274.1860

  -1.0000e+09

    3.1083

End of this iteration
x-value
    0.0000
    2.5800
    3.0726
    1.0374
    4.1752
         0
         0
    0.0000
         0
         0
    0.0000
         0
         0
    0.0000
         0
    0.0000
         0
         0
    0.0000
    0.0000
    0.0000
         0
    0.0000
    0.0000
    0.0000
         0
         0
         0
    0.0000
         0
    0.0000
         0
         0
    0.0000
    0.0000
    0.0000
  274.1860

  -1.0000e+09

    3.1083

End of this iteration
x-value
    0.0000
    2.7672
    2.8121
    1.2605
    4.0726
    0.0000
    0.0000
    0.0000
    0.0000
    0.0000
         0
         0
   -0.0000
         0
    0.0000
    0.0000
    0.0000
    0.0000
    0.0000
    0.0000
         0
    0.0000
    0.0000
    0.0000
    0.0000
    0.0000
    0.0000
    0.0000
    0.0000
         0
    0.0000
         0
    0.0000
         0
    0.0000
    0.0000
  237.2862

  -1.0000e+09

    3.0191

End of this iteration
x-value
    0.0000
    2.4167
    3.1421
    1.0098
    4.1853
         0
         0
    0.0000
    0.0000
         0
         0
    0.0000
   -0.0000
    0.0000
    0.0000
    0.0000
         0
    0.0000
    0.0000
    0.0000
    0.0000
         0
    0.0000
    0.0000
         0
         0
    0.0000
         0
    0.0000
         0
         0
    0.0000
         0
         0
    0.0000
    0.0000
  273.7052

  -1.0000e+09

    3.2011

End of this iteration
x-value
         0
    1.7973
    3.8926
    0.6042
    4.3548
    0.0000
         0
    0.0000
    0.0000
    0.0000
    0.0000
         0
    0.0000
   -0.0000
         0
    0.0000
    0.0000
    0.0000
    0.0000
   -0.0000
    0.0000
         0
    0.0000
         0
    0.0000
         0
         0
         0
         0
    0.0000
    0.0000
         0
    0.0000
    0.0000
    0.0000
    0.0000
  271.4300

  -1.0000e+09

    3.5058

End of this iteration
x-value
    0.0000
    2.1291
    3.5098
    0.7959
    4.2745
    0.0000
         0
    0.0000
         0
         0
    0.0000
         0
         0
         0
         0
    0.0000
         0
    0.0000
    0.0000
         0
         0
    0.0000
    0.0000
    0.0000
         0
    0.0000
         0
    0.0000
         0
         0
         0
         0
         0
         0
    0.0000
    0.0000
  273.2534

  -1.0000e+09

    3.3408

End of this iteration
x-value
         0
    2.8182
    2.7386
    1.3324
    4.0380
    0.0000
    0.0000
    0.0000
         0
    0.0000
    0.0000
    0.0000
         0
    0.0000
         0
    0.0000
         0
    0.0000
         0
    0.0000
         0
         0
    0.0000
         0
    0.0000
    0.0000
         0
         0
         0
         0
    0.0000
    0.0000
    0.0000
         0
    0.0000
    0.0000
  268.4961

  -1.0000e+09

    2.9950

End of this iteration
x-value
    0.0000
    2.4213
    3.2728
    0.9386
    4.2140
         0
         0
    0.0000
         0
         0
         0
    0.0000
         0
    0.0000
    0.0000
    0.0000
    0.0000
    0.0000
    0.0000
         0
   -0.0000
    0.0000
    0.0000
    0.0000
    0.0000
         0
         0
    0.0000
    0.0000
         0
    0.0000
    0.0000
         0
    0.0000
    0.0000
    0.0000
  272.8738

  -1.0000e+09

    3.1856

End of this iteration
x-value
    0.0000
    2.5800
    3.0726
    1.0374
    4.1752
    0.0000
         0
         0
    0.0000
    0.0000
    0.0000
   -0.0000
    0.0000
    0.0000
    0.0000
    0.0000
    0.0000
    0.0000
    0.0000
         0
         0
         0
         0
    0.0000
         0
    0.0000
         0
    0.0000
    0.0000
    0.0000
         0
    0.0000
         0
    0.0000
         0
    0.0000
  274.1859

  -1.0000e+09

    3.1083

End of this iteration
x-value
    0.0000
    2.7422
    2.8739
    1.2223
    4.0889
    0.0000
   -0.0000
         0
         0
   -0.0000
    0.0000
         0
         0
    0.0000
    0.0000
    0.0000
         0
         0
         0
         0
         0
         0
    0.0000
    0.0000
         0
         0
         0
   -0.0000
   -0.0000
   -0.0000
         0
    0.0000
    0.0000
    0.0000
    0.0000
    0.0000
  270.2075

  -1.0000e+09

    3.0284

End of this iteration
x-value
         0
    2.7080
    2.8869
    1.2242
    4.0668
    0.0000
    0.0000
         0
    0.0000
    0.0000
         0
   -0.0000
    0.0000
   -0.0000
         0
         0
    0.0000
    0.0000
    0.0000
         0
    0.0000
    0.0000
         0
    0.0000
    0.0000
    0.0000
         0
    0.0000
         0
    0.0000
    0.0000
    0.0000
    0.0000
   -0.0000
    0.0000
         0
  267.8249

  -1.0000e+09

    3.0479

End of this iteration
x-value
    0.0000
    2.2826
    3.3238
    0.9196
    4.2208
         0
    0.0000
   -0.0000
         0
         0
         0
    0.0000
    0.0000
         0
    0.0000
    0.0000
    0.0000
    0.0000
         0
         0
         0
    0.0000
         0
         0
    0.0000
         0
    0.0000
    0.0000
         0
    0.0000
    0.0000
         0
   -0.0000
         0
         0
         0
  272.5167

  -1.0000e+09

    3.2652

End of this iteration
{Operation terminated by user during parallel.internal.parfor.ParforEngine/getCompleteIntervals


In parallel_function>distributed_execution (line 746)
        [tags, out] = P.getCompleteIntervals(chunkSize);

In parallel_function (line 578)
    R = distributed_execution(...

In ws3 (line 83)
    parfor i = 1:numVars

In out_max2>@(x,y)ws3(x,y,k,h,p,f,q,false) (line 34)
options6 = optimoptions('simulannealbnd','PlotFcns',{@saplotbestf,@saplottemperature,@saplotf,@saplotstopping},'AnnealingFcn', {@(x,y)ws3(x,y,k,h,p,f,q,false)},'InitialTemperature',initialTemp,'MaxIterations', 10);

In globaloptim.simulannealbnd.sanewpoint (line 17)
     newx(:) = options.AnnealingFcn(optimvalues,problem);

In globaloptim.simulannealbnd.saengine (line 29)
    solverData = globaloptim.simulannealbnd.sanewpoint(solverData,problem,options);

In globaloptim.simulannealbnd.driver (line 28)
solverData = globaloptim.simulannealbnd.saengine(solverData,problem,options);

In simulannealbnd (line 197)
    globaloptim.simulannealbnd.driver(FUN, x0, [], [], [], [], lb, ub, options, defaultopt);

In out_max2/globopt2 (line 82)
        [opt,fval,~,out] = simulannealbnd(opt_fxn, initialGuess, lb, ub,options);

In out_max2 (line 39)
[opt, fval] = globopt2(newey,options6,n,f_name,opt_fxn);

In CSIP_Solver_PDE/solve (line 71)
            [opt,fval] = out_max2(@(u) -1*obj.inner_minimization(u),f_name,obj.domain_dim,obj.constraint_dim,h,k,obj.constraint_bounds);

In solverPDE (line 84)
x_opt = obj.solve(h1,k1);
} 
solverPDE
Enter the number of dimensions (for x): 37
Do you want to enter separate bounds for each dimension? (Y/N): N
Enter lower bound : 0
Enter higher bound : 500
Enter the number of dimensions (for u): 2
Do you want to enter separate bounds for each dimension? (Y/N): N
Enter lower bound : 0
Enter higher bound : 1
