Enter step-size : 0.2
Enter exploration-variable : 4
     1

x-value
    0.0311
    0.0455
    0.0730
    0.0959
    0.0708
    0.1179
    0.0019
    0.0053
         0
    0.0000
    0.0000
    0.0000
    0.0000
    0.0000
         0
         0
    0.0000
         0
    0.0000
    0.0000
    0.0040
    0.0026
    0.0000
         0
         0
    0.0021
         0
         0
    0.0020
    0.0000
    0.0007
    0.0001
         0
    0.0000
         0
    0.0007
    0.1000

  -1.0000e+09

    4.8360

End of this iteration
x-value
    0.0311
    0.0455
    0.0729
    0.0959
    0.0708
    0.1179
    0.0019
    0.0053
    0.0000
         0
    0.0000
         0
    0.0000
         0
    0.0000
         0
         0
         0
    0.0000
         0
    0.0040
    0.0026
    0.0000
         0
    0.0006
    0.0020
         0
    0.0000
    0.0020
    0.0000
    0.0000
    0.0004
         0
         0
         0
    0.0007
    0.1000

  -1.0000e+09

    4.8360

End of this iteration
x-value
    0.0311
    0.0455
    0.0729
    0.0959
    0.0708
    0.1179
    0.0019
    0.0053
    0.0000
         0
    0.0000
         0
         0
    0.0000
         0
         0
         0
         0
         0
         0
    0.0040
    0.0025
         0
    0.0000
    0.0015
    0.0018
    0.0000
    0.0000
    0.0020
    0.0000
    0.0000
         0
    0.0000
         0
         0
    0.0007
    0.1000

  -1.0000e+09

    4.8360

End of this iteration
x-value
    0.0311
    0.0455
    0.0730
    0.0959
    0.0708
    0.1179
    0.0019
    0.0053
         0
         0
    0.0000
    0.0000
         0
    0.0000
         0
         0
         0
         0
         0
    0.0000
    0.0042
    0.0023
    0.0000
    0.0000
    0.0000
    0.0023
         0
    0.0000
    0.0020
    0.0000
    0.0007
         0
    0.0000
    0.0000
         0
    0.0006
    0.1000

  -1.0000e+09

    4.8360

End of this iteration
x-value
    0.0265
    0.0385
    0.0604
    0.0856
    0.0322
    0.0750
    0.0009
    0.0049
         0
         0
    0.0090
         0
         0
         0
    0.0004
    0.0000
         0
    0.0000
    0.0049
    0.0000
    0.0060
         0
    0.0000
         0
    0.0000
    0.0038
         0
         0
    0.0001
    0.0018
         0
    0.0000
    0.0013
    0.0019
    0.0025
         0
    0.1000

  -1.0000e+09

    4.8460

End of this iteration
x-value
    0.0311
    0.0455
    0.0730
    0.0959
    0.0708
    0.1179
    0.0019
    0.0053
         0
    0.0000
    0.0000
    0.0000
    0.0000
    0.0000
         0
         0
         0
         0
         0
         0
    0.0040
    0.0026
    0.0000
    0.0000
    0.0000
    0.0021
         0
         0
    0.0020
         0
    0.0007
    0.0001
         0
         0
         0
    0.0007
    0.1000

  -1.0000e+09

    4.8360

End of this iteration
x-value
    0.0311
    0.0455
    0.0730
    0.0959
    0.0708
    0.1179
    0.0019
    0.0053
    0.0000
         0
         0
         0
    0.0000
         0
    0.0000
         0
         0
    0.0000
         0
         0
    0.0040
    0.0026
         0
         0
    0.0000
    0.0021
         0
    0.0000
    0.0020
         0
    0.0007
    0.0001
    0.0000
         0
         0
    0.0007
    0.1000

  -1.0000e+09

    4.8360

End of this iteration
x-value
    0.0311
    0.0455
    0.0730
    0.0959
    0.0708
    0.1179
    0.0019
    0.0053
         0
         0
    0.0000
         0
         0
         0
         0
         0
         0
    0.0000
    0.0000
    0.0000
    0.0040
    0.0026
         0
    0.0000
         0
    0.0021
    0.0000
    0.0000
    0.0020
         0
    0.0007
    0.0001
         0
         0
         0
    0.0007
    0.1000

  -1.0000e+09

    4.8360

End of this iteration
x-value
    0.0311
    0.0455
    0.0730
    0.0959
    0.0708
    0.1179
    0.0019
    0.0053
         0
    0.0000
    0.0000
         0
    0.0000
    0.0000
         0
         0
         0
    0.0000
         0
         0
    0.0040
    0.0026
         0
         0
    0.0000
    0.0021
         0
         0
    0.0020
    0.0000
    0.0007
    0.0001
    0.0000
         0
         0
    0.0007
    0.1000

  -1.0000e+09

    4.8360

End of this iteration
x-value
    0.0311
    0.0455
    0.0730
    0.0959
    0.0708
    0.1179
    0.0019
    0.0053
    0.0000
    0.0000
    0.0000
         0
         0
         0
    0.0000
         0
    0.0000
         0
         0
         0
    0.0040
    0.0026
         0
    0.0000
         0
    0.0021
    0.0000
         0
    0.0020
    0.0000
    0.0007
    0.0001
         0
    0.0000
         0
    0.0007
    0.1000

  -1.0000e+09

    4.8360

End of this iteration
x-value
    0.0261
    0.0379
    0.0609
    0.0797
    0.0591
    0.0976
    0.0016
    0.0047
    0.0000
         0
         0
         0
         0
    0.0000
         0
         0
         0
    0.0000
         0
         0
    0.0037
    0.0024
         0
    0.0000
    0.0000
    0.0017
         0
    0.0000
    0.0019
         0
    0.0008
    0.0003
         0
         0
    0.0000
    0.0006
    0.1000

  -1.0000e+09

    4.8464

End of this iteration
x-value
    0.0311
    0.0455
    0.0730
    0.0959
    0.0708
    0.1179
    0.0019
    0.0053
         0
    0.0000
         0
         0
    0.0000
    0.0000
         0
         0
         0
         0
         0
         0
    0.0040
    0.0026
    0.0000
         0
         0
    0.0021
    0.0000
    0.0000
    0.0020
         0
    0.0007
    0.0001
         0
         0
    0.0000
    0.0007
    0.1000

  -1.0000e+09

    4.8360

End of this iteration
x-value
    0.0311
    0.0455
    0.0730
    0.0959
    0.0708
    0.1179
    0.0019
    0.0053
         0
    0.0000
         0
         0
    0.0000
         0
    0.0000
         0
    0.0000
    0.0000
    0.0000
    0.0000
    0.0040
    0.0026
         0
    0.0000
    0.0000
    0.0021
    0.0000
         0
    0.0020
         0
    0.0007
    0.0001
         0
         0
         0
    0.0007
    0.1000

  -1.0000e+09

    4.8360

End of this iteration
x-value
    0.0312
    0.0458
    0.0731
    0.0960
    0.0709
    0.1179
    0.0018
    0.0050
         0
    0.0000
    0.0000
    0.0000
    0.0000
         0
    0.0000
         0
    0.0000
         0
    0.0000
    0.0000
    0.0011
    0.0016
         0
         0
    0.0000
         0
         0
         0
         0
         0
    0.0020
    0.0018
    0.0021
         0
    0.0018
    0.0019
    0.1000

  -1.0000e+09

    4.8359

End of this iteration
x-value
    0.6502
    0.9479
    1.5236
    1.9888
    1.7118
    3.8206
    0.0000
    0.0976
         0
    0.0000
         0
    0.0000
    0.0265
    0.0000
    0.0433
    0.0344
         0
    0.0000
    0.0090
    0.0102
    0.0041
    0.0000
    0.0000
         0
    0.0000
    0.0026
    0.0000
         0
    0.0038
    0.0016
         0
         0
    0.0028
    0.0032
         0
    0.0000
    0.1000

  -1.0000e+09

   38.3502

End of this iteration
x-value
    0.0311
    0.0455
    0.0730
    0.0959
    0.0708
    0.1179
    0.0019
    0.0053
    0.0000
         0
    0.0000
    0.0000
         0
    0.0000
         0
         0
    0.0000
    0.0000
    0.0000
         0
    0.0040
    0.0026
    0.0000
         0
         0
    0.0021
         0
    0.0000
    0.0020
    0.0000
    0.0007
    0.0001
    0.0000
    0.0000
         0
    0.0007
    0.1000

  -1.0000e+09

    4.8360

End of this iteration
x-value
    0.0311
    0.0455
    0.0730
    0.0959
    0.0708
    0.1179
    0.0019
    0.0053
         0
         0
         0
         0
         0
    0.0000
    0.0000
         0
    0.0000
    0.0000
    0.0000
         0
    0.0040
    0.0026
         0
    0.0000
         0
    0.0021
    0.0000
    0.0000
    0.0020
    0.0000
    0.0007
    0.0001
         0
         0
    0.0000
    0.0007
    0.1000

  -1.0000e+09

    4.8360

End of this iteration
x-value
    0.0311
    0.0455
    0.0730
    0.0959
    0.0708
    0.1179
    0.0019
    0.0053
    0.0000
    0.0000
         0
         0
    0.0000
         0
    0.0000
         0
         0
         0
    0.0000
    0.0000
    0.0040
    0.0026
         0
    0.0000
    0.0000
    0.0020
    0.0000
         0
    0.0020
         0
         0
    0.0007
         0
         0
    0.0000
    0.0006
    0.1000

  -1.0000e+09

    4.8360

End of this iteration
x-value
    0.0311
    0.0455
    0.0730
    0.0959
    0.0708
    0.1179
    0.0019
    0.0053
    0.0000
         0
    0.0000
         0
         0
    0.0000
         0
         0
         0
         0
         0
    0.0000
    0.0040
    0.0026
    0.0000
    0.0000
    0.0000
    0.0021
    0.0000
         0
    0.0020
         0
    0.0007
    0.0001
         0
         0
         0
    0.0007
    0.1000

  -1.0000e+09

    4.8360

End of this iteration
x-value
    0.0311
    0.0455
    0.0729
    0.0959
    0.0708
    0.1179
    0.0019
    0.0053
         0
         0
    0.0000
         0
         0
         0
         0
         0
         0
         0
         0
         0
    0.0040
    0.0026
    0.0000
         0
         0
    0.0021
         0
         0
    0.0020
         0
    0.0014
    0.0002
         0
    0.0000
    0.0000
    0.0007
    0.1000

  -1.0000e+09

    4.8360

End of this iteration
x-value
    0.0311
    0.0455
    0.0730
    0.0959
    0.0708
    0.1179
    0.0019
    0.0053
         0
    0.0000
    0.0000
         0
         0
    0.0000
    0.0000
         0
    0.0000
    0.0000
    0.0000
         0
    0.0040
    0.0026
         0
    0.0000
    0.0000
    0.0021
    0.0000
         0
    0.0020
    0.0000
    0.0007
    0.0001
         0
         0
         0
    0.0007
    0.1000

  -1.0000e+09

    4.8360

End of this iteration
x-value
    0.0261
    0.0379
    0.0609
    0.0797
    0.0591
    0.0976
    0.0016
    0.0047
         0
    0.0000
         0
         0
    0.0000
         0
    0.0000
    0.0000
    0.0000
         0
    0.0000
         0
    0.0037
    0.0024
         0
         0
         0
    0.0017
    0.0000
    0.0000
    0.0019
    0.0000
    0.0008
    0.0003
         0
    0.0000
    0.0000
    0.0006
    0.1000

  -1.0000e+09

    4.8464

End of this iteration
x-value
    0.0311
    0.0455
    0.0729
    0.0959
    0.0708
    0.1180
    0.0019
    0.0054
         0
    0.0000
    0.0000
    0.0000
         0
         0
         0
         0
    0.0000
         0
         0
    0.0000
    0.0046
    0.0022
         0
    0.0000
    0.0000
    0.0000
    0.0016
         0
         0
    0.0000
    0.0016
    0.0000
    0.0000
         0
    0.0023
         0
    0.1000

  -1.0000e+09

    4.8361

End of this iteration
x-value
    0.0312
    0.0458
    0.0730
    0.0960
    0.0709
    0.1179
    0.0018
    0.0050
         0
         0
         0
         0
    0.0000
    0.0000
    0.0000
         0
    0.0000
         0
         0
    0.0000
    0.0013
    0.0016
    0.0000
         0
         0
         0
         0
         0
         0
    0.0000
    0.0019
    0.0018
    0.0021
         0
    0.0018
    0.0020
    0.1000

  -1.0000e+09

    4.8359

End of this iteration
x-value
    0.0186
    0.0264
    0.0430
    0.0547
    0.0441
    0.0787
    0.0013
    0.0038
         0
         0
    0.0000
    0.0000
         0
    0.0000
         0
         0
         0
    0.0000
    0.0000
         0
    0.0038
    0.0025
    0.0000
         0
    0.0000
    0.0018
         0
         0
    0.0020
    0.0000
    0.0008
    0.0003
    0.0000
    0.0000
    0.0000
    0.0006
    0.1000

  -1.0000e+09

    4.8620

End of this iteration
x-value
    0.0311
    0.0455
    0.0730
    0.0959
    0.0708
    0.1179
    0.0019
    0.0053
    0.0000
         0
    0.0000
    0.0000
         0
         0
    0.0000
    0.0000
         0
    0.0000
         0
    0.0000
    0.0040
    0.0026
         0
    0.0000
    0.0000
    0.0021
    0.0000
         0
    0.0020
    0.0000
    0.0007
    0.0001
         0
    0.0000
         0
    0.0007
    0.1000

  -1.0000e+09

    4.8360

End of this iteration
x-value
    0.0312
    0.0457
    0.0730
    0.0960
    0.0708
    0.1179
    0.0018
    0.0051
         0
         0
         0
         0
    0.0000
         0
         0
         0
    0.0000
         0
         0
         0
    0.0017
    0.0026
         0
    0.0000
    0.0000
         0
    0.0000
         0
    0.0006
         0
    0.0011
    0.0012
         0
    0.0000
    0.0009
    0.0021
    0.1000

  -1.0000e+09

    4.8360

End of this iteration
x-value
    0.0311
    0.0455
    0.0730
    0.0959
    0.0708
    0.1179
    0.0019
    0.0053
         0
         0
    0.0000
         0
    0.0000
    0.0000
    0.0000
         0
    0.0000
         0
         0
    0.0000
    0.0040
    0.0026
         0
    0.0000
         0
    0.0021
    0.0000
         0
    0.0020
    0.0000
    0.0007
    0.0001
    0.0000
         0
    0.0000
    0.0007
    0.1000

  -1.0000e+09

    4.8360

End of this iteration
x-value
    0.0311
    0.0455
    0.0730
    0.0959
    0.0708
    0.1179
    0.0019
    0.0053
    0.0000
         0
    0.0000
    0.0000
    0.0000
         0
    0.0000
         0
    0.0000
         0
         0
         0
    0.0040
    0.0026
         0
    0.0000
    0.0000
    0.0021
    0.0000
         0
    0.0020
         0
    0.0007
    0.0001
         0
         0
         0
    0.0007
    0.1000

  -1.0000e+09

    4.8360

End of this iteration
x-value
    0.8650
    1.2278
    2.0165
    2.8219
    1.4702
    2.8341
    0.0029
    0.1312
    0.0000
    0.0000
    0.0000
         0
    0.0429
    0.0000
    0.0376
         0
         0
    0.0000
    0.0080
    0.0000
    0.0000
    0.0056
         0
         0
    0.0000
    0.0058
         0
    0.0000
    0.0021
    0.0000
         0
         0
    0.0046
    0.0042
    0.0023
    0.0035
    0.1000

  -1.0000e+09

   40.5830

End of this iteration
x-value
    0.0311
    0.0455
    0.0730
    0.0959
    0.0708
    0.1179
    0.0019
    0.0053
         0
         0
    0.0000
    0.0000
         0
         0
         0
    0.0000
         0
         0
    0.0000
    0.0000
    0.0040
    0.0026
         0
         0
         0
    0.0021
         0
    0.0000
    0.0020
         0
    0.0007
    0.0001
         0
         0
         0
    0.0007
    0.1000

  -1.0000e+09

    4.8360

End of this iteration
x-value
    0.0831
    0.1243
    0.1980
    0.2610
    0.2022
    0.3743
    0.0045
    0.0115
    0.0000
    0.0000
         0
    0.0000
         0
         0
         0
         0
         0
         0
         0
         0
    0.0046
    0.0031
    0.0000
         0
    0.0014
    0.0032
         0
    0.0000
    0.0026
    0.0000
    0.0000
         0
    0.0015
    0.0003
    0.0000
    0.0004
    0.1000

  -1.0000e+09

    6.8337

End of this iteration
x-value
    0.0261
    0.0379
    0.0609
    0.0797
    0.0591
    0.0976
    0.0016
    0.0047
    0.0000
    0.0000
    0.0000
    0.0000
         0
    0.0000
         0
         0
    0.0000
         0
    0.0000
         0
    0.0037
    0.0024
    0.0000
         0
    0.0000
    0.0017
         0
    0.0000
    0.0019
         0
    0.0008
    0.0003
    0.0000
         0
         0
    0.0006
    0.1000

  -1.0000e+09

    4.8464

End of this iteration
x-value
    0.0311
    0.0455
    0.0730
    0.0959
    0.0708
    0.1179
    0.0019
    0.0053
         0
         0
    0.0000
    0.0000
         0
    0.0000
    0.0000
    0.0000
    0.0000
         0
    0.0000
    0.0000
    0.0040
    0.0026
         0
    0.0000
    0.0000
    0.0021
         0
    0.0000
    0.0020
         0
    0.0007
    0.0001
         0
         0
         0
    0.0007
    0.1000

  -1.0000e+09

    4.8360

End of this iteration
x-value
    0.0239
    0.0347
    0.0551
    0.0749
    0.0437
    0.0774
    0.0014
    0.0043
         0
    0.0000
    0.0000
    0.0000
         0
    0.0000
         0
         0
    0.0000
    0.0000
         0
         0
    0.0026
    0.0018
    0.0000
    0.0000
         0
         0
         0
         0
    0.0014
    0.0000
    0.0012
    0.0013
         0
         0
    0.0004
    0.0007
    0.1000

  -1.0000e+09

    4.8510

End of this iteration
x-value
    0.0291
    0.0424
    0.0680
    0.0893
    0.0661
    0.1097
    0.0018
    0.0050
    0.0000
         0
    0.0000
         0
         0
    0.0000
    0.0000
         0
    0.0000
    0.0000
         0
         0
    0.0039
    0.0025
         0
    0.0000
    0.0000
    0.0020
         0
         0
    0.0020
         0
    0.0008
    0.0002
         0
         0
         0
    0.0007
    0.1000

  -1.0000e+09

    4.8403

End of this iteration
x-value
    0.0311
    0.0455
    0.0730
    0.0959
    0.0708
    0.1179
    0.0019
    0.0053
         0
    0.0000
    0.0000
         0
         0
         0
    0.0000
         0
    0.0000
         0
         0
         0
    0.0040
    0.0026
         0
    0.0000
         0
    0.0021
    0.0000
         0
    0.0020
    0.0000
    0.0007
    0.0001
         0
         0
         0
    0.0007
    0.1000

  -1.0000e+09

    4.8360

End of this iteration
x-value
    0.0311
    0.0455
    0.0730
    0.0959
    0.0708
    0.1179
    0.0019
    0.0053
         0
         0
    0.0000
         0
    0.0000
    0.0000
         0
         0
         0
    0.0000
         0
         0
    0.0040
    0.0026
    0.0000
    0.0000
    0.0000
    0.0021
         0
         0
    0.0020
    0.0000
    0.0007
    0.0001
         0
         0
    0.0000
    0.0007
    0.1000

  -1.0000e+09

    4.8360

End of this iteration
x-value
    0.0261
    0.0379
    0.0609
    0.0797
    0.0591
    0.0976
    0.0016
    0.0047
    0.0000
    0.0000
         0
         0
    0.0000
    0.0000
         0
         0
         0
    0.0000
         0
         0
    0.0037
    0.0024
    0.0000
         0
         0
    0.0017
         0
    0.0000
    0.0019
    0.0000
    0.0008
    0.0003
         0
    0.0000
    0.0000
    0.0006
    0.1000

  -1.0000e+09

    4.8464

End of this iteration
x-value
    0.0311
    0.0455
    0.0729
    0.0959
    0.0708
    0.1179
    0.0019
    0.0053
    0.0000
    0.0000
         0
    0.0000
    0.0000
         0
         0
         0
         0
         0
         0
    0.0000
    0.0040
    0.0026
         0
    0.0000
         0
    0.0021
         0
    0.0000
    0.0020
    0.0000
    0.0014
    0.0002
    0.0000
         0
         0
    0.0007
    0.1000

  -1.0000e+09

    4.8360

End of this iteration
x-value
    0.0311
    0.0455
    0.0730
    0.0959
    0.0708
    0.1179
    0.0019
    0.0053
    0.0000
         0
    0.0000
         0
         0
         0
    0.0000
         0
    0.0000
         0
         0
    0.0000
    0.0040
    0.0026
    0.0000
         0
         0
    0.0021
         0
         0
    0.0020
         0
    0.0007
    0.0001
         0
    0.0000
         0
    0.0007
    0.1000

  -1.0000e+09

    4.8360

End of this iteration
x-value
    0.0205
    0.0295
    0.0476
    0.0615
    0.0465
    0.0770
    0.0014
    0.0038
    0.0000
         0
    0.0000
    0.0000
    0.0000
    0.0000
         0
         0
         0
         0
         0
         0
    0.0033
    0.0000
         0
         0
    0.0000
         0
         0
         0
    0.0008
    0.0000
    0.0013
    0.0012
         0
         0
    0.0009
    0.0003
    0.1000

  -1.0000e+09

    4.8580

End of this iteration
x-value
    0.0184
    0.0261
    0.0426
    0.0539
    0.0447
    0.0784
    0.0013
    0.0038
    0.0000
         0
    0.0000
         0
         0
         0
    0.0002
         0
         0
         0
         0
         0
    0.0039
    0.0025
    0.0000
    0.0000
    0.0016
    0.0016
         0
    0.0000
    0.0020
         0
         0
    0.0001
         0
    0.0000
         0
    0.0007
    0.1000

  -1.0000e+09

    4.8624

End of this iteration
x-value
    0.0345
    0.0484
    0.0783
    0.1040
    0.0766
    0.1287
         0
    0.0070
         0
         0
    0.0000
         0
         0
    0.0000
    0.0000
         0
         0
         0
         0
         0
    0.0041
    0.0026
    0.0000
         0
    0.0009
    0.0021
         0
         0
    0.0020
         0
         0
    0.0001
    0.0000
         0
    0.0000
    0.0007
    0.1000

  -1.0000e+09

    4.8312

End of this iteration
x-value
    0.0307
    0.0449
    0.0719
    0.0945
    0.0698
    0.1162
    0.0018
    0.0052
         0
    0.0000
    0.0000
    0.0000
         0
    0.0000
         0
    0.0002
         0
    0.0000
    0.0000
    0.0000
    0.0032
    0.0023
         0
    0.0000
    0.0007
    0.0022
    0.0000
    0.0000
         0
         0
    0.0000
         0
         0
         0
    0.0020
    0.0013
    0.1000

  -1.0000e+09

    4.8369

End of this iteration
x-value
    0.0311
    0.0455
    0.0730
    0.0959
    0.0708
    0.1179
    0.0019
    0.0053
    0.0000
    0.0000
         0
         0
    0.0000
         0
         0
         0
         0
    0.0000
    0.0000
    0.0000
    0.0040
    0.0026
    0.0000
    0.0000
    0.0000
    0.0021
    0.0000
         0
    0.0020
    0.0000
    0.0007
    0.0001
         0
         0
         0
    0.0007
    0.1000

  -1.0000e+09

    4.8360

End of this iteration
x-value
    0.0312
    0.0457
    0.0730
    0.0960
    0.0709
    0.1179
    0.0018
    0.0051
    0.0000
    0.0000
    0.0000
         0
         0
         0
    0.0000
         0
         0
    0.0000
         0
         0
    0.0018
    0.0017
    0.0000
    0.0000
    0.0000
         0
         0
    0.0000
         0
    0.0000
    0.0012
    0.0013
    0.0003
         0
    0.0015
    0.0019
    0.1000

  -1.0000e+09

    4.8360

End of this iteration
x-value
    0.0311
    0.0455
    0.0730
    0.0959
    0.0708
    0.1179
    0.0019
    0.0053
    0.0000
         0
         0
         0
         0
         0
    0.0000
         0
    0.0000
         0
    0.0000
    0.0000
    0.0040
    0.0026
    0.0000
         0
         0
    0.0021
    0.0000
         0
    0.0020
    0.0000
    0.0007
    0.0001
         0
         0
    0.0000
    0.0007
    0.1000

  -1.0000e+09

    4.8360

End of this iteration
x-value
    0.0311
    0.0455
    0.0730
    0.0959
    0.0708
    0.1179
    0.0019
    0.0053
    0.0000
         0
    0.0000
    0.0000
    0.0000
         0
         0
         0
    0.0000
         0
    0.0000
    0.0000
    0.0040
    0.0026
    0.0000
         0
         0
    0.0021
         0
         0
    0.0020
         0
    0.0007
    0.0001
         0
         0
         0
    0.0007
    0.1000

  -1.0000e+09

    4.8360

End of this iteration
x-value
    0.0311
    0.0455
    0.0730
    0.0959
    0.0708
    0.1179
    0.0019
    0.0053
    0.0000
         0
         0
         0
         0
         0
    0.0000
         0
         0
    0.0000
         0
    0.0000
    0.0040
    0.0026
    0.0000
         0
    0.0000
    0.0021
         0
         0
    0.0020
         0
    0.0007
    0.0001
         0
    0.0000
         0
    0.0007
    0.1000

  -1.0000e+09

    4.8360

End of this iteration
x-value
    0.0043
    0.0042
    0.0090
    0.0072
    0.0101
    0.0145
    0.0009
    0.0034
    0.0000
    0.0038
    0.0000
         0
         0
    0.0000
    0.0021
         0
         0
         0
    0.0001
         0
    0.0000
    0.0000
    0.0000
         0
    0.0033
    0.0000
    0.0000
         0
    0.0000
    0.0000
         0
         0
    0.0042
    0.0022
    0.0027
         0
    0.1000

  -1.0000e+09

    4.8914

End of this iteration
x-value
    0.0311
    0.0455
    0.0730
    0.0959
    0.0708
    0.1179
    0.0019
    0.0053
    0.0000
         0
         0
         0
    0.0000
    0.0000
         0
         0
         0
    0.0000
    0.0000
         0
    0.0040
    0.0026
    0.0000
    0.0000
    0.0000
    0.0021
         0
    0.0000
    0.0020
    0.0000
    0.0007
    0.0001
         0
         0
    0.0000
    0.0007
    0.1000

  -1.0000e+09

    4.8360

End of this iteration
x-value
    0.0255
    0.0380
    0.0613
    0.0798
    0.0593
    0.0975
    0.0030
    0.0046
    0.0000
         0
    0.0000
         0
         0
    0.0000
         0
         0
    0.0000
         0
    0.0000
    0.0000
    0.0038
    0.0025
    0.0000
         0
    0.0000
    0.0018
    0.0000
    0.0000
    0.0020
    0.0000
    0.0008
    0.0003
    0.0000
         0
         0
    0.0006
    0.1000

  -1.0000e+09

    4.8463

End of this iteration
x-value
    0.0311
    0.0455
    0.0729
    0.0959
    0.0708
    0.1179
    0.0019
    0.0053
         0
         0
    0.0000
    0.0000
    0.0000
    0.0000
         0
         0
         0
    0.0000
         0
    0.0000
    0.0041
    0.0026
         0
    0.0000
    0.0000
    0.0020
         0
         0
    0.0022
         0
    0.0008
    0.0001
         0
         0
         0
         0
    0.1000

  -1.0000e+09

    4.8360

End of this iteration
x-value
         0
    2.7182
    4.0528
    0.5036
    1.6046
    0.4878
    0.0000
         0
    0.0000
    0.1154
    0.0000
         0
    0.2937
    0.0000
    0.0000
    0.0171
         0
    0.0000
         0
         0
    0.0000
         0
    0.0062
    0.0072
         0
         0
    0.0060
         0
         0
    0.0000
    0.0000
         0
    0.0000
    0.0025
    0.0016
    0.0000
    0.1000

  -1.0000e+09

   14.6258

End of this iteration
x-value
    0.0274
    0.0399
    0.0640
    0.0839
    0.0622
    0.1029
    0.0017
    0.0048
    0.0000
         0
         0
    0.0000
         0
    0.0000
         0
         0
    0.0000
    0.0000
         0
    0.0000
    0.0038
    0.0025
         0
         0
    0.0000
    0.0018
         0
         0
    0.0020
         0
    0.0008
    0.0003
         0
         0
         0
    0.0006
    0.1000

  -1.0000e+09

    4.8437

End of this iteration
x-value
    0.0049
    0.0060
    0.0099
    0.0122
    0.0029
    0.0064
    0.0005
    0.0018
         0
         0
    0.0032
    0.0000
    0.0000
         0
         0
    0.0000
         0
    0.0014
         0
         0
         0
         0
         0
    0.0000
    0.0000
         0
    0.0022
    0.0002
    0.0000
         0
    0.0017
    0.0016
    0.0000
         0
    0.0021
         0
    0.1000

  -1.0000e+09

    4.8903

End of this iteration
x-value
    0.0312
    0.0456
    0.0730
    0.0959
    0.0708
    0.1179
    0.0018
    0.0052
         0
    0.0000
    0.0000
    0.0000
    0.0000
    0.0000
    0.0000
         0
         0
         0
         0
    0.0000
    0.0033
    0.0021
    0.0000
         0
    0.0015
    0.0003
    0.0000
    0.0000
    0.0019
    0.0000
         0
    0.0011
         0
         0
         0
    0.0006
    0.1000

  -1.0000e+09

    4.8360

End of this iteration
x-value
    0.0173
    0.0245
    0.0399
    0.0502
    0.0418
    0.0768
    0.0012
    0.0035
    0.0000
    0.0000
         0
         0
         0
    0.0000
    0.0000
    0.0000
    0.0000
    0.0000
    0.0000
    0.0000
    0.0028
    0.0019
         0
    0.0000
         0
         0
    0.0000
         0
    0.0018
         0
    0.0012
    0.0013
         0
         0
    0.0000
    0.0006
    0.1000

  -1.0000e+09

    4.8648

End of this iteration
x-value
    0.0261
    0.0379
    0.0609
    0.0797
    0.0591
    0.0976
    0.0016
    0.0047
    0.0000
    0.0000
         0
    0.0000
         0
    0.0000
    0.0000
         0
    0.0000
         0
         0
         0
    0.0037
    0.0024
    0.0000
    0.0000
    0.0000
    0.0017
    0.0000
         0
    0.0019
    0.0000
    0.0008
    0.0003
         0
         0
         0
    0.0006
    0.1000

  -1.0000e+09

    4.8464

End of this iteration
x-value
    0.0311
    0.0455
    0.0730
    0.0959
    0.0708
    0.1179
    0.0019
    0.0053
    0.0000
         0
         0
    0.0000
    0.0000
         0
    0.0000
         0
    0.0000
    0.0000
         0
         0
    0.0040
    0.0026
         0
    0.0000
         0
    0.0021
    0.0000
         0
    0.0020
         0
    0.0007
    0.0001
         0
         0
         0
    0.0007
    0.1000

  -1.0000e+09

    4.8360

End of this iteration
x-value
    0.0311
    0.0455
    0.0730
    0.0959
    0.0708
    0.1179
    0.0019
    0.0053
    0.0000
    0.0000
    0.0000
    0.0000
    0.0000
         0
    0.0000
         0
         0
         0
         0
    0.0000
    0.0040
    0.0026
         0
    0.0000
         0
    0.0021
    0.0000
         0
    0.0020
    0.0000
    0.0007
    0.0001
         0
         0
    0.0000
    0.0007
    0.1000

  -1.0000e+09

    4.8360

End of this iteration
x-value
    0.0311
    0.0455
    0.0729
    0.0959
    0.0708
    0.1179
    0.0019
    0.0053
    0.0000
         0
    0.0000
    0.0000
         0
         0
         0
         0
         0
    0.0000
         0
    0.0000
    0.0040
    0.0026
    0.0000
         0
         0
    0.0015
    0.0000
         0
    0.0023
         0
    0.0009
    0.0005
         0
         0
    0.0001
    0.0024
    0.1000

  -1.0000e+09

    4.8360

End of this iteration
x-value
    0.0311
    0.0455
    0.0730
    0.0959
    0.0708
    0.1179
    0.0019
    0.0053
    0.0000
    0.0000
    0.0000
         0
         0
    0.0000
         0
         0
    0.0000
    0.0000
    0.0000
    0.0000
    0.0040
    0.0026
    0.0000
    0.0000
         0
    0.0020
         0
    0.0000
    0.0020
    0.0000
         0
    0.0007
         0
    0.0000
         0
    0.0006
    0.1000

  -1.0000e+09

    4.8360

End of this iteration
x-value
    0.0311
    0.0455
    0.0730
    0.0959
    0.0708
    0.1179
    0.0019
    0.0053
         0
         0
    0.0000
    0.0000
    0.0000
         0
    0.0000
         0
    0.0000
    0.0000
    0.0000
    0.0000
    0.0040
    0.0026
         0
         0
         0
    0.0021
    0.0000
    0.0000
    0.0020
         0
    0.0007
    0.0001
         0
    0.0000
    0.0000
    0.0007
    0.1000

  -1.0000e+09

    4.8360

End of this iteration
x-value
    0.0311
    0.0455
    0.0730
    0.0959
    0.0708
    0.1179
    0.0019
    0.0053
         0
         0
    0.0000
    0.0000
         0
    0.0000
    0.0000
         0
    0.0000
         0
         0
         0
    0.0039
    0.0026
         0
         0
         0
    0.0022
    0.0000
         0
    0.0019
    0.0000
    0.0007
    0.0001
         0
         0
         0
    0.0009
    0.1000

  -1.0000e+09

    4.8360

End of this iteration
x-value
    0.0311
    0.0455
    0.0730
    0.0959
    0.0708
    0.1179
    0.0019
    0.0053
         0
    0.0000
         0
         0
         0
    0.0000
    0.0000
         0
    0.0000
    0.0000
    0.0000
         0
    0.0040
    0.0026
    0.0000
         0
         0
    0.0021
         0
         0
    0.0020
    0.0000
    0.0007
    0.0001
         0
         0
         0
    0.0007
    0.1000

  -1.0000e+09

    4.8360

End of this iteration
x-value
    0.0311
    0.0455
    0.0730
    0.0959
    0.0708
    0.1179
    0.0019
    0.0053
    0.0000
         0
    0.0000
         0
         0
         0
         0
         0
         0
    0.0000
         0
         0
    0.0040
    0.0026
         0
    0.0000
         0
    0.0021
         0
         0
    0.0020
    0.0000
    0.0007
    0.0001
         0
         0
    0.0000
    0.0007
    0.1000

  -1.0000e+09

    4.8360

End of this iteration
x-value
    0.0261
    0.0379
    0.0609
    0.0797
    0.0591
    0.0976
    0.0016
    0.0047
    0.0000
    0.0000
         0
    0.0000
         0
         0
         0
         0
    0.0000
         0
    0.0000
         0
    0.0037
    0.0024
         0
         0
    0.0000
    0.0017
         0
         0
    0.0019
    0.0000
    0.0008
    0.0003
         0
         0
         0
    0.0006
    0.1000

  -1.0000e+09

    4.8464

End of this iteration
x-value
    0.0311
    0.0455
    0.0730
    0.0959
    0.0708
    0.1179
    0.0019
    0.0053
    0.0000
    0.0000
         0
         0
    0.0000
    0.0000
    0.0000
         0
         0
         0
    0.0000
         0
    0.0040
    0.0026
         0
    0.0000
         0
    0.0021
         0
         0
    0.0020
         0
    0.0007
    0.0001
         0
         0
         0
    0.0007
    0.1000

  -1.0000e+09

    4.8360

End of this iteration
x-value
    0.0076
    0.0097
    0.0162
    0.0198
    0.0139
    0.0204
    0.0005
    0.0024
    0.0000
         0
    0.0000
         0
    0.0000
         0
         0
    0.0016
         0
         0
    0.0000
    0.0000
    0.0009
         0
         0
    0.0000
    0.0011
    0.0027
         0
    0.0000
    0.0000
         0
    0.0000
         0
    0.0017
         0
    0.0020
    0.0003
    0.1000

  -1.0000e+09

    4.8850

End of this iteration
x-value
    0.0311
    0.0455
    0.0730
    0.0959
    0.0708
    0.1179
    0.0019
    0.0053
         0
         0
    0.0000
    0.0000
         0
    0.0000
         0
         0
    0.0000
         0
         0
         0
    0.0040
    0.0026
         0
    0.0000
         0
    0.0021
         0
         0
    0.0020
         0
    0.0007
    0.0001
         0
         0
    0.0000
    0.0007
    0.1000

  -1.0000e+09

    4.8360

End of this iteration
x-value
    0.0311
    0.0455
    0.0729
    0.0959
    0.0708
    0.1179
    0.0019
    0.0053
         0
    0.0000
         0
    0.0000
         0
    0.0000
         0
         0
    0.0000
    0.0000
    0.0000
    0.0000
    0.0041
    0.0026
         0
         0
    0.0000
    0.0020
    0.0000
    0.0000
    0.0022
    0.0000
    0.0008
    0.0001
         0
         0
         0
         0
    0.1000

  -1.0000e+09

    4.8360

End of this iteration
x-value
    0.0311
    0.0455
    0.0730
    0.0959
    0.0708
    0.1179
    0.0019
    0.0053
    0.0000
         0
    0.0000
         0
    0.0000
         0
         0
         0
         0
         0
    0.0000
    0.0000
    0.0040
    0.0026
    0.0000
         0
    0.0000
    0.0021
    0.0000
         0
    0.0020
         0
    0.0007
    0.0001
         0
         0
    0.0000
    0.0007
    0.1000

  -1.0000e+09

    4.8360

End of this iteration
x-value
    0.0261
    0.0379
    0.0609
    0.0797
    0.0591
    0.0976
    0.0016
    0.0047
    0.0000
    0.0000
    0.0000
         0
         0
    0.0000
    0.0000
         0
         0
    0.0000
         0
         0
    0.0037
    0.0024
    0.0000
         0
         0
    0.0017
         0
         0
    0.0019
         0
    0.0008
    0.0003
         0
    0.0000
    0.0000
    0.0006
    0.1000

  -1.0000e+09

    4.8464

End of this iteration
x-value
    0.0311
    0.0455
    0.0729
    0.0959
    0.0708
    0.1179
    0.0019
    0.0053
         0
    0.0000
         0
         0
    0.0000
    0.0000
    0.0000
    0.0000
    0.0000
    0.0000
         0
    0.0000
    0.0040
    0.0026
    0.0000
         0
         0
    0.0021
    0.0000
         0
    0.0020
         0
    0.0014
    0.0002
         0
         0
         0
    0.0007
    0.1000

  -1.0000e+09

    4.8360

End of this iteration
x-value
    0.0311
    0.0455
    0.0730
    0.0959
    0.0708
    0.1179
    0.0019
    0.0053
         0
    0.0000
    0.0000
         0
    0.0000
         0
    0.0000
         0
    0.0000
         0
         0
         0
    0.0040
    0.0026
    0.0000
    0.0000
         0
    0.0021
         0
         0
    0.0020
         0
    0.0007
    0.0001
         0
         0
    0.0000
    0.0007
    0.1000

  -1.0000e+09

    4.8360

End of this iteration
x-value
    0.0312
    0.0457
    0.0730
    0.0960
    0.0708
    0.1179
    0.0018
    0.0051
         0
         0
    0.0000
         0
    0.0000
         0
    0.0000
         0
         0
         0
    0.0000
         0
    0.0017
    0.0026
         0
         0
    0.0000
         0
    0.0000
         0
    0.0006
    0.0000
    0.0011
    0.0012
         0
         0
    0.0009
    0.0021
    0.1000

  -1.0000e+09

    4.8360

End of this iteration
x-value
    0.0261
    0.0379
    0.0609
    0.0797
    0.0591
    0.0976
    0.0016
    0.0047
    0.0000
    0.0000
    0.0000
    0.0000
    0.0000
    0.0000
    0.0000
    0.0000
         0
         0
    0.0000
    0.0000
    0.0037
    0.0024
         0
    0.0000
         0
    0.0018
         0
    0.0000
    0.0019
    0.0000
    0.0012
    0.0000
         0
         0
    0.0000
    0.0007
    0.1000

  -1.0000e+09

    4.8464

End of this iteration
x-value
    0.0311
    0.0455
    0.0730
    0.0959
    0.0708
    0.1179
    0.0019
    0.0053
    0.0000
    0.0000
    0.0000
    0.0000
    0.0000
         0
         0
         0
         0
         0
    0.0000
    0.0000
    0.0040
    0.0026
    0.0000
         0
    0.0000
    0.0021
    0.0000
         0
    0.0020
    0.0000
    0.0007
    0.0001
         0
         0
         0
    0.0007
    0.1000

  -1.0000e+09

    4.8360

End of this iteration
x-value
    0.0331
    0.0484
    0.0777
    0.1015
    0.0777
    0.1283
    0.0020
    0.0056
    0.0000
         0
         0
         0
         0
    0.0000
         0
         0
         0
         0
         0
         0
    0.0043
    0.0028
    0.0000
         0
    0.0010
    0.0025
         0
    0.0000
    0.0022
         0
    0.0000
    0.0000
    0.0004
         0
         0
    0.0006
    0.1000

  -1.0000e+09

    4.8321

End of this iteration
x-value
    0.0260
    0.0379
    0.0607
    0.0793
    0.0590
    0.0977
    0.0017
    0.0045
         0
         0
         0
         0
         0
         0
         0
         0
         0
    0.0000
         0
         0
    0.0037
         0
         0
    0.0000
         0
         0
    0.0000
         0
    0.0015
         0
    0.0013
    0.0013
         0
         0
    0.0002
    0.0001
    0.1000

  -1.0000e+09

    4.8466

End of this iteration
x-value
    0.8460
    1.2753
    1.9831
    2.8344
    1.4638
    2.8635
    0.0170
    0.1158
         0
    0.0000
    0.0000
    0.0000
    0.0340
         0
    0.0389
    0.0000
         0
         0
    0.0078
         0
    0.0000
    0.0023
    0.0000
         0
         0
    0.0053
    0.0000
         0
    0.0005
    0.0000
    0.0000
         0
    0.0040
    0.0041
    0.0035
    0.0031
    0.1000

  -1.0000e+09

   39.6728

End of this iteration
x-value
    0.0261
    0.0379
    0.0609
    0.0797
    0.0591
    0.0976
    0.0016
    0.0047
    0.0000
    0.0000
    0.0000
    0.0000
         0
         0
         0
         0
         0
         0
         0
         0
    0.0042
    0.0021
    0.0000
         0
         0
    0.0000
    0.0018
         0
         0
         0
    0.0016
    0.0000
    0.0000
         0
    0.0023
         0
    0.1000

  -1.0000e+09

    4.8465

End of this iteration
x-value
    0.0312
    0.0457
    0.0730
    0.0960
    0.0708
    0.1179
    0.0018
    0.0051
    0.0000
         0
         0
         0
    0.0000
    0.0000
         0
         0
    0.0000
         0
         0
         0
    0.0017
    0.0026
    0.0000
    0.0000
         0
         0
         0
    0.0000
    0.0006
    0.0000
    0.0011
    0.0012
    0.0000
    0.0000
    0.0009
    0.0021
    0.1000

  -1.0000e+09

    4.8360

End of this iteration
x-value
    0.0311
    0.0455
    0.0729
    0.0959
    0.0708
    0.1179
    0.0019
    0.0053
         0
    0.0000
    0.0000
    0.0000
         0
         0
    0.0000
         0
    0.0000
         0
         0
         0
    0.0040
    0.0026
         0
    0.0000
    0.0000
    0.0015
         0
         0
    0.0023
         0
    0.0009
    0.0005
         0
         0
    0.0001
    0.0024
    0.1000

  -1.0000e+09

    4.8360

End of this iteration
x-value
    0.0311
    0.0455
    0.0729
    0.0959
    0.0708
    0.1180
    0.0019
    0.0054
         0
    0.0000
         0
         0
         0
    0.0000
    0.0000
    0.0000
         0
    0.0000
    0.0000
         0
    0.0045
    0.0022
    0.0000
         0
    0.0000
    0.0000
    0.0017
    0.0000
    0.0000
    0.0000
    0.0016
         0
    0.0000
         0
    0.0023
         0
    0.1000

  -1.0000e+09

    4.8361

End of this iteration
x-value
    0.0311
    0.0455
    0.0730
    0.0959
    0.0708
    0.1179
    0.0019
    0.0053
         0
         0
         0
    0.0000
         0
         0
    0.0000
         0
    0.0000
         0
    0.0000
         0
    0.0040
    0.0026
         0
    0.0000
    0.0000
    0.0021
         0
         0
    0.0020
         0
    0.0007
    0.0001
         0
         0
    0.0000
    0.0007
    0.1000

  -1.0000e+09

    4.8360

End of this iteration
x-value
    0.0311
    0.0455
    0.0730
    0.0959
    0.0708
    0.1179
    0.0019
    0.0053
    0.0000
    0.0000
         0
    0.0000
    0.0000
    0.0000
         0
         0
    0.0000
    0.0000
         0
         0
    0.0040
    0.0026
    0.0000
    0.0000
         0
    0.0021
    0.0000
         0
    0.0020
    0.0000
    0.0007
    0.0001
         0
         0
         0
    0.0007
    0.1000

  -1.0000e+09

    4.8360

End of this iteration
x-value
    0.0312
    0.0458
    0.0731
    0.0960
    0.0709
    0.1179
    0.0018
    0.0050
    0.0000
    0.0000
         0
         0
    0.0000
    0.0000
    0.0000
    0.0000
    0.0000
    0.0000
    0.0000
    0.0000
    0.0010
    0.0015
         0
         0
    0.0000
    0.0000
         0
    0.0000
    0.0000
    0.0000
    0.0020
    0.0018
    0.0022
         0
    0.0017
    0.0019
    0.1000

  -1.0000e+09

    4.8359

End of this iteration
x-value
    0.0311
    0.0455
    0.0730
    0.0959
    0.0708
    0.1179
    0.0019
    0.0053
         0
         0
    0.0000
    0.0000
         0
         0
         0
         0
    0.0000
         0
         0
         0
    0.0040
    0.0026
         0
         0
    0.0000
    0.0021
    0.0000
    0.0000
    0.0020
    0.0000
    0.0007
    0.0001
         0
         0
         0
    0.0007
    0.1000

  -1.0000e+09

    4.8360

End of this iteration
x-value
    0.0261
    0.0379
    0.0609
    0.0797
    0.0591
    0.0976
    0.0016
    0.0047
         0
         0
         0
    0.0000
         0
         0
    0.0000
         0
         0
    0.0000
         0
    0.0000
    0.0038
    0.0024
         0
    0.0000
    0.0011
    0.0014
    0.0000
         0
    0.0019
    0.0000
         0
    0.0005
         0
         0
         0
    0.0006
    0.1000

  -1.0000e+09

    4.8464

End of this iteration
x-value
    0.0311
    0.0455
    0.0730
    0.0959
    0.0708
    0.1179
    0.0019
    0.0053
    0.0000
    0.0000
    0.0000
         0
         0
    0.0000
         0
         0
         0
    0.0000
         0
         0
    0.0041
    0.0025
         0
    0.0000
         0
    0.0023
         0
         0
    0.0020
         0
    0.0007
    0.0000
         0
         0
         0
    0.0006
    0.1000

  -1.0000e+09

    4.8360

End of this iteration
x-value
    0.0261
    0.0379
    0.0609
    0.0797
    0.0591
    0.0976
    0.0016
    0.0047
    0.0000
         0
         0
    0.0000
         0
    0.0000
    0.0000
         0
    0.0000
         0
    0.0000
         0
    0.0037
    0.0024
    0.0000
         0
    0.0000
    0.0017
    0.0000
         0
    0.0019
    0.0000
    0.0008
    0.0003
         0
         0
         0
    0.0006
    0.1000

  -1.0000e+09

    4.8464

End of this iteration
x-value
    0.0152
    0.0292
    0.0425
    0.0593
    0.0460
    0.0774
    0.0021
    0.0033
    0.0000
    0.0000
         0
    0.0000
    0.0000
         0
    0.0000
         0
         0
    0.0000
         0
    0.0000
    0.0034
    0.0022
         0
    0.0000
         0
    0.0011
    0.0000
         0
    0.0019
    0.0000
    0.0010
    0.0007
    0.0000
         0
         0
    0.0006
    0.1000

  -1.0000e+09

    4.8637

End of this iteration
x-value
    0.0311
    0.0456
    0.0730
    0.0959
    0.0709
    0.1179
    0.0019
    0.0052
         0
    0.0000
         0
         0
    0.0000
         0
         0
         0
         0
    0.0000
    0.0000
    0.0000
    0.0034
    0.0024
         0
         0
    0.0000
    0.0017
         0
    0.0000
    0.0014
    0.0000
    0.0008
    0.0003
         0
    0.0000
         0
    0.0022
    0.1000

  -1.0000e+09

    4.8360

End of this iteration
x-value
    0.0311
    0.0455
    0.0730
    0.0959
    0.0708
    0.1179
    0.0019
    0.0053
    0.0000
    0.0000
    0.0000
         0
         0
    0.0000
    0.0000
         0
         0
         0
    0.0000
         0
    0.0040
    0.0026
    0.0000
    0.0000
    0.0000
    0.0021
         0
    0.0000
    0.0020
         0
    0.0007
    0.0001
         0
         0
    0.0000
    0.0007
    0.1000

  -1.0000e+09

    4.8360

End of this iteration
x-value
    0.0311
    0.0455
    0.0730
    0.0959
    0.0708
    0.1179
    0.0019
    0.0053
         0
    0.0000
    0.0000
    0.0000
         0
         0
         0
         0
         0
         0
         0
         0
    0.0040
    0.0026
         0
    0.0000
    0.0000
    0.0021
    0.0000
         0
    0.0020
    0.0000
    0.0007
    0.0001
         0
         0
    0.0000
    0.0007
    0.1000

  -1.0000e+09

    4.8360

End of this iteration
x-value
    0.0311
    0.0455
    0.0730
    0.0959
    0.0708
    0.1179
    0.0019
    0.0053
         0
         0
         0
         0
    0.0000
         0
    0.0000
         0
    0.0000
    0.0000
         0
         0
    0.0040
    0.0026
         0
         0
    0.0000
    0.0021
    0.0000
    0.0000
    0.0020
         0
    0.0007
    0.0001
    0.0000
         0
         0
    0.0007
    0.1000

  -1.0000e+09

    4.8360

End of this iteration
x-value
    0.0337
    0.0495
    0.0792
    0.1043
    0.0769
    0.1285
    0.0020
    0.0056
    0.0000
    0.0000
    0.0000
         0
         0
         0
         0
         0
    0.0000
    0.0000
         0
         0
    0.0041
    0.0027
         0
         0
    0.0004
    0.0023
    0.0000
         0
    0.0020
         0
    0.0004
         0
    0.0000
    0.0000
         0
    0.0007
    0.1000

  -1.0000e+09

    4.8306

End of this iteration
x-value
    0.0337
    0.0495
    0.0792
    0.1043
    0.0769
    0.1285
    0.0020
    0.0056
         0
         0
    0.0000
    0.0000
    0.0000
    0.0000
    0.0000
         0
         0
         0
         0
    0.0000
    0.0041
    0.0027
    0.0000
    0.0000
    0.0004
    0.0023
    0.0000
    0.0000
    0.0020
         0
    0.0004
         0
         0
    0.0000
         0
    0.0007
    0.1000

  -1.0000e+09

    4.8306

End of this iteration
x-value
    0.0484
    0.0716
    0.1135
    0.1557
    0.1002
    0.1357
    0.0027
    0.0083
    0.0000
    0.0000
    0.0000
    0.0000
    0.0000
    0.0000
    0.0042
    0.0000
         0
    0.0000
    0.0073
    0.0000
    0.0000
         0
         0
    0.0000
    0.0019
         0
         0
         0
    0.0000
    0.0000
    0.0000
         0
    0.0049
    0.0034
    0.0031
    0.0029
    0.1000

  -1.0000e+09

    4.8002

End of this iteration
x-value
    0.0311
    0.0455
    0.0730
    0.0959
    0.0708
    0.1179
    0.0019
    0.0053
    0.0000
         0
    0.0000
         0
         0
         0
         0
         0
    0.0000
    0.0000
         0
    0.0000
    0.0040
    0.0026
         0
    0.0000
    0.0000
    0.0021
    0.0000
         0
    0.0020
    0.0000
    0.0007
    0.0001
         0
    0.0000
         0
    0.0007
    0.1000

  -1.0000e+09

    4.8360

End of this iteration
x-value
    0.0311
    0.0455
    0.0730
    0.0959
    0.0708
    0.1179
    0.0019
    0.0053
    0.0000
         0
         0
         0
         0
         0
         0
    0.0000
         0
         0
         0
         0
    0.0040
    0.0026
         0
    0.0000
         0
    0.0021
         0
         0
    0.0020
    0.0000
    0.0007
    0.0001
         0
         0
         0
    0.0007
    0.1000

  -1.0000e+09

    4.8360

End of this iteration
x-value
    0.0311
    0.0455
    0.0730
    0.0959
    0.0708
    0.1179
    0.0019
    0.0053
         0
         0
    0.0000
    0.0000
         0
    0.0000
    0.0000
         0
    0.0000
    0.0000
         0
         0
    0.0040
    0.0026
         0
         0
         0
    0.0021
    0.0000
         0
    0.0020
         0
    0.0007
    0.0001
         0
         0
         0
    0.0007
    0.1000

  -1.0000e+09

    4.8360

End of this iteration
x-value
    0.0337
    0.0495
    0.0792
    0.1043
    0.0769
    0.1285
    0.0020
    0.0056
    0.0000
         0
    0.0000
    0.0000
    0.0000
         0
         0
         0
    0.0000
         0
    0.0000
    0.0000
    0.0041
    0.0026
    0.0000
    0.0000
         0
    0.0023
    0.0000
         0
    0.0020
    0.0000
    0.0015
    0.0001
         0
         0
         0
    0.0007
    0.1000

  -1.0000e+09

    4.8306

End of this iteration
x-value
    0.6502
    0.9479
    1.5236
    1.9888
    1.7118
    3.8206
         0
    0.0976
    0.0000
    0.0000
         0
    0.0000
    0.0265
    0.0000
    0.0433
    0.0344
    0.0000
         0
    0.0090
    0.0102
    0.0041
    0.0000
    0.0000
         0
         0
    0.0026
         0
    0.0000
    0.0038
    0.0016
    0.0000
    0.0000
    0.0028
    0.0032
         0
    0.0000
    0.1000

  -1.0000e+09

   38.3502

End of this iteration
x-value
    0.0311
    0.0455
    0.0730
    0.0959
    0.0708
    0.1179
    0.0019
    0.0053
    0.0000
         0
    0.0000
         0
    0.0000
         0
    0.0000
         0
    0.0000
         0
         0
         0
    0.0040
    0.0026
         0
         0
    0.0000
    0.0020
    0.0000
         0
    0.0020
         0
    0.0000
    0.0007
         0
    0.0000
         0
    0.0006
    0.1000

  -1.0000e+09

    4.8360

End of this iteration
x-value
    0.0311
    0.0455
    0.0730
    0.0959
    0.0708
    0.1179
    0.0019
    0.0053
         0
    0.0000
    0.0000
         0
    0.0000
         0
    0.0000
         0
         0
         0
         0
    0.0000
    0.0040
    0.0026
         0
    0.0000
    0.0000
    0.0021
         0
         0
    0.0020
    0.0000
    0.0007
    0.0001
         0
    0.0000
         0
    0.0007
    0.1000

  -1.0000e+09

    4.8360

End of this iteration
x-value
    0.0261
    0.0380
    0.0609
    0.0797
    0.0591
    0.0976
    0.0016
    0.0046
         0
    0.0000
    0.0000
    0.0000
    0.0000
    0.0000
         0
         0
    0.0000
         0
         0
         0
    0.0031
    0.0021
         0
    0.0000
         0
    0.0006
         0
         0
    0.0018
         0
    0.0011
    0.0010
         0
    0.0000
         0
    0.0006
    0.1000

  -1.0000e+09

    4.8464

End of this iteration
x-value
    0.0311
    0.0455
    0.0730
    0.0959
    0.0708
    0.1179
    0.0019
    0.0053
    0.0000
         0
         0
    0.0000
    0.0000
    0.0000
         0
         0
         0
         0
         0
         0
    0.0040
    0.0026
         0
    0.0000
    0.0000
    0.0021
    0.0000
    0.0000
    0.0020
         0
    0.0007
    0.0001
         0
         0
         0
    0.0007
    0.1000

  -1.0000e+09

    4.8360

End of this iteration
x-value
    0.0311
    0.0455
    0.0730
    0.0959
    0.0708
    0.1179
    0.0019
    0.0053
    0.0000
         0
    0.0000
         0
         0
         0
         0
         0
    0.0000
    0.0000
    0.0000
    0.0000
    0.0040
    0.0026
         0
         0
    0.0000
    0.0021
         0
         0
    0.0020
    0.0000
    0.0007
    0.0001
         0
         0
    0.0000
    0.0007
    0.1000

  -1.0000e+09

    4.8360

End of this iteration
x-value
    0.0343
    0.0756
    0.0754
    0.1238
    0.0882
    0.1640
         0
         0
    0.0000
    0.0000
    0.0000
    0.0000
    0.0000
    0.0000
    0.0035
    0.0000
         0
    0.0000
         0
         0
         0
    0.0017
    0.0000
         0
    0.0000
    0.0000
    0.0000
    0.0000
    0.0017
    0.0000
    0.0019
    0.0018
    0.0022
    0.0000
         0
    0.0012
    0.1000

  -1.0000e+09

    4.8188

End of this iteration
x-value
    0.0337
    0.0495
    0.0792
    0.1043
    0.0769
    0.1285
    0.0020
    0.0056
         0
         0
         0
    0.0000
    0.0000
    0.0000
         0
         0
    0.0000
    0.0000
    0.0000
         0
    0.0041
    0.0026
    0.0000
    0.0000
         0
    0.0023
         0
         0
    0.0020
         0
    0.0015
    0.0001
         0
    0.0000
         0
    0.0007
    0.1000

  -1.0000e+09

    4.8306

End of this iteration
x-value
    0.0311
    0.0455
    0.0729
    0.0959
    0.0708
    0.1179
    0.0019
    0.0053
         0
         0
    0.0000
         0
    0.0000
    0.0000
         0
         0
         0
    0.0000
    0.0000
         0
    0.0041
    0.0026
         0
         0
         0
    0.0020
         0
         0
    0.0022
         0
    0.0008
    0.0001
         0
         0
         0
         0
    0.1000

  -1.0000e+09

    4.8360

End of this iteration
x-value
    0.0345
    0.0484
    0.0783
    0.1040
    0.0766
    0.1287
         0
    0.0070
         0
         0
         0
         0
         0
         0
    0.0000
    0.0000
         0
    0.0000
         0
         0
    0.0041
    0.0026
    0.0000
         0
    0.0009
    0.0021
    0.0000
         0
    0.0020
    0.0000
    0.0000
    0.0001
         0
         0
         0
    0.0007
    0.1000

  -1.0000e+09

    4.8312

End of this iteration
x-value
    0.0345
    0.0484
    0.0783
    0.1040
    0.0766
    0.1287
    0.0000
    0.0070
         0
    0.0000
    0.0000
         0
         0
    0.0000
    0.0000
         0
    0.0000
    0.0000
         0
         0
    0.0042
    0.0027
    0.0000
         0
    0.0010
    0.0022
         0
    0.0000
    0.0020
    0.0000
         0
         0
         0
         0
    0.0000
    0.0007
    0.1000

  -1.0000e+09

    4.8312

End of this iteration
x-value
    0.0311
    0.0455
    0.0730
    0.0959
    0.0708
    0.1179
    0.0019
    0.0053
    0.0000
    0.0000
    0.0000
    0.0000
    0.0000
    0.0000
    0.0000
         0
    0.0000
         0
    0.0000
    0.0000
    0.0040
    0.0026
    0.0000
         0
    0.0000
    0.0021
    0.0000
         0
    0.0020
         0
    0.0007
    0.0001
         0
         0
         0
    0.0007
    0.1000

  -1.0000e+09

    4.8360

End of this iteration
x-value
    0.0264
    0.0384
    0.0616
    0.0806
    0.0598
    0.0988
    0.0016
    0.0047
    0.0000
         0
         0
    0.0000
         0
    0.0000
         0
         0
         0
         0
         0
         0
    0.0036
    0.0025
         0
         0
         0
    0.0019
    0.0000
         0
    0.0023
         0
    0.0015
    0.0006
    0.0015
         0
         0
    0.0000
    0.1000

  -1.0000e+09

    4.8458

End of this iteration
x-value
    0.0267
    0.0370
    0.0602
    0.0794
    0.0589
    0.0978
         0
    0.0058
         0
    0.0000
    0.0000
         0
         0
         0
         0
         0
    0.0000
    0.0000
         0
         0
    0.0038
    0.0025
         0
    0.0000
         0
    0.0023
    0.0000
    0.0000
    0.0014
         0
    0.0006
         0
         0
         0
    0.0006
    0.0008
    0.1000

  -1.0000e+09

    4.8469

End of this iteration
x-value
    0.0311
    0.0455
    0.0730
    0.0959
    0.0708
    0.1179
    0.0019
    0.0053
         0
    0.0000
    0.0000
    0.0000
         0
    0.0000
    0.0000
         0
    0.0000
         0
    0.0000
         0
    0.0040
    0.0026
    0.0000
         0
         0
    0.0022
    0.0000
         0
    0.0020
    0.0000
    0.0008
    0.0000
         0
         0
         0
    0.0007
    0.1000

  -1.0000e+09

    4.8312

End of this iteration
x-value
    0.0311
    0.0455
    0.0730
    0.0959
    0.0708
    0.1179
    0.0019
    0.0053
         0
    0.0000
         0
         0
         0
         0
    0.0000
         0
         0
         0
         0
         0
    0.0040
    0.0026
    0.0000
    0.0000
         0
    0.0021
    0.0000
         0
    0.0020
         0
    0.0007
    0.0001
         0
         0
         0
    0.0007
    0.1000

  -1.0000e+09

    4.8360

End of this iteration
x-value
    0.0311
    0.0455
    0.0730
    0.0959
    0.0708
    0.1179
    0.0019
    0.0053
    0.0000
    0.0000
    0.0000
    0.0000
         0
    0.0000
    0.0000
         0
    0.0000
         0
         0
         0
    0.0040
    0.0026
         0
    0.0000
         0
    0.0021
         0
         0
    0.0020
    0.0000
    0.0007
    0.0001
    0.0000
         0
         0
    0.0007
    0.1000

  -1.0000e+09

    4.8360

End of this iteration
x-value
    0.0311
    0.0455
    0.0729
    0.0959
    0.0708
    0.1179
    0.0019
    0.0053
         0
    0.0000
    0.0000
    0.0000
         0
         0
    0.0000
         0
    0.0000
         0
    0.0000
         0
    0.0040
    0.0026
         0
    0.0000
         0
    0.0015
         0
    0.0000
    0.0023
    0.0000
    0.0009
    0.0005
    0.0000
         0
    0.0001
    0.0024
    0.1000

  -1.0000e+09

    4.8360

End of this iteration
x-value
    0.0959
    0.1422
    0.2307
    0.2977
    0.2588
    0.5404
    0.0064
    0.0161
         0
         0
    0.0000
    0.0000
         0
         0
    0.0054
    0.0045
    0.0000
    0.0000
         0
         0
    0.0034
    0.0018
    0.0000
    0.0000
    0.0012
    0.0034
         0
    0.0000
    0.0019
         0
         0
         0
    0.0017
    0.0008
    0.0007
    0.0008
    0.1000

  -1.0000e+09

   10.8893

End of this iteration
x-value
    0.0311
    0.0455
    0.0729
    0.0959
    0.0708
    0.1179
    0.0019
    0.0053
    0.0000
    0.0000
    0.0000
    0.0000
         0
    0.0000
    0.0000
    0.0000
         0
    0.0000
         0
    0.0000
    0.0041
    0.0026
         0
         0
    0.0000
    0.0020
    0.0000
    0.0000
    0.0022
         0
    0.0008
    0.0001
         0
    0.0000
         0
         0
    0.1000

  -1.0000e+09

    4.8360

End of this iteration
x-value
    0.0311
    0.0455
    0.0730
    0.0959
    0.0708
    0.1179
    0.0019
    0.0053
         0
    0.0000
         0
         0
         0
    0.0000
    0.0000
         0
    0.0000
         0
         0
         0
    0.0040
    0.0026
    0.0000
    0.0000
    0.0000
    0.0021
    0.0000
    0.0000
    0.0020
         0
    0.0007
    0.0001
         0
    0.0000
         0
    0.0007
    0.1000

  -1.0000e+09

    4.8360

End of this iteration
x-value
    0.0261
    0.0379
    0.0609
    0.0797
    0.0591
    0.0976
    0.0016
    0.0047
    0.0000
         0
         0
    0.0000
         0
         0
         0
         0
    0.0000
    0.0000
         0
    0.0000
    0.0037
    0.0024
         0
         0
         0
    0.0017
    0.0000
    0.0000
    0.0019
         0
    0.0008
    0.0003
         0
         0
         0
    0.0006
    0.1000

  -1.0000e+09

    4.8464

End of this iteration
x-value
    0.0261
    0.0379
    0.0609
    0.0797
    0.0591
    0.0976
    0.0016
    0.0047
         0
         0
         0
    0.0000
    0.0000
         0
         0
         0
    0.0000
         0
         0
         0
    0.0037
    0.0024
         0
         0
         0
    0.0017
    0.0000
         0
    0.0019
    0.0000
    0.0008
    0.0003
         0
         0
         0
    0.0006
    0.1000

  -1.0000e+09

    4.8464

End of this iteration
x-value
    0.0311
    0.0455
    0.0730
    0.0959
    0.0708
    0.1179
    0.0019
    0.0053
    0.0000
    0.0000
         0
         0
    0.0000
         0
    0.0000
         0
         0
         0
         0
    0.0000
    0.0040
    0.0026
         0
    0.0000
         0
    0.0021
    0.0000
    0.0000
    0.0020
    0.0000
    0.0007
    0.0001
         0
         0
    0.0000
    0.0007
    0.1000

  -1.0000e+09

    4.8360

End of this iteration
x-value
    0.0331
    0.0484
    0.0777
    0.1015
    0.0777
    0.1283
    0.0020
    0.0056
    0.0000
    0.0000
    0.0000
    0.0000
         0
         0
    0.0000
         0
         0
         0
    0.0000
    0.0000
    0.0043
    0.0028
    0.0000
    0.0000
    0.0010
    0.0025
    0.0000
         0
    0.0022
         0
    0.0000
    0.0000
    0.0004
         0
         0
    0.0006
    0.1000

  -1.0000e+09

    4.8321

End of this iteration
x-value
    0.0331
    0.0484
    0.0777
    0.1015
    0.0777
    0.1283
    0.0020
    0.0056
    0.0000
         0
    0.0000
         0
    0.0000
    0.0000
    0.0000
         0
    0.0000
         0
         0
    0.0000
    0.0043
    0.0028
    0.0000
    0.0000
    0.0010
    0.0025
         0
         0
    0.0022
         0
         0
         0
    0.0004
         0
    0.0000
    0.0006
    0.1000

  -1.0000e+09

    4.8321

End of this iteration
x-value
    0.0169
    0.0234
    0.0388
    0.0478
    0.0416
    0.0785
    0.0010
    0.0040
         0
    0.0007
         0
         0
         0
    0.0000
         0
    0.0018
    0.0000
    0.0000
         0
         0
    0.0031
    0.0000
         0
    0.0000
    0.0020
    0.0025
    0.0000
    0.0000
    0.0020
         0
         0
    0.0000
    0.0016
    0.0001
         0
         0
    0.1000

  -1.0000e+09

    4.8658

End of this iteration
x-value
    0.0311
    0.0455
    0.0730
    0.0959
    0.0708
    0.1179
    0.0019
    0.0053
    0.0000
    0.0000
    0.0000
         0
         0
         0
    0.0000
         0
         0
         0
         0
         0
    0.0040
    0.0026
    0.0000
    0.0000
         0
    0.0021
         0
    0.0000
    0.0020
    0.0000
    0.0007
    0.0001
    0.0000
         0
         0
    0.0007
    0.1000

  -1.0000e+09

    4.8360

End of this iteration
x-value
    0.0311
    0.0455
    0.0730
    0.0959
    0.0708
    0.1179
    0.0019
    0.0053
         0
         0
    0.0000
         0
    0.0000
         0
    0.0000
         0
         0
         0
         0
         0
    0.0040
    0.0026
    0.0000
    0.0000
         0
    0.0021
    0.0000
         0
    0.0020
         0
    0.0007
    0.0001
         0
         0
         0
    0.0007
    0.1000

  -1.0000e+09

    4.8360

End of this iteration
x-value
    0.0311
    0.0455
    0.0730
    0.0959
    0.0708
    0.1179
    0.0019
    0.0053
         0
    0.0000
    0.0000
         0
    0.0000
    0.0000
         0
         0
    0.0000
         0
         0
         0
    0.0040
    0.0026
    0.0000
         0
    0.0000
    0.0021
    0.0000
         0
    0.0020
         0
    0.0007
    0.0001
         0
    0.0000
    0.0000
    0.0007
    0.1000

  -1.0000e+09

    4.8360

End of this iteration
x-value
    0.0311
    0.0455
    0.0729
    0.0959
    0.0708
    0.1179
    0.0019
    0.0053
         0
    0.0000
    0.0000
         0
         0
         0
         0
         0
         0
    0.0000
    0.0000
    0.0000
    0.0040
    0.0026
         0
    0.0000
    0.0000
    0.0021
    0.0000
         0
    0.0020
         0
    0.0014
    0.0002
         0
         0
    0.0000
    0.0007
    0.1000

  -1.0000e+09

    4.8360

End of this iteration
x-value
    0.0311
    0.0455
    0.0730
    0.0959
    0.0708
    0.1179
    0.0019
    0.0053
    0.0000
         0
    0.0000
         0
    0.0000
         0
    0.0000
         0
         0
    0.0000
    0.0000
         0
    0.0040
    0.0026
         0
         0
         0
    0.0021
         0
    0.0000
    0.0020
         0
    0.0007
    0.0001
         0
         0
         0
    0.0007
    0.1000

  -1.0000e+09

    4.8360

End of this iteration
x-value
    0.0311
    0.0455
    0.0730
    0.0959
    0.0708
    0.1179
    0.0019
    0.0053
    0.0000
         0
         0
    0.0000
    0.0000
         0
         0
         0
    0.0000
         0
         0
         0
    0.0040
    0.0026
    0.0000
         0
    0.0000
    0.0021
    0.0000
    0.0000
    0.0020
    0.0000
    0.0007
    0.0001
         0
    0.0000
         0
    0.0007
    0.1000

  -1.0000e+09

    4.8360

End of this iteration
x-value
    0.0311
    0.0455
    0.0730
    0.0959
    0.0708
    0.1179
    0.0019
    0.0053
         0
         0
    0.0000
         0
    0.0000
         0
    0.0000
         0
         0
    0.0000
         0
    0.0000
    0.0040
    0.0026
    0.0000
         0
         0
    0.0021
         0
         0
    0.0020
         0
    0.0007
    0.0001
         0
         0
         0
    0.0007
    0.1000

  -1.0000e+09

    4.8360

End of this iteration
x-value
    0.0311
    0.0455
    0.0730
    0.0959
    0.0708
    0.1179
    0.0019
    0.0053
         0
    0.0000
         0
    0.0000
    0.0000
         0
         0
         0
    0.0000
         0
         0
    0.0000
    0.0040
    0.0026
    0.0000
    0.0000
         0
    0.0021
         0
    0.0000
    0.0020
    0.0000
    0.0007
    0.0001
         0
         0
         0
    0.0007
    0.1000

  -1.0000e+09

    4.8360

End of this iteration
x-value
    0.0312
    0.0457
    0.0730
    0.0959
    0.0709
    0.1179
    0.0018
    0.0052
    0.0000
         0
         0
    0.0000
         0
         0
         0
    0.0000
         0
    0.0000
    0.0000
    0.0000
    0.0025
    0.0019
    0.0000
    0.0000
         0
         0
    0.0000
         0
    0.0013
         0
    0.0012
    0.0013
         0
         0
         0
    0.0018
    0.1000

  -1.0000e+09

    4.8360

End of this iteration
x-value
    0.0311
    0.0455
    0.0730
    0.0959
    0.0708
    0.1179
    0.0019
    0.0053
    0.0000
    0.0000
         0
    0.0000
    0.0000
    0.0000
         0
         0
         0
         0
    0.0000
         0
    0.0040
    0.0026
    0.0000
         0
         0
    0.0021
    0.0000
    0.0000
    0.0020
         0
    0.0007
    0.0001
         0
         0
         0
    0.0007
    0.1000

  -1.0000e+09

    4.8360

End of this iteration
x-value
    0.0311
    0.0455
    0.0730
    0.0959
    0.0708
    0.1179
    0.0019
    0.0053
         0
         0
    0.0000
    0.0000
    0.0000
         0
    0.0000
         0
    0.0000
    0.0000
    0.0000
         0
    0.0040
    0.0026
         0
         0
         0
    0.0021
         0
         0
    0.0020
    0.0000
    0.0007
    0.0001
         0
         0
         0
    0.0007
    0.1000

  -1.0000e+09

    4.8360

End of this iteration
x-value
    0.0381
    0.0563
    0.0883
    0.1254
    0.0804
    0.1110
    0.0019
    0.0071
         0
    0.0000
         0
    0.0000
         0
         0
    0.0041
         0
         0
    0.0000
    0.0073
    0.0000
    0.0000
    0.0000
         0
         0
    0.0018
    0.0000
         0
    0.0000
         0
         0
    0.0000
         0
    0.0049
    0.0034
    0.0031
    0.0029
    0.1000

  -1.0000e+09

    4.8215

End of this iteration
x-value
    0.0305
    0.0456
    0.0733
    0.0960
    0.0710
    0.1179
    0.0033
    0.0053
         0
         0
    0.0000
    0.0000
         0
         0
    0.0000
         0
    0.0000
    0.0000
         0
         0
    0.0040
    0.0026
    0.0000
    0.0000
         0
    0.0023
         0
         0
    0.0020
    0.0000
    0.0007
         0
         0
         0
    0.0000
    0.0007
    0.1000

  -1.0000e+09

    4.8359

End of this iteration
x-value
    0.3117
    0.3713
    0.7311
    0.9510
    0.5105
    0.9318
    0.0010
    0.0590
    0.0000
    0.0000
    0.0000
    0.0000
    0.0059
         0
    0.0012
    0.0000
         0
         0
    0.0164
         0
    0.0000
         0
         0
         0
         0
         0
    0.0028
    0.0016
         0
    0.0000
    0.0000
    0.0000
    0.0033
    0.0028
    0.0040
    0.0036
    0.1000

  -1.0000e+09

   17.8261

End of this iteration
x-value
    0.8789
    1.2008
    2.0494
    2.8116
    1.4693
    2.7980
         0
    0.1301
         0
    0.0000
         0
    0.0000
    0.0276
    0.0000
         0
    0.0000
         0
         0
    0.0160
         0
         0
         0
         0
         0
         0
         0
    0.0044
    0.0021
    0.0000
    0.0000
    0.0000
    0.0000
    0.0022
    0.0026
    0.0043
    0.0038
    0.1000

  -1.0000e+09

   41.0543

End of this iteration
x-value
    0.0147
    0.0192
    0.0341
    0.0404
    0.0395
    0.0785
    0.0014
    0.0059
    0.0000
    0.0025
    0.0000
    0.0000
    0.0000
         0
    0.0034
    0.0039
    0.0000
         0
    0.0000
         0
    0.0007
         0
         0
    0.0000
    0.0000
         0
         0
    0.0000
    0.0000
         0
    0.0011
    0.0000
         0
         0
         0
         0
    0.1000

  -1.0000e+09

    4.8698

End of this iteration
x-value
    0.0261
    0.0379
    0.0609
    0.0797
    0.0591
    0.0976
    0.0016
    0.0047
         0
         0
         0
    0.0000
         0
         0
         0
         0
    0.0000
    0.0000
         0
         0
    0.0037
    0.0024
         0
         0
    0.0000
    0.0017
    0.0000
         0
    0.0019
         0
    0.0008
    0.0003
         0
    0.0000
         0
    0.0006
    0.1000

  -1.0000e+09

    4.8464

End of this iteration
x-value
    0.0311
    0.0455
    0.0730
    0.0959
    0.0708
    0.1179
    0.0019
    0.0053
         0
    0.0000
    0.0000
         0
         0
         0
    0.0000
         0
         0
         0
         0
         0
    0.0040
    0.0026
    0.0000
    0.0000
    0.0000
    0.0021
         0
    0.0000
    0.0020
         0
    0.0007
    0.0001
         0
         0
         0
    0.0007
    0.1000

  -1.0000e+09

    4.8360

End of this iteration
x-value
    0.0052
    0.0063
    0.0105
    0.0123
    0.0082
    0.0104
    0.0005
    0.0018
         0
    0.0000
         0
         0
         0
    0.0000
         0
         0
    0.0000
    0.0000
         0
         0
         0
    0.0014
         0
    0.0000
         0
         0
    0.0017
    0.0000
         0
         0
    0.0016
    0.0015
    0.0000
         0
    0.0016
    0.0019
    0.1000

  -1.0000e+09

    4.8898

End of this iteration
x-value
    0.0262
    0.0381
    0.0610
    0.0797
    0.0591
    0.0976
    0.0015
    0.0045
         0
         0
    0.0000
         0
    0.0000
         0
    0.0000
         0
    0.0000
         0
         0
    0.0000
    0.0015
    0.0025
         0
    0.0000
         0
         0
    0.0000
    0.0000
         0
         0
    0.0010
    0.0012
         0
         0
    0.0016
    0.0020
    0.1000

  -1.0000e+09

    4.8464

End of this iteration
x-value
    0.0311
    0.0455
    0.0730
    0.0959
    0.0708
    0.1179
    0.0019
    0.0053
         0
    0.0000
    0.0000
         0
         0
    0.0000
    0.0000
         0
    0.0000
         0
         0
    0.0000
    0.0040
    0.0026
         0
    0.0000
         0
    0.0021
         0
    0.0000
    0.0020
    0.0000
    0.0007
    0.0001
         0
         0
         0
    0.0007
    0.1000

  -1.0000e+09

    4.8360

End of this iteration
x-value
    0.0188
    0.0267
    0.0435
    0.0554
    0.0444
    0.0785
    0.0013
    0.0038
    0.0000
         0
         0
         0
         0
         0
         0
         0
    0.0000
    0.0000
         0
         0
    0.0041
    0.0024
    0.0000
         0
    0.0010
    0.0020
    0.0000
    0.0000
    0.0020
    0.0000
         0
    0.0002
         0
         0
         0
    0.0006
    0.1000

  -1.0000e+09

    4.8616

End of this iteration
x-value
    0.0311
    0.0455
    0.0730
    0.0959
    0.0708
    0.1179
    0.0019
    0.0053
    0.0000
    0.0000
         0
    0.0000
         0
         0
    0.0000
         0
         0
    0.0000
         0
         0
    0.0040
    0.0026
         0
    0.0000
    0.0000
    0.0021
    0.0000
    0.0000
    0.0020
         0
    0.0007
    0.0001
         0
         0
         0
    0.0007
    0.1000

  -1.0000e+09

    4.8360

End of this iteration
x-value
    0.0311
    0.0455
    0.0730
    0.0959
    0.0708
    0.1179
    0.0019
    0.0053
         0
         0
         0
    0.0000
    0.0000
    0.0000
    0.0000
         0
         0
         0
    0.0000
         0
    0.0040
    0.0026
         0
         0
    0.0000
    0.0021
         0
    0.0000
    0.0020
    0.0000
    0.0007
    0.0001
         0
         0
         0
    0.0007
    0.1000

  -1.0000e+09

    4.8360

End of this iteration
x-value
    0.0732
    0.1085
    0.1745
    0.2250
    0.1912
    0.3901
    0.0039
    0.0107
    0.0000
    0.0000
         0
    0.0000
    0.0000
         0
    0.0000
    0.0016
    0.0000
    0.0000
         0
    0.0000
    0.0048
    0.0026
         0
         0
    0.0013
    0.0034
    0.0000
         0
    0.0027
         0
    0.0000
    0.0000
    0.0015
    0.0008
         0
    0.0006
    0.1000

  -1.0000e+09

    7.7457

End of this iteration
x-value
    0.0311
    0.0455
    0.0730
    0.0959
    0.0708
    0.1179
    0.0019
    0.0053
    0.0000
         0
         0
    0.0000
         0
         0
    0.0000
         0
    0.0000
         0
         0
         0
    0.0040
    0.0026
    0.0000
         0
         0
    0.0021
    0.0000
         0
    0.0020
    0.0000
    0.0007
    0.0001
         0
         0
         0
    0.0007
    0.1000

  -1.0000e+09

    4.8360

End of this iteration
x-value
    0.0005
    0.0282
    0.0285
    0.0541
    0.0389
    0.0770
    0.0041
    0.0015
         0
    0.0000
    0.0000
         0
         0
    0.0000
         0
    0.0000
    0.0000
         0
    0.0000
    0.0000
    0.0056
    0.0014
    0.0000
    0.0000
    0.0000
         0
         0
         0
         0
    0.0000
         0
         0
    0.0000
    0.0000
    0.0018
         0
    0.1000

  -1.0000e+09

    4.8794

End of this iteration
x-value
    0.0311
    0.0455
    0.0729
    0.0959
    0.0708
    0.1179
    0.0019
    0.0053
    0.0000
         0
    0.0000
    0.0000
    0.0000
    0.0000
    0.0000
         0
    0.0000
         0
    0.0000
    0.0000
    0.0040
    0.0026
         0
         0
    0.0012
    0.0019
    0.0000
         0
    0.0020
         0
    0.0000
    0.0001
         0
         0
    0.0000
    0.0007
    0.1000

  -1.0000e+09

    4.8360

End of this iteration
x-value
    0.0328
    0.0772
    0.0713
    0.1225
    0.0869
    0.1646
    0.0000
    0.0000
         0
    0.0000
    0.0000
    0.0000
         0
         0
    0.0039
    0.0013
         0
         0
    0.0000
    0.0000
         0
    0.0000
         0
         0
    0.0031
         0
    0.0000
         0
    0.0018
    0.0000
         0
         0
    0.0036
    0.0014
         0
    0.0023
    0.1000

  -1.0000e+09

    4.8198

End of this iteration
x-value
    0.0255
    0.0369
    0.0595
    0.0772
    0.0598
    0.0974
    0.0016
    0.0046
         0
    0.0000
         0
    0.0000
    0.0000
    0.0000
         0
         0
         0
    0.0000
         0
         0
    0.0039
    0.0025
    0.0000
    0.0000
         0
    0.0020
         0
    0.0000
    0.0020
         0
    0.0007
    0.0002
         0
         0
         0
    0.0007
    0.1000

  -1.0000e+09

    4.8477

End of this iteration
x-value
    0.0311
    0.0455
    0.0730
    0.0959
    0.0708
    0.1179
    0.0019
    0.0053
         0
         0
    0.0000
    0.0000
    0.0000
    0.0000
         0
         0
    0.0000
    0.0000
         0
    0.0000
    0.0040
    0.0026
    0.0000
    0.0000
         0
    0.0021
    0.0000
         0
    0.0020
         0
    0.0007
    0.0001
         0
    0.0000
         0
    0.0007
    0.1000

  -1.0000e+09

    4.8360

End of this iteration
x-value
    0.0311
    0.0455
    0.0730
    0.0959
    0.0708
    0.1179
    0.0019
    0.0053
    0.0000
    0.0000
         0
    0.0000
         0
    0.0000
    0.0000
         0
         0
         0
         0
         0
    0.0040
    0.0026
         0
         0
         0
    0.0021
    0.0000
    0.0000
    0.0020
         0
    0.0007
    0.0001
         0
         0
    0.0000
    0.0007
    0.1000

  -1.0000e+09

    4.8360

End of this iteration
x-value
    0.0311
    0.0455
    0.0730
    0.0959
    0.0708
    0.1179
    0.0019
    0.0053
         0
    0.0000
    0.0000
    0.0000
         0
    0.0000
         0
         0
    0.0000
         0
    0.0000
    0.0000
    0.0040
    0.0026
    0.0000
         0
    0.0000
    0.0021
         0
    0.0000
    0.0020
    0.0000
    0.0007
    0.0001
         0
         0
    0.0000
    0.0007
    0.1000

  -1.0000e+09

    4.8360

End of this iteration
x-value
    0.0311
    0.0455
    0.0730
    0.0959
    0.0708
    0.1179
    0.0019
    0.0053
         0
    0.0000
         0
         0
         0
         0
         0
         0
         0
    0.0000
    0.0000
         0
    0.0040
    0.0026
    0.0000
         0
    0.0000
    0.0021
    0.0000
         0
    0.0020
    0.0000
    0.0007
    0.0001
         0
         0
    0.0000
    0.0007
    0.1000

  -1.0000e+09

    4.8360

End of this iteration
x-value
    0.0427
    0.0982
    0.0938
    0.1588
    0.1124
    0.2127
    0.0000
         0
         0
         0
    0.0000
         0
         0
         0
    0.0045
    0.0013
         0
         0
    0.0000
         0
    0.0000
         0
         0
         0
    0.0031
    0.0000
         0
         0
    0.0018
         0
         0
    0.0000
    0.0036
    0.0015
    0.0000
    0.0024
    0.1000

  -1.0000e+09

    4.7968

End of this iteration
x-value
    0.6502
    0.9479
    1.5236
    1.9888
    1.7118
    3.8206
         0
    0.0976
         0
         0
    0.0000
         0
    0.0265
    0.0000
    0.0433
    0.0344
         0
         0
    0.0090
    0.0102
    0.0041
    0.0000
         0
         0
         0
    0.0026
         0
         0
    0.0038
    0.0016
         0
    0.0000
    0.0028
    0.0032
         0
         0
    0.1000

  -1.0000e+09

   38.3502

End of this iteration
x-value
    0.0311
    0.0455
    0.0730
    0.0959
    0.0708
    0.1179
    0.0019
    0.0053
    0.0000
    0.0000
         0
    0.0000
    0.0000
    0.0000
    0.0000
         0
    0.0000
    0.0000
         0
         0
    0.0040
    0.0026
    0.0000
    0.0000
    0.0000
    0.0021
         0
         0
    0.0020
    0.0000
    0.0007
    0.0001
         0
         0
         0
    0.0007
    0.1000

  -1.0000e+09

    4.8360

End of this iteration
x-value
    0.0311
    0.0455
    0.0730
    0.0959
    0.0708
    0.1179
    0.0019
    0.0053
    0.0000
    0.0000
         0
    0.0000
         0
         0
         0
         0
         0
         0
    0.0000
    0.0000
    0.0040
    0.0026
    0.0000
         0
    0.0000
    0.0021
         0
         0
    0.0020
    0.0000
    0.0007
    0.0001
         0
         0
         0
    0.0007
    0.1000

  -1.0000e+09

    4.8360

End of this iteration
x-value
    0.0311
    0.0455
    0.0730
    0.0959
    0.0708
    0.1179
    0.0019
    0.0053
    0.0000
    0.0000
         0
    0.0000
    0.0000
         0
         0
         0
         0
         0
    0.0000
         0
    0.0040
    0.0026
         0
    0.0000
         0
    0.0021
    0.0000
         0
    0.0020
         0
    0.0007
    0.0001
         0
         0
         0
    0.0007
    0.1000

  -1.0000e+09

    4.8360

End of this iteration
x-value
    0.0311
    0.0455
    0.0730
    0.0959
    0.0708
    0.1179
    0.0019
    0.0053
    0.0000
         0
    0.0000
         0
    0.0000
    0.0000
    0.0000
         0
    0.0000
         0
         0
         0
    0.0040
    0.0026
         0
         0
    0.0000
    0.0021
    0.0000
         0
    0.0020
         0
    0.0007
    0.0001
         0
         0
    0.0000
    0.0007
    0.1000

  -1.0000e+09

    4.8360

End of this iteration
x-value
    0.0337
    0.0495
    0.0792
    0.1043
    0.0769
    0.1285
    0.0020
    0.0056
         0
         0
         0
         0
    0.0000
         0
         0
         0
         0
         0
    0.0000
         0
    0.0041
    0.0027
         0
         0
    0.0004
    0.0023
         0
    0.0000
    0.0020
         0
    0.0004
         0
         0
         0
         0
    0.0007
    0.1000

  -1.0000e+09

    4.8254

End of this iteration
x-value
    0.0337
    0.0495
    0.0792
    0.1043
    0.0769
    0.1285
    0.0020
    0.0056
    0.0000
         0
         0
    0.0000
    0.0000
    0.0000
         0
         0
    0.0000
    0.0000
         0
         0
    0.0041
    0.0027
         0
         0
    0.0004
    0.0023
    0.0000
         0
    0.0020
    0.0000
    0.0004
         0
         0
         0
         0
    0.0007
    0.1000

  -1.0000e+09

    4.8254

End of this iteration
x-value
    0.0312
    0.0458
    0.0731
    0.0960
    0.0709
    0.1179
    0.0018
    0.0050
    0.0000
         0
    0.0000
         0
         0
    0.0000
         0
         0
         0
    0.0000
         0
         0
    0.0011
    0.0016
         0
    0.0000
         0
    0.0000
         0
         0
         0
         0
    0.0020
    0.0018
    0.0021
         0
    0.0018
    0.0019
    0.1000

  -1.0000e+09

    4.8359

End of this iteration
x-value
    0.0312
    0.0457
    0.0730
    0.0960
    0.0709
    0.1179
    0.0018
    0.0051
    0.0000
         0
    0.0000
    0.0000
    0.0000
    0.0000
    0.0000
         0
         0
         0
         0
         0
    0.0021
    0.0017
    0.0000
    0.0000
    0.0000
         0
    0.0000
         0
    0.0004
         0
    0.0011
    0.0012
         0
         0
    0.0010
    0.0019
    0.1000

  -1.0000e+09

    4.8360

End of this iteration
x-value
    0.0484
    0.0716
    0.1135
    0.1557
    0.1002
    0.1357
    0.0027
    0.0083
    0.0000
    0.0000
         0
    0.0000
         0
    0.0000
    0.0042
         0
         0
    0.0000
    0.0073
    0.0000
         0
    0.0000
    0.0000
    0.0000
    0.0019
    0.0000
    0.0000
         0
         0
    0.0000
    0.0000
         0
    0.0049
    0.0034
    0.0031
    0.0029
    0.1000

  -1.0000e+09

    4.8002

End of this iteration
x-value
    0.0484
    0.0716
    0.1135
    0.1557
    0.1002
    0.1357
    0.0027
    0.0083
    0.0000
    0.0000
    0.0000
    0.0000
         0
    0.0000
    0.0042
    0.0000
         0
    0.0000
    0.0073
         0
    0.0000
         0
    0.0000
         0
    0.0019
    0.0000
         0
         0
    0.0000
    0.0000
         0
    0.0000
    0.0049
    0.0034
    0.0031
    0.0029
    0.1000

  -1.0000e+09

    4.8002

End of this iteration
x-value
    0.0261
    0.0379
    0.0609
    0.0797
    0.0591
    0.0976
    0.0016
    0.0047
    0.0000
         0
         0
    0.0000
         0
         0
         0
         0
    0.0000
    0.0000
         0
         0
    0.0037
    0.0024
    0.0000
    0.0000
         0
    0.0017
         0
         0
    0.0019
    0.0000
    0.0008
    0.0003
         0
         0
         0
    0.0006
    0.1000

  -1.0000e+09

    4.8464

End of this iteration
x-value
    0.0311
    0.0455
    0.0730
    0.0959
    0.0708
    0.1179
    0.0019
    0.0053
    0.0000
    0.0000
         0
         0
         0
    0.0000
    0.0000
         0
         0
    0.0000
    0.0000
    0.0000
    0.0040
    0.0026
    0.0000
         0
    0.0000
    0.0021
    0.0000
         0
    0.0020
    0.0000
    0.0007
    0.0001
         0
         0
         0
    0.0007
    0.1000

  -1.0000e+09

    4.8360

End of this iteration
x-value
    0.0427
    0.0982
    0.0938
    0.1588
    0.1124
    0.2127
    0.0000
    0.0000
    0.0000
         0
    0.0000
    0.0000
    0.0000
         0
    0.0045
    0.0013
    0.0000
         0
         0
    0.0000
    0.0000
         0
         0
    0.0000
    0.0031
    0.0000
         0
    0.0000
    0.0018
         0
         0
         0
    0.0036
    0.0015
         0
    0.0024
    0.1000

  -1.0000e+09

    4.7968

End of this iteration
x-value
    0.0051
    0.0062
    0.0103
    0.0125
    0.0038
    0.0075
    0.0005
    0.0018
    0.0000
    0.0000
    0.0029
    0.0000
         0
         0
         0
         0
         0
    0.0001
         0
    0.0000
         0
         0
    0.0000
    0.0018
    0.0000
         0
    0.0025
         0
         0
         0
    0.0018
    0.0017
         0
    0.0004
    0.0023
         0
    0.1000

  -1.0000e+09

    4.8900

End of this iteration
x-value
    0.0337
    0.0495
    0.0792
    0.1043
    0.0769
    0.1285
    0.0020
    0.0056
    0.0000
         0
    0.0000
         0
         0
         0
         0
         0
    0.0000
         0
    0.0000
    0.0000
    0.0041
    0.0027
         0
         0
    0.0004
    0.0023
         0
         0
    0.0020
    0.0000
    0.0004
         0
         0
         0
    0.0000
    0.0007
    0.1000

  -1.0000e+09

    4.8306

End of this iteration
x-value
    0.0337
    0.0495
    0.0792
    0.1043
    0.0769
    0.1285
    0.0020
    0.0056
         0
    0.0000
         0
         0
    0.0000
         0
         0
         0
         0
    0.0000
         0
         0
    0.0041
    0.0027
    0.0000
         0
    0.0004
    0.0023
         0
         0
    0.0020
         0
    0.0004
         0
         0
         0
    0.0000
    0.0007
    0.1000

  -1.0000e+09

    4.8306

End of this iteration
x-value
    0.0261
    0.0379
    0.0609
    0.0797
    0.0591
    0.0976
    0.0016
    0.0047
         0
         0
    0.0000
    0.0000
         0
    0.0000
         0
         0
         0
         0
         0
         0
    0.0037
    0.0024
    0.0000
    0.0000
    0.0000
    0.0011
         0
         0
    0.0022
         0
    0.0010
    0.0007
         0
         0
    0.0002
    0.0023
    0.1000

  -1.0000e+09

    4.8464

End of this iteration
x-value
    0.0311
    0.0455
    0.0729
    0.0959
    0.0708
    0.1179
    0.0019
    0.0053
    0.0000
    0.0000
    0.0000
         0
         0
         0
    0.0000
         0
         0
         0
         0
         0
    0.0040
    0.0026
         0
         0
    0.0003
    0.0021
    0.0000
         0
    0.0020
    0.0000
    0.0006
    0.0000
         0
         0
         0
    0.0007
    0.1000

  -1.0000e+09

    4.8360

End of this iteration
x-value
    0.0311
    0.0455
    0.0730
    0.0959
    0.0708
    0.1179
    0.0019
    0.0053
    0.0000
    0.0000
         0
    0.0000
         0
    0.0000
    0.0000
         0
    0.0000
    0.0000
    0.0000
         0
    0.0040
    0.0026
         0
         0
         0
    0.0021
    0.0000
         0
    0.0020
    0.0000
    0.0007
    0.0001
         0
         0
         0
    0.0007
    0.1000

  -1.0000e+09

    4.8360

End of this iteration
x-value
    0.0311
    0.0455
    0.0730
    0.0959
    0.0708
    0.1179
    0.0019
    0.0053
    0.0000
    0.0000
         0
    0.0000
         0
         0
    0.0000
         0
         0
    0.0000
    0.0000
         0
    0.0040
    0.0026
    0.0000
    0.0000
    0.0000
    0.0021
         0
         0
    0.0020
    0.0000
    0.0007
    0.0001
         0
         0
         0
    0.0007
    0.1000

  -1.0000e+09

    4.8360

End of this iteration
x-value
    0.0311
    0.0455
    0.0730
    0.0959
    0.0708
    0.1179
    0.0019
    0.0053
         0
         0
    0.0000
    0.0000
         0
    0.0000
         0
         0
         0
         0
    0.0000
         0
    0.0040
    0.0026
    0.0000
    0.0000
         0
    0.0021
         0
         0
    0.0020
    0.0000
    0.0007
    0.0001
         0
         0
    0.0000
    0.0007
    0.1000

  -1.0000e+09

    4.8360

End of this iteration
x-value
    0.0053
    0.0060
    0.0106
    0.0123
    0.0073
    0.0107
    0.0004
    0.0023
    0.0000
         0
    0.0015
         0
         0
    0.0000
    0.0000
    0.0017
    0.0000
         0
         0
         0
    0.0021
         0
    0.0000
         0
    0.0000
    0.0021
    0.0000
         0
    0.0016
    0.0000
    0.0005
         0
    0.0002
         0
         0
         0
    0.1000

  -1.0000e+09

    4.8898

End of this iteration
x-value
    0.0311
    0.0455
    0.0730
    0.0959
    0.0708
    0.1179
    0.0019
    0.0053
         0
         0
         0
    0.0000
    0.0000
    0.0000
    0.0000
         0
         0
         0
         0
         0
    0.0040
    0.0026
         0
         0
         0
    0.0021
         0
         0
    0.0020
    0.0000
    0.0007
    0.0001
         0
         0
         0
    0.0007
    0.1000

  -1.0000e+09

    4.8360

End of this iteration
x-value
    0.0261
    0.0379
    0.0609
    0.0797
    0.0591
    0.0976
    0.0016
    0.0047
    0.0000
         0
         0
    0.0000
         0
         0
    0.0000
         0
         0
         0
         0
    0.0000
    0.0037
    0.0024
    0.0000
         0
    0.0000
    0.0017
    0.0000
         0
    0.0019
         0
    0.0008
    0.0003
         0
         0
         0
    0.0006
    0.1000

  -1.0000e+09

    4.8464

End of this iteration
x-value
    0.0261
    0.0379
    0.0609
    0.0797
    0.0591
    0.0976
    0.0016
    0.0047
    0.0000
    0.0000
    0.0000
    0.0000
         0
    0.0000
         0
         0
    0.0000
    0.0000
         0
    0.0000
    0.0037
    0.0024
         0
    0.0000
    0.0000
    0.0017
         0
         0
    0.0019
    0.0000
    0.0008
    0.0003
         0
         0
         0
    0.0006
    0.1000

  -1.0000e+09

    4.8464

End of this iteration
x-value
    0.0311
    0.0455
    0.0729
    0.0959
    0.0708
    0.1179
    0.0019
    0.0053
    0.0000
    0.0000
    0.0000
         0
         0
    0.0000
         0
         0
         0
    0.0000
         0
         0
    0.0040
    0.0026
    0.0000
    0.0000
    0.0000
    0.0015
         0
    0.0000
    0.0023
         0
    0.0009
    0.0005
         0
         0
    0.0001
    0.0024
    0.1000

  -1.0000e+09

    4.8360

End of this iteration
x-value
    0.0311
    0.0455
    0.0730
    0.0959
    0.0708
    0.1179
    0.0019
    0.0053
         0
    0.0000
    0.0000
         0
         0
    0.0000
    0.0000
         0
         0
         0
         0
         0
    0.0040
    0.0026
         0
    0.0000
    0.0000
    0.0021
    0.0000
         0
    0.0020
    0.0000
    0.0007
    0.0001
         0
         0
         0
    0.0007
    0.1000

  -1.0000e+09

    4.8360

End of this iteration
x-value
    0.0311
    0.0455
    0.0730
    0.0959
    0.0708
    0.1179
    0.0019
    0.0053
    0.0000
         0
    0.0000
         0
         0
    0.0000
    0.0000
         0
    0.0000
         0
    0.0000
         0
    0.0040
    0.0026
         0
    0.0000
    0.0000
    0.0021
         0
         0
    0.0020
    0.0000
    0.0007
    0.0001
         0
         0
         0
    0.0007
    0.1000

  -1.0000e+09

    4.8360

End of this iteration
x-value
    0.0311
    0.0455
    0.0730
    0.0959
    0.0708
    0.1179
    0.0019
    0.0053
         0
    0.0000
         0
         0
    0.0000
    0.0000
         0
         0
         0
         0
    0.0000
         0
    0.0040
    0.0026
    0.0000
         0
         0
    0.0021
         0
    0.0000
    0.0020
         0
    0.0007
    0.0001
         0
         0
         0
    0.0007
    0.1000

  -1.0000e+09

    4.8360

End of this iteration
x-value
    0.0261
    0.0379
    0.0609
    0.0797
    0.0591
    0.0976
    0.0016
    0.0047
    0.0000
         0
         0
    0.0000
         0
    0.0000
    0.0000
         0
    0.0000
    0.0000
    0.0000
    0.0000
    0.0038
    0.0024
         0
         0
    0.0000
    0.0016
         0
    0.0000
    0.0022
         0
    0.0011
    0.0002
         0
         0
    0.0000
         0
    0.1000

  -1.0000e+09

    4.8464

End of this iteration
x-value
    0.0337
    0.0495
    0.0792
    0.1043
    0.0769
    0.1285
    0.0020
    0.0056
    0.0000
    0.0000
         0
         0
         0
    0.0000
         0
         0
    0.0000
    0.0000
         0
         0
    0.0041
    0.0027
         0
    0.0000
         0
    0.0023
         0
         0
    0.0020
    0.0000
         0
    0.0005
         0
    0.0000
         0
    0.0007
    0.1000

  -1.0000e+09

    4.8306

End of this iteration
x-value
    0.0337
    0.0495
    0.0792
    0.1043
    0.0769
    0.1285
    0.0020
    0.0056
    0.0000
         0
         0
    0.0000
    0.0000
         0
    0.0000
         0
    0.0000
    0.0000
    0.0000
    0.0000
    0.0041
    0.0027
         0
    0.0000
         0
    0.0023
    0.0000
         0
    0.0020
         0
    0.0000
    0.0005
         0
         0
    0.0000
    0.0007
    0.1000

  -1.0000e+09

    4.8306

End of this iteration
x-value
    0.0261
    0.0379
    0.0609
    0.0797
    0.0591
    0.0976
    0.0016
    0.0047
         0
         0
    0.0000
    0.0000
         0
         0
         0
         0
         0
    0.0000
         0
         0
    0.0037
    0.0024
         0
    0.0000
    0.0000
    0.0017
    0.0000
         0
    0.0019
    0.0000
    0.0008
    0.0003
         0
         0
    0.0000
    0.0006
    0.1000

  -1.0000e+09

    4.8464

End of this iteration
x-value
    0.0311
    0.0455
    0.0730
    0.0959
    0.0708
    0.1179
    0.0019
    0.0053
    0.0000
         0
         0
         0
    0.0000
    0.0000
         0
         0
    0.0000
         0
         0
    0.0000
    0.0040
    0.0026
    0.0000
    0.0000
         0
    0.0021
    0.0000
    0.0000
    0.0020
         0
    0.0007
    0.0001
         0
         0
         0
    0.0007
    0.1000

  -1.0000e+09

    4.8360

End of this iteration
x-value
    0.0311
    0.0455
    0.0730
    0.0959
    0.0708
    0.1179
    0.0019
    0.0053
    0.0000
    0.0000
         0
    0.0000
    0.0000
         0
    0.0000
         0
    0.0000
         0
    0.0000
    0.0000
    0.0040
    0.0026
         0
         0
         0
    0.0021
    0.0000
    0.0000
    0.0020
         0
    0.0007
    0.0001
         0
         0
         0
    0.0007
    0.1000

  -1.0000e+09

    4.8360

End of this iteration
x-value
    0.0311
    0.0455
    0.0730
    0.0959
    0.0708
    0.1179
    0.0019
    0.0053
    0.0000
    0.0000
         0
         0
         0
         0
         0
         0
    0.0000
         0
         0
         0
    0.0040
    0.0026
    0.0000
         0
         0
    0.0021
         0
         0
    0.0020
         0
    0.0007
    0.0001
         0
    0.0000
    0.0000
    0.0007
    0.1000

  -1.0000e+09

    4.8360

End of this iteration
x-value
    0.0311
    0.0455
    0.0730
    0.0959
    0.0708
    0.1179
    0.0019
    0.0053
         0
    0.0000
         0
    0.0000
         0
    0.0000
    0.0000
         0
         0
         0
         0
    0.0000
    0.0040
    0.0026
         0
    0.0000
         0
    0.0021
         0
         0
    0.0020
         0
    0.0007
    0.0001
         0
    0.0000
    0.0000
    0.0007
    0.1000

  -1.0000e+09

    4.8360

End of this iteration
x-value
    0.0312
    0.0457
    0.0730
    0.0960
    0.0709
    0.1179
    0.0018
    0.0051
         0
         0
    0.0000
    0.0000
         0
    0.0000
         0
         0
         0
         0
    0.0000
         0
    0.0023
    0.0018
    0.0000
         0
    0.0014
         0
    0.0000
    0.0000
    0.0004
         0
         0
    0.0013
         0
    0.0000
    0.0011
    0.0019
    0.1000

  -1.0000e+09

    4.8360

End of this iteration
x-value
    0.0261
    0.0379
    0.0609
    0.0797
    0.0591
    0.0976
    0.0016
    0.0047
         0
         0
    0.0000
    0.0000
         0
    0.0000
         0
         0
         0
    0.0000
         0
    0.0000
    0.0037
    0.0024
    0.0000
    0.0000
    0.0000
    0.0017
    0.0000
    0.0000
    0.0019
    0.0000
    0.0008
    0.0003
         0
         0
         0
    0.0006
    0.1000

  -1.0000e+09

    4.8464

End of this iteration
x-value
    0.0311
    0.0455
    0.0730
    0.0959
    0.0708
    0.1179
    0.0019
    0.0053
    0.0000
    0.0000
    0.0000
    0.0000
    0.0000
    0.0000
         0
         0
    0.0000
    0.0000
    0.0000
    0.0000
    0.0040
    0.0026
         0
         0
    0.0000
    0.0021
    0.0000
    0.0000
    0.0020
         0
    0.0007
    0.0001
         0
         0
         0
    0.0007
    0.1000

  -1.0000e+09

    4.8360

End of this iteration
x-value
    0.0311
    0.0455
    0.0730
    0.0959
    0.0708
    0.1179
    0.0019
    0.0053
         0
         0
         0
    0.0000
    0.0000
    0.0000
         0
         0
         0
         0
         0
    0.0000
    0.0040
    0.0026
         0
         0
    0.0000
    0.0021
    0.0000
         0
    0.0020
    0.0000
    0.0007
    0.0001
         0
    0.0000
         0
    0.0007
    0.1000

  -1.0000e+09

    4.8360

End of this iteration
x-value
    0.0312
    0.0457
    0.0730
    0.0960
    0.0708
    0.1179
    0.0018
    0.0051
    0.0000
         0
    0.0000
         0
         0
         0
         0
    0.0000
         0
         0
         0
         0
    0.0017
    0.0026
         0
         0
         0
         0
         0
         0
    0.0006
         0
    0.0011
    0.0012
         0
         0
    0.0009
    0.0021
    0.1000

  -1.0000e+09

    4.8360

End of this iteration
x-value
    0.0258
    0.0368
    0.0608
    0.0796
    0.0591
    0.0977
    0.0020
    0.0062
         0
    0.0000
         0
         0
    0.0000
    0.0000
         0
         0
         0
    0.0000
         0
         0
    0.0000
         0
    0.0000
    0.0000
    0.0000
    0.0000
    0.0019
    0.0000
    0.0000
         0
    0.0004
    0.0000
    0.0000
         0
    0.0019
         0
    0.1000

  -1.0000e+09

    4.8468

End of this iteration
x-value
    0.0331
    0.0496
    0.0796
    0.1045
    0.0771
    0.1284
    0.0034
    0.0056
    0.0000
    0.0000
    0.0000
    0.0000
    0.0000
         0
         0
         0
    0.0000
         0
         0
    0.0000
    0.0044
    0.0027
    0.0000
         0
    0.0000
    0.0029
    0.0000
         0
    0.0023
    0.0000
    0.0004
         0
         0
    0.0013
    0.0000
    0.0015
    0.1000

  -1.0000e+09

    4.8305

End of this iteration
x-value
    0.0311
    0.0455
    0.0730
    0.0959
    0.0708
    0.1179
    0.0019
    0.0053
         0
    0.0000
    0.0000
         0
    0.0000
    0.0000
    0.0000
         0
    0.0000
    0.0000
    0.0000
         0
    0.0040
    0.0026
         0
         0
    0.0000
    0.0021
    0.0000
         0
    0.0020
    0.0000
    0.0007
    0.0001
         0
    0.0000
         0
    0.0007
    0.1000

  -1.0000e+09

    4.8360

End of this iteration
x-value
    0.0311
    0.0455
    0.0730
    0.0959
    0.0708
    0.1179
    0.0019
    0.0053
         0
    0.0000
         0
         0
         0
    0.0000
    0.0000
         0
    0.0000
    0.0000
         0
    0.0000
    0.0040
    0.0026
    0.0000
    0.0000
         0
    0.0021
    0.0000
         0
    0.0020
    0.0000
    0.0007
    0.0001
         0
         0
         0
    0.0007
    0.1000

  -1.0000e+09

    4.8360

End of this iteration
x-value
    0.0311
    0.0455
    0.0730
    0.0959
    0.0708
    0.1179
    0.0019
    0.0053
    0.0000
         0
         0
         0
         0
         0
    0.0000
         0
         0
    0.0000
         0
    0.0000
    0.0040
    0.0026
    0.0000
         0
    0.0000
    0.0021
    0.0000
         0
    0.0020
    0.0000
    0.0007
    0.0001
         0
         0
         0
    0.0007
    0.1000

  -1.0000e+09

    4.8360

End of this iteration
x-value
    0.0261
    0.0379
    0.0609
    0.0797
    0.0591
    0.0976
    0.0016
    0.0047
         0
         0
         0
    0.0000
         0
         0
         0
         0
         0
    0.0000
         0
         0
    0.0042
    0.0027
         0
         0
    0.0009
    0.0023
         0
    0.0000
    0.0020
         0
    0.0000
         0
         0
         0
         0
    0.0007
    0.1000

  -1.0000e+09

    4.8465

End of this iteration
x-value
    0.0311
    0.0455
    0.0730
    0.0959
    0.0708
    0.1179
    0.0019
    0.0053
         0
         0
         0
    0.0000
         0
    0.0000
    0.0000
         0
    0.0000
         0
    0.0000
         0
    0.0040
    0.0026
    0.0000
         0
         0
    0.0021
         0
         0
    0.0020
    0.0000
    0.0007
    0.0001
         0
         0
         0
    0.0007
    0.1000

  -1.0000e+09

    4.8360

End of this iteration
x-value
    0.0288
    0.0420
    0.0673
    0.0883
    0.0654
    0.1084
    0.0018
    0.0050
    0.0000
    0.0000
    0.0000
         0
    0.0000
    0.0000
         0
         0
         0
    0.0000
         0
         0
    0.0038
    0.0025
    0.0000
         0
         0
    0.0019
    0.0000
    0.0000
    0.0020
         0
    0.0008
    0.0002
         0
         0
         0
    0.0007
    0.1000

  -1.0000e+09

    4.8409

End of this iteration
x-value
    0.0262
    0.0380
    0.0610
    0.0797
    0.0591
    0.0976
    0.0015
    0.0045
    0.0000
         0
         0
         0
    0.0000
    0.0000
    0.0000
         0
    0.0000
         0
    0.0000
    0.0000
    0.0017
    0.0025
    0.0000
    0.0000
    0.0000
         0
         0
         0
    0.0003
    0.0000
    0.0011
    0.0013
         0
         0
    0.0016
    0.0013
    0.1000

  -1.0000e+09

    4.8470

End of this iteration
x-value
    0.0517
    0.0557
    0.1012
    0.1211
    0.0905
    0.1420
         0
    0.0079
         0
         0
    0.0000
         0
    0.0000
         0
         0
         0
    0.0000
    0.0000
         0
         0
    0.0040
    0.0026
         0
         0
    0.0006
    0.0019
    0.0000
    0.0000
    0.0020
    0.0000
    0.0003
    0.0002
         0
         0
         0
    0.0007
    0.1000

  -1.0000e+09

    4.8080

End of this iteration
x-value
    0.0311
    0.0455
    0.0730
    0.0959
    0.0708
    0.1179
    0.0019
    0.0053
         0
    0.0000
    0.0000
         0
    0.0000
    0.0000
         0
    0.0000
    0.0000
    0.0000
         0
         0
    0.0040
    0.0026
    0.0000
    0.0000
         0
    0.0021
         0
         0
    0.0020
    0.0000
    0.0007
    0.0001
         0
    0.0000
         0
    0.0007
    0.1000

  -1.0000e+09

    4.8360

End of this iteration
x-value
    0.0311
    0.0455
    0.0730
    0.0959
    0.0708
    0.1179
    0.0019
    0.0053
         0
         0
    0.0000
         0
    0.0000
    0.0000
         0
         0
         0
         0
    0.0000
         0
    0.0040
    0.0026
    0.0000
    0.0000
    0.0000
    0.0021
         0
         0
    0.0020
    0.0000
    0.0007
    0.0001
         0
         0
         0
    0.0007
    0.1000

  -1.0000e+09

    4.8360

End of this iteration
x-value
    0.0261
    0.0379
    0.0609
    0.0797
    0.0591
    0.0976
    0.0016
    0.0047
         0
    0.0000
         0
         0
    0.0000
    0.0000
         0
         0
    0.0000
    0.0000
         0
    0.0000
    0.0037
    0.0024
         0
         0
    0.0000
    0.0017
         0
         0
    0.0019
    0.0000
    0.0008
    0.0003
         0
    0.0000
         0
    0.0006
    0.1000

  -1.0000e+09

    4.8464

End of this iteration
x-value
    0.0311
    0.0455
    0.0730
    0.0959
    0.0708
    0.1179
    0.0019
    0.0053
         0
         0
    0.0000
    0.0000
    0.0000
    0.0000
         0
         0
         0
         0
         0
         0
    0.0040
    0.0026
    0.0000
         0
    0.0000
    0.0021
    0.0000
         0
    0.0020
         0
    0.0007
    0.0001
         0
    0.0000
         0
    0.0007
    0.1000

  -1.0000e+09

    4.8360

End of this iteration
x-value
    0.0311
    0.0455
    0.0730
    0.0959
    0.0708
    0.1179
    0.0019
    0.0053
    0.0000
         0
         0
         0
    0.0000
    0.0000
         0
         0
    0.0000
    0.0000
    0.0000
    0.0000
    0.0040
    0.0026
         0
    0.0000
    0.0000
    0.0021
    0.0000
         0
    0.0020
    0.0000
    0.0007
    0.0001
         0
         0
    0.0000
    0.0007
    0.1000

  -1.0000e+09

    4.8360

End of this iteration
x-value
    0.0311
    0.0455
    0.0730
    0.0959
    0.0708
    0.1179
    0.0019
    0.0053
         0
    0.0000
    0.0000
    0.0000
    0.0000
         0
         0
         0
    0.0000
    0.0000
    0.0000
         0
    0.0040
    0.0026
         0
         0
         0
    0.0021
         0
    0.0000
    0.0020
         0
    0.0007
    0.0001
         0
    0.0000
         0
    0.0007
    0.1000

  -1.0000e+09

    4.8360

End of this iteration
x-value
    0.0311
    0.0455
    0.0729
    0.0959
    0.0708
    0.1180
    0.0019
    0.0054
    0.0000
    0.0000
    0.0000
    0.0000
    0.0000
         0
    0.0000
         0
         0
    0.0000
         0
    0.0000
    0.0045
    0.0022
         0
         0
    0.0000
         0
    0.0017
         0
         0
         0
    0.0016
         0
         0
         0
    0.0023
         0
    0.1000

  -1.0000e+09

    4.8361

End of this iteration
x-value
    0.0311
    0.0455
    0.0729
    0.0959
    0.0708
    0.1180
    0.0019
    0.0054
         0
    0.0000
    0.0000
    0.0000
    0.0000
    0.0000
    0.0000
    0.0000
         0
         0
         0
    0.0000
    0.0045
    0.0022
    0.0000
    0.0000
         0
         0
    0.0017
         0
    0.0000
         0
    0.0016
    0.0000
         0
         0
    0.0023
         0
    0.1000

  -1.0000e+09

    4.8361

End of this iteration
x-value
    0.0401
    0.0582
    0.0941
    0.1277
    0.0825
    0.1097
    0.0024
    0.0074
    0.0000
    0.0000
    0.0000
         0
         0
         0
    0.0037
    0.0000
         0
    0.0000
    0.0062
         0
    0.0000
    0.0000
         0
    0.0000
    0.0021
         0
         0
         0
         0
         0
         0
         0
    0.0049
    0.0034
    0.0031
    0.0029
    0.1000

  -1.0000e+09

    4.8177

End of this iteration
x-value
    0.0261
    0.0379
    0.0609
    0.0797
    0.0591
    0.0976
    0.0016
    0.0047
    0.0000
         0
         0
    0.0000
    0.0000
         0
         0
         0
    0.0000
         0
         0
         0
    0.0037
    0.0024
         0
         0
    0.0000
    0.0017
    0.0000
    0.0000
    0.0019
    0.0000
    0.0008
    0.0003
         0
    0.0000
         0
    0.0006
    0.1000

  -1.0000e+09

    4.8464

End of this iteration
x-value
    0.0305
    0.0456
    0.0733
    0.0960
    0.0710
    0.1179
    0.0033
    0.0053
    0.0000
         0
         0
         0
         0
         0
         0
         0
         0
         0
         0
    0.0000
    0.0040
    0.0026
    0.0000
    0.0000
    0.0000
    0.0023
         0
    0.0000
    0.0020
         0
    0.0007
    0.0000
         0
         0
    0.0000
    0.0007
    0.1000

  -1.0000e+09

    4.8359

End of this iteration
x-value
    0.0311
    0.0455
    0.0729
    0.0959
    0.0708
    0.1179
    0.0019
    0.0053
         0
         0
         0
    0.0000
    0.0000
    0.0000
    0.0000
         0
    0.0000
    0.0000
    0.0000
         0
    0.0041
    0.0026
    0.0000
         0
         0
    0.0020
    0.0000
    0.0000
    0.0022
         0
    0.0008
    0.0001
         0
    0.0000
    0.0000
         0
    0.1000

  -1.0000e+09

    4.8360

End of this iteration
x-value
    0.0311
    0.0455
    0.0730
    0.0959
    0.0708
    0.1179
    0.0019
    0.0053
         0
         0
         0
         0
         0
    0.0000
         0
         0
    0.0000
         0
         0
         0
    0.0040
    0.0026
    0.0000
         0
    0.0000
    0.0021
    0.0000
         0
    0.0020
    0.0000
    0.0007
    0.0001
    0.0000
         0
         0
    0.0007
    0.1000

  -1.0000e+09

    4.8360

End of this iteration
x-value
    0.0311
    0.0455
    0.0730
    0.0959
    0.0708
    0.1179
    0.0019
    0.0053
    0.0000
    0.0000
    0.0000
         0
    0.0000
    0.0000
    0.0000
         0
         0
    0.0000
    0.0000
         0
    0.0040
    0.0026
         0
         0
    0.0000
    0.0021
    0.0000
    0.0000
    0.0020
         0
    0.0007
    0.0001
         0
         0
         0
    0.0007
    0.1000

  -1.0000e+09

    4.8360

End of this iteration
x-value
    0.6402
    0.9341
    1.5024
    1.9599
    1.6931
    3.7767
         0
    0.0968
         0
         0
         0
         0
    0.0390
    0.0000
    0.0507
    0.0374
    0.0000
    0.0000
    0.0111
    0.0160
    0.0022
         0
    0.0000
    0.0000
    0.0000
         0
    0.0000
         0
    0.0000
         0
         0
         0
    0.0042
    0.0041
    0.0045
    0.0036
    0.1000

  -1.0000e+09

   37.9662

End of this iteration
x-value
    0.0311
    0.0455
    0.0730
    0.0959
    0.0708
    0.1179
    0.0019
    0.0053
         0
         0
         0
    0.0000
         0
    0.0000
         0
         0
         0
         0
         0
         0
    0.0040
    0.0026
    0.0000
    0.0000
         0
    0.0021
    0.0000
         0
    0.0020
    0.0000
    0.0007
    0.0001
         0
         0
         0
    0.0007
    0.1000

  -1.0000e+09

    4.8360

End of this iteration
x-value
    0.0311
    0.0455
    0.0729
    0.0959
    0.0708
    0.1179
    0.0019
    0.0053
         0
         0
         0
    0.0000
    0.0000
    0.0000
         0
         0
         0
    0.0000
         0
         0
    0.0040
    0.0026
         0
         0
    0.0006
    0.0021
    0.0000
    0.0000
    0.0020
         0
    0.0005
         0
         0
         0
         0
    0.0007
    0.1000

  -1.0000e+09

    4.8360

End of this iteration
x-value
    0.0311
    0.0455
    0.0730
    0.0959
    0.0708
    0.1179
    0.0019
    0.0053
         0
    0.0000
    0.0000
         0
    0.0000
         0
         0
         0
         0
         0
    0.0000
         0
    0.0040
    0.0026
         0
         0
         0
    0.0021
         0
         0
    0.0020
         0
    0.0007
    0.0001
         0
    0.0000
    0.0000
    0.0007
    0.1000

  -1.0000e+09

    4.8360

End of this iteration
x-value
    0.0311
    0.0455
    0.0729
    0.0959
    0.0708
    0.1180
    0.0019
    0.0054
    0.0000
         0
    0.0000
    0.0000
         0
         0
    0.0000
         0
    0.0000
    0.0000
         0
         0
    0.0045
    0.0022
         0
         0
    0.0000
         0
    0.0017
         0
    0.0000
         0
    0.0016
         0
         0
    0.0000
    0.0023
         0
    0.1000

  -1.0000e+09

    4.8361

End of this iteration
x-value
    0.8508
    1.2764
    1.9818
    2.8351
    1.4635
    2.8650
    0.0067
    0.1147
    0.0000
    0.0000
         0
    0.0000
    0.0400
         0
    0.0394
    0.0000
         0
         0
    0.0108
    0.0029
         0
         0
         0
    0.0000
    0.0000
    0.0005
    0.0000
    0.0000
         0
         0
         0
         0
    0.0043
    0.0032
    0.0036
    0.0021
    0.1000

  -1.0000e+09

   48.3940

End of this iteration
x-value
    0.8460
    1.2753
    1.9831
    2.8344
    1.4638
    2.8635
    0.0170
    0.1158
    0.0000
    0.0000
    0.0000
    0.0000
    0.0340
         0
    0.0389
         0
    0.0000
    0.0000
    0.0078
         0
    0.0000
    0.0023
    0.0000
         0
         0
    0.0053
    0.0000
         0
    0.0005
    0.0000
         0
         0
    0.0040
    0.0041
    0.0035
    0.0031
    0.1000

  -1.0000e+09

   48.3509

End of this iteration
x-value
    0.0970
    0.1438
    0.2327
    0.2999
    0.2602
    0.5431
    0.0058
    0.0155
    0.0000
         0
    0.0000
    0.0000
    0.0000
    0.0000
    0.0033
    0.0046
    0.0000
    0.0000
    0.0000
    0.0000
    0.0043
    0.0018
    0.0000
    0.0000
    0.0012
    0.0035
    0.0000
         0
    0.0027
         0
    0.0000
         0
    0.0016
    0.0010
         0
    0.0007
    0.1000

  -1.0000e+09

   10.9398

End of this iteration
x-value
    0.0971
    0.1439
    0.2328
    0.3000
    0.2603
    0.5432
    0.0058
    0.0155
    0.0000
    0.0000
    0.0000
    0.0000
    0.0000
         0
    0.0032
    0.0046
    0.0000
    0.0000
         0
    0.0000
    0.0042
    0.0018
    0.0000
         0
    0.0012
    0.0035
         0
         0
    0.0025
    0.0000
    0.0000
         0
    0.0016
    0.0011
    0.0001
    0.0007
    0.1000

  -1.0000e+09

   10.9428

End of this iteration
x-value
    0.0311
    0.0455
    0.0730
    0.0959
    0.0708
    0.1179
    0.0019
    0.0053
    0.0000
         0
         0
    0.0000
         0
         0
         0
         0
         0
         0
         0
         0
    0.0040
    0.0026
    0.0000
         0
    0.0000
    0.0021
    0.0000
         0
    0.0020
         0
    0.0007
    0.0001
         0
    0.0000
         0
    0.0007
    0.1000

  -1.0000e+09

    4.8360

End of this iteration
x-value
    0.0311
    0.0455
    0.0730
    0.0959
    0.0708
    0.1179
    0.0019
    0.0053
    0.0000
    0.0000
         0
    0.0000
         0
    0.0000
         0
         0
    0.0000
         0
         0
         0
    0.0040
    0.0026
    0.0000
         0
    0.0000
    0.0021
         0
         0
    0.0020
         0
    0.0007
    0.0001
         0
         0
         0
    0.0007
    0.1000

  -1.0000e+09

    4.8360

End of this iteration
x-value
    0.0199
    0.0680
    0.0349
    0.0912
    0.0682
    0.1403
         0
         0
    0.0110
    0.0052
    0.0000
         0
         0
    0.0000
    0.0000
    0.0003
    0.0000
         0
         0
         0
         0
    0.0000
    0.0019
         0
    0.0030
    0.0000
    0.0000
         0
         0
    0.0000
         0
         0
    0.0034
    0.0018
         0
         0
    0.1000

  -1.0000e+09

    4.8400

End of this iteration
x-value
    0.0328
    0.0772
    0.0713
    0.1225
    0.0869
    0.1646
    0.0000
    0.0000
         0
    0.0000
    0.0000
    0.0000
    0.0000
         0
    0.0039
    0.0013
    0.0000
    0.0000
         0
         0
    0.0000
    0.0000
    0.0000
    0.0000
    0.0031
    0.0000
         0
         0
    0.0018
         0
         0
         0
    0.0036
    0.0014
         0
    0.0023
    0.1000

  -1.0000e+09

    4.8198

End of this iteration
x-value
    0.0311
    0.0455
    0.0730
    0.0959
    0.0708
    0.1179
    0.0019
    0.0053
    0.0000
         0
    0.0000
    0.0000
         0
         0
    0.0000
         0
         0
    0.0000
         0
         0
    0.0040
    0.0026
    0.0000
         0
    0.0000
    0.0021
    0.0000
         0
    0.0020
    0.0000
    0.0007
    0.0001
         0
         0
         0
    0.0007
    0.1000

  -1.0000e+09

    4.8360

End of this iteration
x-value
    0.0050
    0.0044
    0.0108
    0.0111
    0.0049
    0.0066
    0.0008
    0.0022
    0.0000
         0
    0.0023
         0
         0
    0.0000
    0.0000
         0
         0
         0
    0.0000
         0
    0.0000
    0.0000
         0
         0
    0.0000
         0
    0.0023
    0.0000
         0
         0
    0.0017
    0.0014
         0
         0
    0.0022
    0.0003
    0.1000

  -1.0000e+09

    4.8907

End of this iteration
x-value
    0.0311
    0.0455
    0.0730
    0.0959
    0.0708
    0.1179
    0.0019
    0.0053
         0
         0
         0
         0
    0.0000
         0
    0.0000
         0
         0
         0
         0
         0
    0.0039
    0.0026
    0.0000
    0.0000
         0
    0.0022
         0
         0
    0.0019
         0
    0.0007
    0.0001
         0
         0
         0
    0.0008
    0.1000

  -1.0000e+09

    4.8360

End of this iteration
x-value
    0.0311
    0.0455
    0.0730
    0.0959
    0.0708
    0.1179
    0.0019
    0.0053
         0
    0.0000
         0
    0.0000
         0
         0
         0
         0
         0
    0.0000
         0
    0.0000
    0.0040
    0.0026
         0
    0.0000
         0
    0.0021
         0
    0.0000
    0.0020
    0.0000
    0.0007
    0.0001
         0
         0
         0
    0.0007
    0.1000

  -1.0000e+09

    4.8360

End of this iteration
x-value
    0.0311
    0.0455
    0.0730
    0.0959
    0.0708
    0.1179
    0.0019
    0.0053
         0
         0
         0
    0.0000
    0.0000
    0.0000
         0
         0
    0.0000
    0.0000
         0
         0
    0.0040
    0.0026
         0
    0.0000
         0
    0.0021
         0
         0
    0.0020
    0.0000
    0.0007
    0.0001
         0
    0.0000
         0
    0.0007
    0.1000

  -1.0000e+09

    4.8360

End of this iteration
x-value
    0.0337
    0.0495
    0.0792
    0.1043
    0.0769
    0.1285
    0.0020
    0.0056
    0.0000
         0
         0
    0.0000
         0
    0.0000
         0
         0
         0
         0
    0.0000
         0
    0.0041
    0.0027
         0
    0.0000
    0.0004
    0.0023
    0.0000
    0.0000
    0.0020
         0
    0.0004
         0
         0
         0
         0
    0.0007
    0.1000

  -1.0000e+09

    4.8306

End of this iteration
x-value
    0.0337
    0.0495
    0.0792
    0.1043
    0.0769
    0.1285
    0.0020
    0.0056
    0.0000
         0
         0
         0
    0.0000
         0
    0.0000
         0
    0.0000
         0
         0
         0
    0.0041
    0.0027
         0
         0
    0.0004
    0.0023
    0.0000
    0.0000
    0.0020
    0.0000
    0.0004
         0
         0
         0
         0
    0.0007
    0.1000

  -1.0000e+09

    4.8306

End of this iteration
x-value
    0.0783
    0.1170
    0.1864
    0.2455
    0.1905
    0.3529
    0.0043
    0.0109
    0.0000
    0.0000
    0.0000
    0.0000
         0
    0.0000
         0
         0
    0.0000
         0
         0
    0.0000
    0.0042
    0.0028
         0
         0
    0.0009
    0.0023
    0.0000
         0
    0.0020
         0
    0.0000
    0.0000
         0
         0
         0
    0.0007
    0.1000

  -1.0000e+09

    6.4455

End of this iteration
x-value
    0.0311
    0.0455
    0.0730
    0.0959
    0.0708
    0.1179
    0.0019
    0.0053
    0.0000
         0
    0.0000
    0.0000
    0.0000
         0
         0
         0
    0.0000
    0.0000
         0
    0.0000
    0.0040
    0.0026
    0.0000
    0.0000
    0.0000
    0.0021
         0
         0
    0.0020
         0
    0.0007
    0.0001
         0
         0
    0.0000
    0.0007
    0.1000

  -1.0000e+09

    4.8360

End of this iteration
x-value
    0.0311
    0.0455
    0.0730
    0.0959
    0.0708
    0.1179
    0.0019
    0.0053
         0
    0.0000
    0.0000
    0.0000
         0
         0
         0
         0
    0.0000
         0
         0
    0.0000
    0.0040
    0.0026
         0
    0.0000
         0
    0.0021
    0.0000
         0
    0.0020
    0.0000
    0.0007
    0.0001
         0
         0
         0
    0.0007
    0.1000

  -1.0000e+09

    4.8360

End of this iteration
x-value
    0.0337
    0.0495
    0.0792
    0.1043
    0.0769
    0.1285
    0.0020
    0.0056
         0
         0
    0.0000
    0.0000
    0.0000
         0
         0
         0
         0
    0.0000
    0.0000
         0
    0.0041
    0.0027
    0.0000
    0.0000
    0.0004
    0.0023
    0.0000
         0
    0.0020
    0.0000
    0.0004
         0
         0
         0
         0
    0.0007
    0.1000

  -1.0000e+09

    4.8306

End of this iteration
x-value
    0.0337
    0.0495
    0.0792
    0.1043
    0.0769
    0.1285
    0.0020
    0.0056
         0
    0.0000
    0.0000
    0.0000
    0.0000
         0
         0
         0
    0.0000
         0
         0
         0
    0.0041
    0.0027
         0
    0.0000
    0.0004
    0.0023
         0
         0
    0.0020
         0
    0.0004
         0
         0
    0.0000
         0
    0.0007
    0.1000

  -1.0000e+09

    4.8306

End of this iteration
x-value
    0.0311
    0.0455
    0.0730
    0.0959
    0.0708
    0.1179
    0.0019
    0.0053
    0.0000
         0
         0
         0
         0
    0.0000
         0
         0
    0.0000
    0.0000
         0
         0
    0.0040
    0.0026
         0
    0.0000
         0
    0.0021
    0.0000
         0
    0.0020
         0
    0.0007
    0.0001
         0
         0
         0
    0.0007
    0.1000

  -1.0000e+09

    4.8360

End of this iteration
x-value
    0.0201
    0.0286
    0.0462
    0.0596
    0.0448
    0.0727
    0.0011
    0.0040
    0.0000
    0.0000
    0.0000
    0.0000
         0
    0.0000
    0.0000
    0.0022
         0
         0
    0.0000
    0.0000
         0
         0
    0.0003
    0.0000
    0.0018
    0.0036
    0.0000
         0
    0.0014
         0
         0
         0
    0.0029
    0.0024
         0
         0
    0.1000

  -1.0000e+09

    4.8592

End of this iteration
x-value
    0.0311
    0.0455
    0.0730
    0.0959
    0.0708
    0.1179
    0.0019
    0.0053
    0.0000
         0
         0
    0.0000
         0
    0.0000
         0
         0
         0
         0
         0
         0
    0.0040
    0.0026
         0
    0.0000
         0
    0.0021
         0
    0.0000
    0.0020
         0
    0.0007
    0.0001
         0
         0
    0.0000
    0.0007
    0.1000

  -1.0000e+09

    4.8360

End of this iteration
x-value
    0.0237
    0.0345
    0.0547
    0.0748
    0.0417
    0.0750
    0.0015
    0.0044
    0.0000
         0
    0.0000
         0
         0
         0
         0
    0.0000
    0.0000
         0
    0.0000
    0.0000
    0.0039
    0.0016
    0.0000
    0.0000
    0.0008
    0.0022
         0
         0
    0.0002
    0.0000
         0
    0.0000
    0.0000
         0
    0.0020
    0.0020
    0.1000

  -1.0000e+09

    4.8514

End of this iteration
x-value
    0.0311
    0.0455
    0.0730
    0.0959
    0.0708
    0.1179
    0.0019
    0.0053
         0
         0
         0
    0.0000
    0.0000
         0
         0
         0
    0.0000
         0
         0
    0.0000
    0.0040
    0.0026
         0
         0
         0
    0.0021
    0.0000
         0
    0.0020
    0.0000
    0.0007
    0.0001
         0
         0
         0
    0.0007
    0.1000

  -1.0000e+09

    4.8360

End of this iteration
x-value
    0.0311
    0.0455
    0.0730
    0.0959
    0.0708
    0.1179
    0.0019
    0.0053
    0.0000
         0
         0
    0.0000
         0
         0
         0
         0
    0.0000
         0
         0
    0.0000
    0.0040
    0.0026
         0
    0.0000
         0
    0.0021
         0
         0
    0.0020
    0.0000
    0.0007
    0.0001
         0
         0
    0.0000
    0.0007
    0.1000

  -1.0000e+09

    4.8360

End of this iteration
x-value
    0.0311
    0.0455
    0.0730
    0.0959
    0.0708
    0.1179
    0.0019
    0.0053
         0
         0
    0.0000
         0
    0.0000
    0.0000
         0
         0
         0
    0.0000
    0.0000
         0
    0.0040
    0.0026
         0
    0.0000
    0.0000
    0.0021
         0
         0
    0.0020
    0.0000
    0.0007
    0.0001
         0
         0
         0
    0.0007
    0.1000

  -1.0000e+09

    4.8360

End of this iteration
x-value
    0.0311
    0.0455
    0.0730
    0.0959
    0.0708
    0.1179
    0.0019
    0.0053
    0.0000
         0
         0
         0
    0.0000
    0.0000
    0.0000
         0
         0
         0
    0.0000
    0.0000
    0.0040
    0.0026
         0
    0.0000
    0.0000
    0.0021
         0
         0
    0.0020
         0
    0.0007
    0.0001
         0
         0
         0
    0.0007
    0.1000

  -1.0000e+09

    4.8360

End of this iteration
x-value
    0.0311
    0.0455
    0.0729
    0.0959
    0.0708
    0.1179
    0.0019
    0.0053
         0
         0
         0
         0
    0.0000
         0
         0
         0
    0.0000
    0.0000
         0
         0
    0.0041
    0.0026
         0
         0
    0.0000
    0.0020
    0.0000
         0
    0.0022
         0
    0.0008
    0.0001
         0
         0
         0
         0
    0.1000

  -1.0000e+09

    4.8360

End of this iteration
x-value
    0.0311
    0.0455
    0.0730
    0.0959
    0.0708
    0.1179
    0.0019
    0.0053
         0
    0.0000
    0.0000
    0.0000
         0
    0.0000
         0
         0
         0
         0
    0.0000
         0
    0.0040
    0.0026
         0
    0.0000
         0
    0.0021
    0.0000
         0
    0.0020
    0.0000
    0.0007
    0.0001
         0
         0
    0.0000
    0.0007
    0.1000

  -1.0000e+09

    4.8360

End of this iteration
x-value
    0.0311
    0.0455
    0.0730
    0.0959
    0.0708
    0.1179
    0.0019
    0.0053
    0.0000
         0
    0.0000
    0.0000
    0.0000
    0.0000
         0
         0
         0
         0
    0.0000
         0
    0.0040
    0.0026
         0
    0.0000
         0
    0.0021
    0.0000
    0.0000
    0.0020
    0.0000
    0.0007
    0.0001
         0
         0
    0.0000
    0.0007
    0.1000

  -1.0000e+09

    4.8360

End of this iteration
x-value
    0.0000
    2.2273
    3.4275
         0
    1.2951
    0.3680
    0.0000
    0.0000
         0
    0.2274
    0.0000
         0
    0.2496
    0.0000
    0.0000
    0.0000
    0.0000
         0
    0.0000
    0.0005
    0.0000
         0
    0.0012
    0.0077
    0.0000
    0.0000
    0.0062
    0.0022
    0.0006
         0
    0.0000
         0
         0
    0.0015
    0.0034
         0
    0.1000

  -1.0000e+09

   31.3000

End of this iteration
x-value
    0.0311
    0.0455
    0.0730
    0.0959
    0.0708
    0.1179
    0.0019
    0.0053
    0.0000
    0.0000
         0
    0.0000
         0
    0.0000
         0
         0
         0
         0
         0
         0
    0.0040
    0.0026
    0.0000
    0.0000
         0
    0.0021
         0
    0.0000
    0.0020
    0.0000
    0.0007
    0.0001
         0
         0
         0
    0.0007
    0.1000

  -1.0000e+09

    4.8360

End of this iteration
x-value
    0.0318
    0.0445
    0.0722
    0.0956
    0.0706
    0.1181
    0.0000
    0.0066
    0.0000
    0.0000
    0.0000
    0.0000
    0.0000
    0.0000
    0.0000
         0
    0.0000
    0.0000
         0
    0.0000
    0.0040
    0.0026
    0.0000
    0.0000
    0.0002
    0.0022
    0.0000
         0
    0.0020
         0
    0.0005
    0.0000
         0
         0
         0
    0.0007
    0.1000

  -1.0000e+09

    4.8366

End of this iteration
x-value
    0.0311
    0.0455
    0.0730
    0.0959
    0.0708
    0.1179
    0.0019
    0.0053
    0.0000
    0.0000
    0.0000
    0.0000
         0
    0.0000
    0.0000
         0
    0.0000
         0
         0
         0
    0.0040
    0.0026
    0.0000
         0
    0.0000
    0.0021
    0.0000
    0.0000
    0.0020
    0.0000
    0.0007
    0.0001
         0
         0
         0
    0.0007
    0.1000

  -1.0000e+09

    4.8360

End of this iteration
x-value
    0.0311
    0.0455
    0.0730
    0.0959
    0.0708
    0.1179
    0.0019
    0.0053
    0.0000
    0.0000
         0
         0
    0.0000
         0
         0
         0
         0
         0
         0
         0
    0.0040
    0.0026
         0
         0
         0
    0.0021
         0
         0
    0.0020
         0
    0.0007
    0.0001
         0
         0
    0.0000
    0.0007
    0.1000

  -1.0000e+09

    4.8360

End of this iteration
x-value
    0.0311
    0.0455
    0.0730
    0.0959
    0.0708
    0.1179
    0.0019
    0.0053
    0.0000
         0
         0
    0.0000
         0
    0.0000
    0.0000
         0
         0
    0.0000
         0
    0.0000
    0.0040
    0.0026
         0
         0
         0
    0.0021
         0
         0
    0.0020
    0.0000
    0.0007
    0.0001
    0.0000
         0
    0.0000
    0.0007
    0.1000

  -1.0000e+09

    4.8360

End of this iteration
x-value
    0.0050
    0.0060
    0.0102
    0.0118
    0.0077
    0.0097
    0.0005
    0.0018
    0.0000
    0.0000
    0.0000
         0
         0
    0.0000
    0.0000
         0
         0
    0.0000
         0
         0
         0
    0.0014
    0.0000
         0
         0
         0
    0.0017
         0
    0.0000
         0
    0.0016
    0.0015
         0
         0
    0.0016
    0.0019
    0.1000

  -1.0000e+09

    4.8902

End of this iteration
x-value
    0.0311
    0.0455
    0.0730
    0.0959
    0.0708
    0.1179
    0.0019
    0.0053
    0.0000
    0.0000
    0.0000
    0.0000
    0.0000
    0.0000
         0
         0
    0.0000
    0.0000
    0.0000
    0.0000
    0.0040
    0.0026
         0
    0.0000
         0
    0.0021
    0.0000
    0.0000
    0.0020
    0.0000
    0.0007
    0.0001
    0.0000
    0.0000
    0.0000
    0.0007
    0.1000

  -1.0000e+09

    4.8360

End of this iteration
x-value
    0.0311
    0.0455
    0.0730
    0.0959
    0.0708
    0.1179
    0.0019
    0.0053
         0
         0
    0.0000
         0
    0.0000
         0
         0
         0
         0
    0.0000
    0.0000
         0
    0.0040
    0.0026
    0.0000
    0.0000
    0.0000
    0.0021
         0
    0.0000
    0.0020
    0.0000
    0.0007
    0.0001
         0
    0.0000
    0.0000
    0.0007
    0.1000

  -1.0000e+09

    4.8360

End of this iteration
x-value
    0.8465
    1.2760
    1.9842
    2.8360
    1.4646
    2.8651
    0.0170
    0.1159
         0
         0
         0
         0
    0.0340
         0
    0.0389
         0
         0
    0.0000
    0.0078
         0
    0.0000
    0.0023
    0.0000
         0
    0.0000
    0.0053
         0
    0.0000
    0.0005
    0.0000
    0.0000
         0
    0.0040
    0.0041
    0.0035
    0.0031
    0.1000

  -1.0000e+09

   39.6954

End of this iteration
x-value
    0.1110
    0.0503
    0.2637
    0.2867
    0.0789
    0.1670
    0.0000
    0.0415
    0.0000
    0.0000
    0.0278
    0.0000
         0
         0
    0.0041
    0.0000
    0.0000
         0
    0.0162
    0.0000
         0
    0.0030
    0.0002
         0
         0
    0.0000
    0.0034
    0.0007
    0.0033
    0.0028
         0
         0
    0.0023
    0.0023
         0
    0.0000
    0.1000

  -1.0000e+09

    7.3476

End of this iteration
x-value
    0.0337
    0.0495
    0.0792
    0.1043
    0.0769
    0.1285
    0.0020
    0.0056
         0
         0
         0
         0
    0.0000
         0
         0
         0
    0.0000
         0
         0
         0
    0.0041
    0.0027
         0
         0
    0.0004
    0.0023
         0
         0
    0.0020
    0.0000
    0.0004
         0
         0
         0
         0
    0.0007
    0.1000

  -1.0000e+09

    4.8306

End of this iteration
x-value
    0.0337
    0.0495
    0.0792
    0.1043
    0.0769
    0.1285
    0.0020
    0.0056
         0
    0.0000
         0
    0.0000
         0
         0
    0.0000
         0
         0
         0
         0
         0
    0.0041
    0.0027
         0
    0.0000
    0.0004
    0.0023
         0
         0
    0.0020
    0.0000
    0.0004
         0
         0
    0.0000
         0
    0.0007
    0.1000

  -1.0000e+09

    4.8306

End of this iteration
x-value
    0.8493
    1.2767
    1.9835
    2.8364
    1.4644
    2.8659
    0.0111
    0.1152
         0
    0.0000
    0.0000
         0
    0.0374
         0
    0.0390
    0.0000
    0.0000
         0
    0.0096
    0.0014
         0
         0
         0
    0.0000
    0.0000
    0.0020
    0.0000
         0
         0
         0
    0.0000
         0
    0.0040
    0.0035
    0.0036
    0.0022
    0.1000

  -1.0000e+09

   39.7194

End of this iteration
x-value
    0.8465
    1.2760
    1.9842
    2.8360
    1.4646
    2.8651
    0.0170
    0.1159
         0
         0
         0
    0.0000
    0.0340
         0
    0.0389
         0
         0
    0.0000
    0.0078
    0.0000
         0
    0.0023
         0
    0.0000
         0
    0.0053
         0
         0
    0.0005
    0.0000
         0
         0
    0.0040
    0.0041
    0.0035
    0.0031
    0.1000

  -1.0000e+09

   39.6954

End of this iteration
x-value
    0.0311
    0.0455
    0.0730
    0.0959
    0.0709
    0.1179
    0.0019
    0.0053
    0.0000
         0
    0.0000
         0
         0
         0
    0.0000
         0
         0
         0
         0
    0.0000
    0.0043
    0.0020
    0.0000
    0.0000
    0.0000
    0.0022
         0
    0.0000
    0.0020
    0.0000
    0.0007
    0.0001
         0
         0
    0.0000
    0.0005
    0.1000

  -1.0000e+09

    4.8360

End of this iteration
x-value
    0.0311
    0.0455
    0.0729
    0.0959
    0.0708
    0.1179
    0.0019
    0.0053
    0.0000
         0
         0
    0.0000
    0.0000
         0
         0
         0
         0
    0.0000
         0
    0.0000
    0.0042
    0.0027
         0
         0
    0.0009
    0.0023
         0
    0.0000
    0.0020
         0
         0
    0.0000
         0
    0.0000
    0.0000
    0.0007
    0.1000

  -1.0000e+09

    4.8360

End of this iteration
x-value
    0.0676
    0.0506
    0.1117
    0.1142
    0.0883
    0.1218
         0
    0.0093
    0.0000
         0
    0.0000
    0.0000
         0
    0.0000
    0.0021
    0.0017
         0
         0
    0.0000
    0.0000
         0
    0.0011
    0.0000
    0.0000
    0.0000
         0
         0
    0.0000
    0.0016
    0.0000
    0.0020
    0.0018
    0.0023
         0
    0.0000
    0.0012
    0.1000

  -1.0000e+09

    4.7936

End of this iteration
x-value
    0.0994
    0.3811
    0.5796
    0.3869
    0.3225
    0.2182
    0.0411
    0.0000
         0
    0.0154
    0.0000
    0.0000
         0
         0
    0.0000
         0
    0.0041
    0.0000
         0
         0
         0
         0
    0.0000
    0.0007
    0.0019
    0.0032
    0.0000
         0
         0
    0.0000
         0
         0
    0.0026
    0.0022
         0
         0
    0.1000

  -1.0000e+09

    7.5757

End of this iteration
x-value
    0.0311
    0.0455
    0.0730
    0.0959
    0.0708
    0.1179
    0.0019
    0.0053
    0.0000
         0
         0
    0.0000
    0.0000
    0.0000
    0.0000
         0
    0.0000
    0.0000
         0
         0
    0.0040
    0.0026
         0
         0
    0.0000
    0.0021
    0.0000
         0
    0.0020
    0.0000
    0.0007
    0.0001
         0
         0
         0
    0.0007
    0.1000

  -1.0000e+09

    4.8360

End of this iteration
x-value
    0.0311
    0.0455
    0.0730
    0.0959
    0.0708
    0.1179
    0.0019
    0.0053
         0
    0.0000
         0
    0.0000
    0.0000
    0.0000
    0.0000
         0
    0.0000
    0.0000
         0
    0.0000
    0.0040
    0.0026
    0.0000
    0.0000
    0.0000
    0.0021
         0
    0.0000
    0.0020
         0
    0.0007
    0.0001
         0
         0
    0.0000
    0.0007
    0.1000

  -1.0000e+09

    4.8360

End of this iteration
x-value
    0.0311
    0.0455
    0.0729
    0.0959
    0.0708
    0.1179
    0.0019
    0.0053
         0
         0
    0.0000
         0
    0.0000
    0.0000
         0
         0
         0
    0.0000
         0
    0.0000
    0.0040
    0.0026
    0.0000
         0
    0.0010
    0.0019
         0
         0
    0.0020
    0.0000
    0.0000
    0.0002
    0.0000
         0
    0.0000
    0.0007
    0.1000

  -1.0000e+09

    4.8360

End of this iteration
x-value
    0.0311
    0.0455
    0.0730
    0.0959
    0.0708
    0.1179
    0.0019
    0.0053
    0.0000
    0.0000
    0.0000
    0.0000
    0.0000
         0
    0.0000
         0
    0.0000
    0.0000
    0.0000
    0.0000
    0.0040
    0.0026
         0
         0
         0
    0.0021
    0.0000
         0
    0.0020
         0
    0.0007
    0.0001
    0.0000
         0
         0
    0.0007
    0.1000

  -1.0000e+09

    4.8360

End of this iteration
x-value
    0.0311
    0.0455
    0.0730
    0.0959
    0.0708
    0.1179
    0.0019
    0.0053
         0
         0
    0.0000
    0.0000
    0.0000
         0
         0
         0
         0
    0.0000
         0
         0
    0.0040
    0.0026
         0
    0.0000
         0
    0.0021
    0.0000
         0
    0.0020
         0
    0.0007
    0.0001
         0
         0
         0
    0.0007
    0.1000

  -1.0000e+09

    4.8360

End of this iteration
x-value
    0.0311
    0.0455
    0.0730
    0.0959
    0.0708
    0.1179
    0.0019
    0.0053
    0.0000
    0.0000
         0
         0
    0.0000
         0
    0.0000
         0
         0
    0.0000
         0
         0
    0.0040
    0.0026
         0
    0.0000
         0
    0.0021
    0.0000
    0.0000
    0.0020
    0.0000
    0.0007
    0.0001
         0
    0.0000
    0.0000
    0.0007
    0.1000

  -1.0000e+09

    4.8360

End of this iteration
x-value
    0.0311
    0.0455
    0.0730
    0.0959
    0.0708
    0.1179
    0.0019
    0.0053
         0
         0
         0
         0
         0
         0
    0.0000
         0
         0
         0
         0
         0
    0.0040
    0.0026
    0.0000
         0
    0.0000
    0.0021
    0.0000
         0
    0.0020
         0
    0.0007
    0.0001
         0
         0
         0
    0.0007
    0.1000

  -1.0000e+09

    4.8360

End of this iteration
x-value
    0.0311
    0.0455
    0.0730
    0.0959
    0.0708
    0.1179
    0.0019
    0.0053
         0
         0
    0.0000
         0
         0
         0
         0
         0
    0.0000
         0
         0
         0
    0.0040
    0.0026
    0.0000
    0.0000
         0
    0.0021
         0
         0
    0.0020
    0.0000
    0.0007
    0.0001
         0
         0
         0
    0.0007
    0.1000

  -1.0000e+09

    4.8360

End of this iteration
x-value
    0.0311
    0.0455
    0.0730
    0.0959
    0.0708
    0.1179
    0.0019
    0.0053
    0.0000
         0
    0.0000
    0.0000
         0
    0.0000
         0
         0
         0
    0.0000
    0.0000
    0.0000
    0.0040
    0.0026
    0.0000
    0.0000
         0
    0.0021
         0
         0
    0.0020
         0
    0.0007
    0.0001
         0
         0
         0
    0.0007
    0.1000

  -1.0000e+09

    4.8360

End of this iteration
x-value
    0.0311
    0.0455
    0.0730
    0.0959
    0.0708
    0.1179
    0.0019
    0.0053
    0.0000
    0.0000
         0
         0
         0
    0.0000
         0
         0
         0
         0
    0.0000
    0.0000
    0.0040
    0.0026
    0.0000
    0.0000
    0.0000
    0.0021
    0.0000
         0
    0.0020
    0.0000
    0.0007
    0.0001
         0
         0
    0.0000
    0.0007
    0.1000

  -1.0000e+09

    4.8360

End of this iteration
x-value
    0.0312
    0.0457
    0.0730
    0.0959
    0.0708
    0.1179
    0.0018
    0.0052
    0.0000
    0.0000
         0
    0.0000
         0
         0
    0.0000
    0.0000
         0
         0
         0
         0
    0.0019
    0.0026
         0
         0
    0.0000
         0
         0
         0
    0.0009
         0
    0.0011
    0.0013
         0
    0.0000
    0.0009
    0.0011
    0.1000

  -1.0000e+09

    4.8360

End of this iteration
x-value
    0.0676
    0.0506
    0.1117
    0.1142
    0.0883
    0.1218
    0.0000
    0.0093
         0
    0.0000
         0
         0
    0.0000
         0
    0.0021
    0.0017
    0.0000
    0.0000
         0
    0.0000
         0
    0.0011
    0.0000
    0.0000
         0
         0
    0.0000
         0
    0.0016
    0.0000
    0.0020
    0.0018
    0.0023
         0
    0.0000
    0.0012
    0.1000

  -1.0000e+09

    4.7936

End of this iteration
x-value
    0.0311
    0.0455
    0.0730
    0.0959
    0.0708
    0.1179
    0.0019
    0.0053
    0.0000
         0
    0.0000
         0
         0
         0
    0.0000
         0
         0
    0.0000
    0.0000
         0
    0.0040
    0.0026
         0
    0.0000
         0
    0.0021
    0.0000
         0
    0.0020
         0
    0.0007
    0.0001
         0
         0
         0
    0.0007
    0.1000

  -1.0000e+09

    4.8360

End of this iteration
x-value
    0.0061
    0.0078
    0.0130
    0.0157
    0.0105
    0.0055
    0.0007
    0.0020
         0
    0.0000
    0.0000
    0.0020
         0
    0.0000
         0
         0
    0.0000
         0
    0.0000
    0.0000
    0.0023
    0.0000
    0.0000
         0
    0.0000
    0.0000
    0.0001
         0
         0
         0
         0
    0.0000
         0
         0
    0.0014
         0
    0.1000

  -1.0000e+09

    4.8877

End of this iteration
x-value
    0.0311
    0.0455
    0.0730
    0.0959
    0.0708
    0.1179
    0.0019
    0.0053
    0.0000
    0.0000
         0
    0.0000
         0
    0.0000
         0
         0
    0.0000
         0
    0.0000
         0
    0.0040
    0.0026
    0.0000
         0
    0.0000
    0.0021
         0
         0
    0.0020
    0.0000
    0.0007
    0.0001
         0
         0
    0.0000
    0.0007
    0.1000

  -1.0000e+09

    4.8360

End of this iteration
x-value
    0.0311
    0.0455
    0.0730
    0.0959
    0.0708
    0.1179
    0.0019
    0.0053
    0.0000
         0
    0.0000
         0
    0.0000
         0
    0.0000
         0
         0
         0
         0
         0
    0.0040
    0.0026
         0
    0.0000
         0
    0.0021
    0.0000
         0
    0.0020
         0
    0.0007
    0.0001
    0.0000
         0
    0.0000
    0.0007
    0.1000

  -1.0000e+09

    4.8360

End of this iteration
x-value
    0.0305
    0.0456
    0.0733
    0.0960
    0.0710
    0.1179
    0.0033
    0.0053
    0.0000
         0
    0.0000
         0
    0.0000
         0
         0
         0
    0.0000
         0
    0.0000
    0.0000
    0.0040
    0.0026
         0
         0
    0.0000
    0.0023
         0
         0
    0.0020
         0
    0.0007
         0
         0
         0
         0
    0.0007
    0.1000

  -1.0000e+09

    4.8359

End of this iteration
x-value
    0.0305
    0.0456
    0.0733
    0.0960
    0.0710
    0.1179
    0.0033
    0.0053
    0.0000
    0.0000
    0.0000
    0.0000
    0.0000
         0
    0.0000
         0
         0
         0
         0
         0
    0.0040
    0.0026
         0
    0.0000
         0
    0.0023
    0.0000
    0.0000
    0.0020
         0
    0.0007
         0
         0
         0
         0
    0.0007
    0.1000

  -1.0000e+09

    4.8359

End of this iteration
x-value
    0.0311
    0.0455
    0.0730
    0.0959
    0.0708
    0.1179
    0.0019
    0.0053
    0.0000
    0.0000
    0.0000
         0
    0.0000
         0
         0
         0
         0
    0.0000
    0.0000
         0
    0.0040
    0.0026
         0
    0.0000
    0.0000
    0.0021
    0.0000
         0
    0.0020
    0.0000
    0.0007
    0.0001
         0
         0
         0
    0.0007
    0.1000

  -1.0000e+09

    4.8360

End of this iteration
x-value
    0.0311
    0.0455
    0.0730
    0.0959
    0.0708
    0.1179
    0.0019
    0.0053
         0
    0.0000
         0
    0.0000
         0
         0
    0.0000
         0
    0.0000
    0.0000
    0.0000
         0
    0.0040
    0.0026
    0.0000
         0
    0.0000
    0.0021
         0
         0
    0.0020
    0.0000
    0.0007
    0.0001
         0
         0
         0
    0.0007
    0.1000

  -1.0000e+09

    4.8360

End of this iteration
x-value
    0.6465
    0.9425
    1.5158
    1.9780
    1.7052
    3.8053
         0
    0.0978
         0
    0.0000
    0.0000
    0.0000
    0.0311
    0.0000
    0.0457
    0.0364
         0
         0
    0.0088
    0.0117
    0.0044
         0
    0.0000
    0.0000
    0.0000
    0.0023
    0.0000
    0.0000
    0.0039
    0.0016
    0.0000
         0
    0.0028
    0.0032
         0
         0
    0.1000

  -1.0000e+09

   38.2131

End of this iteration
x-value
    0.6465
    0.9425
    1.5158
    1.9780
    1.7052
    3.8053
         0
    0.0978
    0.0000
         0
    0.0000
         0
    0.0311
    0.0000
    0.0457
    0.0364
    0.0000
         0
    0.0088
    0.0117
    0.0044
         0
    0.0000
    0.0000
         0
    0.0023
         0
         0
    0.0039
    0.0016
    0.0000
    0.0000
    0.0028
    0.0032
         0
         0
    0.1000

  -1.0000e+09

   38.2131

End of this iteration
x-value
    0.0311
    0.0455
    0.0730
    0.0959
    0.0708
    0.1179
    0.0019
    0.0053
    0.0000
         0
         0
    0.0000
    0.0000
    0.0000
         0
    0.0000
    0.0000
    0.0000
         0
    0.0000
    0.0040
    0.0026
         0
         0
         0
    0.0021
         0
         0
    0.0020
         0
    0.0007
    0.0001
         0
         0
         0
    0.0007
    0.1000

  -1.0000e+09

    4.8360

End of this iteration
x-value
    0.0311
    0.0455
    0.0730
    0.0959
    0.0708
    0.1179
    0.0019
    0.0053
    0.0000
    0.0000
         0
         0
    0.0000
         0
    0.0000
         0
    0.0000
    0.0000
         0
    0.0000
    0.0040
    0.0026
    0.0000
         0
         0
    0.0021
         0
    0.0000
    0.0020
         0
    0.0007
    0.0001
         0
         0
         0
    0.0007
    0.1000

  -1.0000e+09

    4.8360

End of this iteration
x-value
    0.1819
    0.2755
    0.4302
    0.6121
    0.3190
    0.6183
    0.0088
    0.0267
         0
    0.0000
         0
         0
    0.0004
         0
    0.0102
    0.0000
    0.0000
         0
    0.0158
         0
    0.0000
         0
    0.0000
         0
         0
         0
    0.0000
    0.0013
         0
         0
    0.0000
    0.0000
    0.0056
    0.0030
    0.0038
    0.0034
    0.1000

  -1.0000e+09

   10.2669

End of this iteration
x-value
    0.0311
    0.0455
    0.0730
    0.0959
    0.0708
    0.1179
    0.0019
    0.0053
         0
         0
    0.0000
         0
         0
    0.0000
    0.0000
         0
         0
    0.0000
         0
         0
    0.0040
    0.0026
         0
         0
    0.0000
    0.0021
    0.0000
         0
    0.0020
         0
    0.0007
    0.0001
         0
         0
         0
    0.0007
    0.1000

  -1.0000e+09

    4.8360

End of this iteration
x-value
    0.0311
    0.0455
    0.0730
    0.0959
    0.0708
    0.1179
    0.0019
    0.0053
    0.0000
    0.0000
         0
    0.0000
         0
         0
    0.0000
         0
    0.0000
         0
         0
    0.0000
    0.0040
    0.0026
    0.0000
    0.0000
    0.0000
    0.0021
         0
         0
    0.0020
         0
    0.0007
    0.0001
    0.0000
         0
    0.0000
    0.0007
    0.1000

  -1.0000e+09

    4.8360

End of this iteration
x-value
    0.0311
    0.0455
    0.0730
    0.0959
    0.0708
    0.1179
    0.0019
    0.0053
         0
    0.0000
         0
    0.0000
         0
         0
    0.0000
         0
         0
         0
         0
         0
    0.0040
    0.0026
         0
    0.0000
    0.0000
    0.0021
         0
         0
    0.0020
    0.0000
    0.0007
    0.0001
         0
         0
         0
    0.0007
    0.1000

  -1.0000e+09

    4.8360

End of this iteration
x-value
    0.0203
    0.0288
    0.0469
    0.0606
    0.0455
    0.0741
    0.0012
    0.0043
    0.0000
    0.0000
    0.0000
    0.0000
    0.0000
    0.0000
         0
    0.0016
    0.0000
         0
         0
         0
    0.0039
         0
         0
         0
    0.0022
    0.0020
    0.0000
         0
    0.0000
         0
    0.0000
    0.0000
    0.0015
         0
    0.0022
         0
    0.1000

  -1.0000e+09

    4.8586

End of this iteration
x-value
    0.0311
    0.0455
    0.0730
    0.0959
    0.0708
    0.1179
    0.0019
    0.0053
    0.0000
         0
         0
         0
    0.0000
         0
    0.0000
         0
         0
         0
    0.0000
         0
    0.0040
    0.0026
    0.0000
    0.0000
    0.0000
    0.0021
    0.0000
         0
    0.0020
    0.0000
    0.0007
    0.0001
    0.0000
         0
         0
    0.0007
    0.1000

  -1.0000e+09

    4.8360

End of this iteration
x-value
    0.0311
    0.0455
    0.0730
    0.0959
    0.0708
    0.1179
    0.0019
    0.0053
         0
         0
         0
         0
         0
         0
         0
         0
    0.0000
    0.0000
         0
    0.0000
    0.0040
    0.0026
    0.0000
    0.0000
         0
    0.0021
    0.0000
    0.0000
    0.0020
         0
    0.0007
    0.0001
         0
         0
    0.0000
    0.0007
    0.1000

  -1.0000e+09

    4.8360

End of this iteration
x-value
    0.0318
    0.0445
    0.0722
    0.0956
    0.0706
    0.1181
         0
    0.0066
    0.0000
    0.0000
         0
         0
    0.0000
    0.0000
    0.0000
         0
    0.0000
    0.0000
         0
    0.0000
    0.0040
    0.0026
    0.0000
    0.0000
    0.0002
    0.0022
    0.0000
         0
    0.0020
         0
    0.0005
    0.0000
         0
         0
    0.0000
    0.0007
    0.1000

  -1.0000e+09

    4.8366

End of this iteration
x-value
    0.0318
    0.0445
    0.0722
    0.0956
    0.0706
    0.1181
         0
    0.0065
    0.0000
    0.0000
    0.0000
         0
    0.0000
    0.0000
         0
         0
         0
    0.0000
         0
         0
    0.0037
    0.0025
         0
    0.0000
         0
    0.0018
         0
    0.0000
    0.0019
         0
    0.0012
         0
         0
         0
         0
    0.0007
    0.1000

  -1.0000e+09

    4.8366

End of this iteration
x-value
    0.0311
    0.0455
    0.0729
    0.0959
    0.0708
    0.1179
    0.0019
    0.0053
    0.0000
    0.0000
         0
    0.0000
    0.0000
         0
         0
         0
    0.0000
         0
    0.0000
         0
    0.0042
    0.0027
    0.0000
         0
    0.0009
    0.0023
    0.0000
    0.0000
    0.0020
         0
         0
    0.0000
         0
         0
         0
    0.0007
    0.1000

  -1.0000e+09

    4.8360

End of this iteration
x-value
    0.0311
    0.0454
    0.0729
    0.0958
    0.0708
    0.1179
    0.0019
    0.0054
    0.0000
         0
         0
         0
         0
    0.0000
         0
    0.0002
    0.0000
         0
    0.0000
         0
    0.0047
    0.0029
    0.0000
    0.0000
    0.0014
    0.0034
         0
         0
    0.0027
         0
         0
    0.0000
    0.0016
    0.0007
         0
    0.0006
    0.1000

  -1.0000e+09

    4.8361

End of this iteration
x-value
    0.0000
    2.5696
    3.8297
    0.4831
    1.5161
    0.4597
         0
         0
    0.0000
    0.1048
    0.0000
    0.0000
    0.2775
    0.0000
         0
    0.0171
    0.0000
         0
         0
    0.0000
    0.0000
         0
    0.0061
    0.0071
         0
         0
    0.0058
         0
    0.0000
         0
         0
         0
    0.0000
    0.0024
    0.0016
         0
    0.1000

  -1.0000e+09

   13.8629

End of this iteration
x-value
    0.0000
    2.6106
    3.8596
    0.6531
    1.5159
    0.4197
    0.0000
    0.0000
         0
         0
    0.0000
         0
    0.2775
    0.0000
    0.0000
    0.0343
         0
         0
         0
    0.0000
    0.0000
         0
    0.0068
    0.0078
    0.0000
         0
    0.0060
    0.0000
         0
    0.0000
         0
         0
         0
    0.0024
    0.0016
         0
    0.1000

  -1.0000e+09

   15.2178

End of this iteration
x-value
         0
    2.5764
    3.7900
    0.7088
    1.4005
         0
         0
    0.0000
    0.0000
         0
    0.0000
    0.0000
    0.2727
         0
    0.0000
    0.0268
    0.0063
    0.0000
    0.0000
         0
         0
    0.0000
    0.0050
    0.0074
    0.0000
    0.0000
    0.0059
         0
         0
         0
         0
         0
         0
    0.0024
    0.0019
         0
    0.1000

  -1.0000e+09

   14.9832

End of this iteration
x-value
         0
    2.5696
    3.8297
    0.4831
    1.5161
    0.4597
    0.0000
    0.0000
    0.0000
    0.1048
         0
    0.0000
    0.2775
    0.0000
    0.0000
    0.0171
         0
         0
    0.0000
         0
         0
    0.0000
    0.0061
    0.0071
    0.0000
    0.0000
    0.0058
         0
         0
         0
         0
    0.0000
    0.0000
    0.0024
    0.0016
    0.0000
    0.1000

  -1.0000e+09

   13.8629

End of this iteration
x-value
    0.1385
    0.2093
    0.3271
    0.4648
    0.2430
    0.4695
    0.0069
    0.0207
    0.0000
         0
    0.0000
         0
    0.0000
    0.0000
    0.0082
         0
    0.0000
         0
    0.0135
    0.0000
    0.0000
         0
    0.0000
         0
    0.0002
    0.0000
         0
         0
         0
         0
    0.0000
    0.0000
    0.0049
    0.0034
    0.0031
    0.0029
    0.1000

  -1.0000e+09

    7.7431

End of this iteration
x-value
    0.0311
    0.0455
    0.0730
    0.0959
    0.0708
    0.1179
    0.0019
    0.0053
         0
    0.0000
    0.0000
    0.0000
    0.0000
         0
    0.0000
         0
    0.0000
    0.0000
    0.0000
    0.0000
    0.0040
    0.0026
         0
    0.0000
         0
    0.0021
    0.0000
    0.0000
    0.0020
         0
    0.0007
    0.0001
         0
         0
         0
    0.0007
    0.1000

  -1.0000e+09

    4.8360

End of this iteration
x-value
    0.0670
    0.0470
    0.1076
    0.1065
    0.0830
    0.1108
    0.0000
    0.0089
         0
         0
         0
    0.0000
    0.0000
         0
    0.0020
    0.0016
    0.0000
    0.0000
    0.0000
    0.0000
    0.0000
    0.0011
    0.0000
    0.0000
    0.0000
         0
         0
         0
    0.0016
         0
    0.0020
    0.0018
    0.0023
         0
    0.0000
    0.0012
    0.1000

  -1.0000e+09

    4.7967

End of this iteration
x-value
    0.0003
    0.0289
    0.0288
    0.0551
    0.0393
    0.0777
    0.0042
    0.0012
    0.0000
         0
    0.0000
    0.0000
         0
    0.0000
         0
         0
         0
    0.0000
         0
         0
    0.0028
    0.0018
    0.0000
         0
         0
         0
    0.0000
         0
    0.0018
         0
    0.0012
    0.0013
         0
    0.0000
         0
    0.0005
    0.1000

  -1.0000e+09

    4.8793

End of this iteration
x-value
    0.0311
    0.0455
    0.0730
    0.0959
    0.0708
    0.1179
    0.0019
    0.0053
    0.0000
         0
    0.0000
    0.0000
         0
    0.0000
    0.0000
         0
    0.0000
    0.0000
    0.0000
         0
    0.0040
    0.0026
         0
         0
    0.0000
    0.0021
    0.0000
         0
    0.0020
         0
    0.0007
    0.0001
         0
         0
    0.0000
    0.0007
    0.1000

  -1.0000e+09

    4.8360

End of this iteration
x-value
    0.0616
    0.0378
    0.0943
    0.0855
    0.0758
    0.1160
    0.0000
    0.0083
         0
         0
    0.0000
         0
         0
         0
    0.0021
    0.0027
         0
         0
         0
    0.0000
    0.0000
         0
    0.0000
    0.0000
    0.0000
         0
         0
         0
    0.0014
         0
         0
         0
         0
    0.0017
    0.0000
    0.0023
    0.1000

  -1.0000e+09

    4.8083

End of this iteration
x-value
    0.1952
    0.2956
    0.4614
    0.6567
    0.3420
    0.6634
    0.0091
    0.0285
    0.0000
         0
         0
         0
    0.0009
    0.0000
    0.0108
    0.0000
    0.0000
    0.0000
    0.0158
    0.0000
    0.0000
         0
         0
         0
         0
         0
         0
    0.0014
    0.0000
    0.0000
         0
    0.0000
    0.0056
    0.0030
    0.0038
    0.0035
    0.1000

  -1.0000e+09

   11.0318

End of this iteration
x-value
    0.0697
    0.0254
    0.1654
    0.1722
    0.0534
    0.1015
    0.0000
    0.0275
         0
    0.0000
    0.0167
         0
         0
         0
    0.0027
    0.0000
    0.0000
         0
    0.0110
    0.0000
    0.0000
    0.0002
    0.0006
    0.0000
    0.0005
         0
         0
    0.0021
    0.0012
         0
         0
         0
    0.0043
         0
    0.0011
    0.0029
    0.1000

  -1.0000e+09

    5.3324

End of this iteration
Current Step Size: 0.1500, Reduced Step Size Iteration Count: 14
Best Value So Far: 1000000000.0000, Old Benchmark : Inf, Current Objective : 1000000000.0000, Iterations Since Best: 0
     2

x-value
    0.0311
    0.0455
    0.0730
    0.0959
    0.0708
    0.1179
    0.0019
    0.0053
         0
    0.0000
    0.0000
    0.0000
         0
    0.0000
         0
         0
         0
         0
         0
         0
    0.0040
    0.0026
    0.0000
         0
         0
    0.0021
    0.0000
         0
    0.0020
    0.0000
    0.0007
    0.0001
         0
         0
         0
    0.0007
    0.1000

  -1.0000e+09

    4.8360

End of this iteration
{Operation terminated by user during parallel.internal.parfor.ParforEngine/getCompleteIntervals


In parallel_function>distributed_execution (line 746)
        [tags, out] = P.getCompleteIntervals(chunkSize);

In parallel_function (line 578)
    R = distributed_execution(...

In ws3 (line 83)
    parfor i = 1:numVars

In out_max2>@(x,y)ws3(x,y,k,h,p,f,q,false) (line 34)
options6 = optimoptions('simulannealbnd','PlotFcns',{@saplotbestf,@saplottemperature,@saplotf,@saplotstopping},'AnnealingFcn', {@(x,y)ws3(x,y,k,h,p,f,q,false)},'InitialTemperature',initialTemp,'MaxIterations', 10);

In globaloptim.simulannealbnd.sanewpoint (line 17)
     newx(:) = options.AnnealingFcn(optimvalues,problem);

In globaloptim.simulannealbnd.saengine (line 29)
    solverData = globaloptim.simulannealbnd.sanewpoint(solverData,problem,options);

In globaloptim.simulannealbnd.driver (line 28)
solverData = globaloptim.simulannealbnd.saengine(solverData,problem,options);

In simulannealbnd (line 197)
    globaloptim.simulannealbnd.driver(FUN, x0, [], [], [], [], lb, ub, options, defaultopt);

In out_max2/globopt2 (line 82)
        [opt,fval,~,out] = simulannealbnd(opt_fxn, initialGuess, lb, ub,options);

In out_max2 (line 39)
[opt, fval] = globopt2(newey,options6,n,f_name,opt_fxn);

In CSIP_Solver_PDE/solve (line 71)
            [opt,fval] = out_max2(@(u) -1*obj.inner_minimization(u),f_name,obj.domain_dim,obj.constraint_dim,h,k,obj.constraint_bounds);

In solverPDE (line 88)
x_opt = obj.solve(h1,k1);
} 
solverPDE
Enter the number of dimensions (for x): 562
Do you want to enter separate bounds for each dimension? (Y/N): N
Enter lower bound : 0
Enter higher bound : 100
Enter the number of dimensions (for u): 2
Do you want to enter separate bounds for each dimension? (Y/N): N
Enter lower bound : 0
Enter higher bound : 1
